DILT_0000000901-mRNA-1	1.35E-10	62.8
DILT_0000016501-mRNA-1	5.43E-87	274
DILT_0000021301-mRNA-1	2.63E-27	114
DILT_0000085401-mRNA-1	2.32E-46	155
DILT_0000178401-mRNA-1	2.18E-05	45.4
DILT_0000263701-mRNA-1	7.40E-04	47
DILT_0000264101-mRNA-1	1.51E-43	159
DILT_0000290101-mRNA-1	1.21E-50	193
DILT_0000300301-mRNA-1	2.24E-43	151
DILT_0000305301-mRNA-1	3.21E-84	275
DILT_0000349001-mRNA-1	1.60E-42	160
DILT_0000359301-mRNA-1	1.45E-06	55.5
DILT_0000369001-mRNA-1	6.97E-20	99.4
DILT_0000402501-mRNA-1	3.27E-65	225
DILT_0000406101-mRNA-1	6.95E-11	67.8
DILT_0000526201-mRNA-1	8.91E-61	204
DILT_0000530801-mRNA-1	2.97E-71	238
DILT_0000578601-mRNA-1	1.56E-14	82
DILT_0000600401-mRNA-1	2.23E-34	127
DILT_0000605301-mRNA-1	1.75E-126	391
DILT_0000615301-mRNA-1	5.76E-45	154
DILT_0000618401-mRNA-1	1.68E-12	75.5
DILT_0000656501-mRNA-1	1.60E-60	207
DILT_0000679401-mRNA-1	2.71E-78	252
DILT_0000749701-mRNA-1	7.05E-06	47.4
DILT_0000785301-mRNA-1	2.72E-62	197
DILT_0000817101-mRNA-1	7.56E-43	144
DILT_0000849701-mRNA-1	4.85E-15	80.1
DILT_0000946901-mRNA-1	1.31E-145	445
DILT_0000961901-mRNA-1	5.48E-80	248
DILT_0000964301-mRNA-1	5.27E-57	187
DILT_0000974101-mRNA-1	2.39E-68	228
DILT_0001092601-mRNA-1	4.09E-27	108
DILT_0001204301-mRNA-1	9.02E-69	234
DILT_0001222201-mRNA-1	1.05E-29	111
DILT_0001467401-mRNA-1	3.15E-39	144
DILT_0001644601-mRNA-1	1.17E-29	108
DILT_0001687701-mRNA-1	3.17E-07	55.5
DILT_0001701301-mRNA-1	9.18E-22	85.1
DILT_0001711801-mRNA-1	4.60E-38	135
DILT_0001875401-mRNA-1	4.59E-75	255
DILT_0001892801-mRNA-1	1.89E-07	50.1
DILT_0001919401-mRNA-1	3.05E-06	46.6
DILT_0001975801-mRNA-1	6.45E-06	45.8
maker-E.canG7_contigs_6517-pred_gff_augustus_masked-gene-0.6-mRNA-1	1.70E-59	216
maker-E.canG7_contigs_7107-pred_gff_cdna2genome-gene-0.94-mRNA-1	2.01E-07	60.5
maker-E.canG7_contigs_0234-pred_gff_blastx-gene-0.99-mRNA-1	1.31E-17	91.3
maker-E.canG7_contigs_3364-snap-gene-1.48-mRNA-1	7.64E-77	261
maker-E.canG7_contigs_4941-pred_gff_blastx-gene-0.403-mRNA-1	2.53E-13	77.8
maker-E.canG7_contigs_9000-pred_gff_blastx-gene-0.325-mRNA-1	2.40E-77	252
maker-E.canG7_contigs_4744-pred_gff_augustus_masked-gene-2.213-mRNA-1	1.22E-161	491
maker-E.canG7_contigs_6231-snap-gene-0.60-mRNA-1	2.47E-110	342
maker-E.canG7_contigs_6225-pred_gff_blastx-gene-0.196-mRNA-1	2.74E-69	236
maker-E.canG7_contigs_6225-pred_gff_snap_masked-gene-0.27-mRNA-1	3.80E-43	177
maker-E.canG7_contigs_6871-pred_gff_blastx-gene-0.205-mRNA-1	2.61E-71	251
maker-E.canG7_contigs_2425-pred_gff_blastx-gene-0.200-mRNA-1	2.40E-68	230
maker-E.canG7_contigs_6758-pred_gff_cdna2genome-gene-0.134-mRNA-1	5.01E-122	377
maker-E.canG7_contigs_1140-augustus-gene-0.15-mRNA-1	6.20E-106	331
maker-E.canG7_contigs_8560-pred_gff_cdna2genome-gene-0.126-mRNA-1	1.49E-92	303
maker-E.canG7_contigs_1238-pred_gff_blastx-gene-0.188-mRNA-1	6.80E-18	92.4
maker-E.canG7_contigs_2844-pred_gff_cdna2genome-gene-0.79-mRNA-1	4.14E-19	92.4
maker-E.canG7_contigs_5702-snap-gene-0.34-mRNA-1	4.29E-15	83.6
maker-E.canG7_contigs_7794-pred_gff_cdna2genome-gene-0.89-mRNA-1	1.08E-21	106
maker-E.canG7_contigs_3399-snap-gene-0.18-mRNA-1	1.81E-75	258
maker-E.canG7_contigs_6077-pred_gff_augustus_masked-gene-0.10-mRNA-1	5.66E-206	633
maker-E.canG7_contigs_9257-pred_gff_augustus_masked-gene-0.8-mRNA-1	5.45E-285	857
maker-E.canG7_contigs_5538-pred_gff_cdna2genome-gene-0.64-mRNA-1	7.28E-39	160
maker-E.canG7_contigs_8204-augustus-gene-0.7-mRNA-1	5.33E-20	101
maker-E.canG7_contigs_5159-pred_gff_cdna2genome-gene-0.29-mRNA-1	3.55E-101	313
maker-E.canG7_contigs_5159-pred_gff_tblastx-gene-0.19-mRNA-1	6.10E-60	206
maker-E.canG7_contigs_5377-pred_gff_blastx-gene-0.33-mRNA-1	2.09E-70	240
maker-E.canG7_contigs_0886-pred_gff_blastx-gene-0.32-mRNA-1	6.08E-68	236
maker-E.canG7_contigs_8694-pred_gff_snap_masked-gene-0.1-mRNA-1	6.80E-05	48.1
maker-E.canG7_contigs_4428-pred_gff_cdna2genome-gene-0.4-mRNA-1	1.72E-59	200
maker-E.canG7_contigs_9167-snap-gene-0.2-mRNA-1	9.00E-05	45.1
maker-E.canG7_contigs_4223-pred_gff_protein2genome-gene-0.8-mRNA-1	1.52E-05	51.6
EgrG_001156400	1.51E-68	235
EgrG_000975800	1.02E-08	64.7
EgrG_001066000	6.81E-20	100
EgrG_000671000	1.85E-130	420
EgrG_001040300	2.92E-111	343
EgrG_001119800	2.33E-68	231
EgrG_000984000	8.08E-130	392
EgrG_001096400	9.67E-62	208
EgrG_000916400	4.33E-104	323
EgrG_000984100	2.48E-134	400
EgrG_000506500	1.42E-75	252
EgrG_000719050	3.12E-115	358
EgrG_000763100	3.42E-19	95.9
EgrG_000670700	1.90E-68	233
EgrG_000645700	5.12E-149	442
EgrG_000591600	2.68E-85	272
EgrG_000738300	8.19E-14	79.3
EgrG_000668200	1.44E-68	238
EgrG_001048250.1	7.36E-96	309
EgrG_000043900	8.18E-38	136
EgrG_000063700	1.18E-09	67
EgrG_000485400	7.55E-04	47.4
EgrG_000869200	6.63E-07	51.6
EgrG_000462600	7.08E-92	297
EgrG_000993200	1.53E-91	300
EgrG_000739300	1.39E-07	62
EgrG_000506600	5.45E-65	223
EgrG_000869300	2.52E-86	274
EgrG_000849400	4.82E-18	94.7
EgrG_000526700	6.80E-18	92.4
EmuJ_000043900.1	7.95E-38	136
EmuJ_000044000.1	1.21E-94	295
EmuJ_000063700.1	3.59E-09	65.5
EmuJ_000093100.1	4.01E-15	83.2
EmuJ_000251500.1	7.06E-05	47.8
EmuJ_000462600.1	6.36E-90	289
EmuJ_000506500.1	2.80E-75	251
EmuJ_000506600.1	1.17E-62	216
EmuJ_000526700.1	2.91E-18	93.6
EmuJ_000591600.1	4.50E-95	303
EmuJ_000645700.1	3.74E-146	435
EmuJ_000668200.1	1.41E-68	238
EmuJ_000670700.1	9.27E-70	237
EmuJ_000719050.1	4.86E-114	355
EmuJ_000738300.1	3.93E-14	80.5
EmuJ_000739300.1	6.70E-09	66.2
EmuJ_000763100.1	8.14E-19	94.7
EmuJ_000849400.1	1.33E-22	108
EmuJ_000869200.1	6.63E-07	51.6
EmuJ_000869300.1	1.98E-85	271
EmuJ_000916400.1	6.00E-101	315
EmuJ_000975800.1	2.67E-07	60.1
EmuJ_000984000.1	8.63E-130	392
EmuJ_000984100.1	5.64E-133	397
EmuJ_000993200.1	2.05E-92	303
EmuJ_001040300.1	9.79E-115	352
EmuJ_001048230.1	8.55E-86	274
EmuJ_001066000.1	1.43E-21	105
EmuJ_001096400.1	9.73E-61	205
EmuJ_001119800.1	2.25E-68	232
EmuJ_001156400.1	1.08E-68	235
Eoli_000044000.t1	3.61E-67	224
Eoli_000093100.t1	8.39E-14	78.6
Eoli_000165100.t1	1.22E-42	155
Eoli_000462600.t1	1.88E-34	130
Eoli_000506500.t1	3.78E-63	218
Eoli_000618700.t1	2.88E-29	119
Eoli_000645700.t1	7.56E-40	135
Eoli_000668200.t1	1.01E-41	155
Eoli_000670700.t1	5.31E-48	173
Eoli_000719050.t1	4.59E-100	319
Eoli_000849400.t1	1.74E-10	65.5
Eoli_000984000.t1	1.59E-23	91.7
Eoli_001096400.t1	1.12E-61	207
Eoli_001119800.t1	2.19E-69	228
TTAC_0000099701-mRNA-1	1.07E-95	299
TTAC_0000113001-mRNA-1	1.77E-11	68.9
TTAC_0000144901-mRNA-1	3.64E-48	172
TTAC_0000160401-mRNA-1	1.10E-73	241
TTAC_0000197301-mRNA-1	7.59E-66	228
TTAC_0000214501-mRNA-1	4.18E-17	90.1
TTAC_0000220701-mRNA-1	3.08E-06	53.9
TTAC_0000257201-mRNA-1	3.19E-89	273
TTAC_0000300901-mRNA-1	1.29E-76	240
TTAC_0000337901-mRNA-1	1.63E-04	45.4
TTAC_0000347201-mRNA-1	4.47E-92	290
TTAC_0000369801-mRNA-1	1.06E-12	65.1
TTAC_0000392901-mRNA-1	2.54E-62	216
TTAC_0000443901-mRNA-1	2.03E-98	304
TTAC_0000448201-mRNA-1	6.10E-08	59.3
TTAC_0000500601-mRNA-1	1.02E-28	115
TTAC_0000554801-mRNA-1	4.02E-11	63.2
TTAC_0000602801-mRNA-1	7.50E-65	202
TTAC_0000611701-mRNA-1	2.77E-109	345
TTAC_0000684101-mRNA-1	3.31E-93	306
TTAC_0000685901-mRNA-1	6.01E-07	51.6
TTAC_0000705801-mRNA-1	3.75E-09	60.5
TTAC_0000706101-mRNA-1	1.80E-19	100
TTAC_0000722201-mRNA-1	1.67E-68	234
TTAC_0000722501-mRNA-1	4.35E-112	375
TTAC_0000733301-mRNA-1	6.16E-88	286
TTAC_0000769201-mRNA-1	3.34E-08	62
TTAC_0000802801-mRNA-1	5.57E-52	192
TTAC_0000833901-mRNA-1	9.97E-69	233
TTAC_0000835801-mRNA-1	2.09E-68	238
TTAC_0000837801-mRNA-1	5.43E-18	92
TTAC_0000874901-mRNA-1	2.07E-08	64.7
TTAC_0000922801-mRNA-1	1.16E-91	298
TTAC_0000943601-mRNA-1	1.39E-05	50.8
TTAC_0001062901-mRNA-1	5.17E-76	253
TTAC_0001123201-mRNA-1	1.90E-08	58.2
TTAC_0001141301-mRNA-1	6.72E-36	135
TTAC_0001158101-mRNA-1	7.55E-25	97.8
HDID_0000039701-mRNA-1	1.63E-09	65.1
HDID_0000041101-mRNA-1	1.79E-05	53.5
HDID_0000068801-mRNA-1	6.77E-70	247
HDID_0000131801-mRNA-1	4.22E-04	45.8
HDID_0000154601-mRNA-1	9.02E-07	54.7
HDID_0000211201-mRNA-1	3.65E-08	54.3
HDID_0000233301-mRNA-1	9.88E-79	251
HDID_0000281901-mRNA-1	2.66E-08	62
HDID_0000317501-mRNA-1	4.69E-78	254
HDID_0000393001-mRNA-1	3.74E-08	58.2
HDID_0000423001-mRNA-1	1.24E-18	94.4
HDID_0000432701-mRNA-1	1.40E-102	327
HDID_0000450901-mRNA-1	3.68E-09	59.7
HDID_0000455201-mRNA-1	5.70E-25	110
HDID_0000470601-mRNA-1	1.12E-16	88.6
HDID_0000475501-mRNA-1	2.10E-05	47
HDID_0000516501-mRNA-1	3.38E-70	238
HDID_0000539801-mRNA-1	5.57E-55	189
HDID_0000626901-mRNA-1	9.63E-55	192
HDID_0000706101-mRNA-1	6.49E-95	303
HDID_0000719201-mRNA-1	1.77E-68	215
HDID_0000719401-mRNA-1	2.91E-67	221
HDID_0000724701-mRNA-1	2.13E-67	234
HDID_0000761301-mRNA-1	1.32E-121	370
HDID_0000777301-mRNA-1	8.54E-73	243
HDID_0000778201-mRNA-1	1.10E-24	117
HDID_0000816401-mRNA-1	9.51E-71	244
HDID_0000878501-mRNA-1	1.21E-13	80.9
HDID_0000883701-mRNA-1	8.96E-16	85.5
HDID_0000899401-mRNA-1	5.14E-20	99
HDID_0000909201-mRNA-1	1.46E-18	91.3
HDID_0000951001-mRNA-1	2.55E-210	619
HDID_0000957301-mRNA-1	9.09E-16	85.5
HDID_0000966101-mRNA-1	1.12E-59	194
HDID_0000992701-mRNA-1	2.37E-04	47.8
HDID_0001026701-mRNA-1	1.03E-62	213
HDID_0001081201-mRNA-1	2.21E-95	298
HDID_0001108601-mRNA-1	4.32E-25	97.8
HmN_000231800	2.97E-16	87
HmN_000380500.1	2.11E-158	468
HmN_000241200	3.13E-96	306
HmN_003037070.2	1.96E-09	67
HmN_000122500	9.62E-204	610
HmN_000055300	8.99E-17	88.6
HmN_000622800	6.15E-08	60.8
HmN_000453700	5.98E-15	83.2
HmN_000841800	1.10E-18	96.7
HmN_000776500.2	3.57E-70	248
HmN_003033740.2	4.87E-22	107
HmN_000008300	1.77E-08	63.5
HmN_000286800	3.53E-71	240
HmN_000451500	7.73E-68	235
HmN_002167300	1.51E-07	60.1
HmN_003037610	4.20E-116	356
HmN_003033750	2.45E-25	117
HmN_000393300.2	6.04E-91	295
HmN_003037080	2.71E-12	76.3
HmN_000344500	2.45E-124	377
HmN_002117600	3.38E-94	309
HmN_000486200	6.69E-95	313
HmN_000410700	4.77E-100	323
HmN_000924100	1.74E-15	84.7
HmN_000527900	1.24E-56	199
HmN_000318600	5.14E-71	245
HmN_000439000	2.76E-77	252
HmN_000250400	1.91E-68	233
HmN_000458300	2.45E-20	99.8
HmN_000809200.1	1.30E-19	97.8
HNAJ_0000000001-mRNA-1	4.10E-42	159
HNAJ_0000033201-mRNA-1	2.66E-08	62
HNAJ_0000093501-mRNA-1	4.23E-17	89.7
HNAJ_0000142101-mRNA-1	6.77E-76	250
HNAJ_0000155201-mRNA-1	6.87E-66	228
HNAJ_0000183501-mRNA-1	2.50E-87	275
HNAJ_0000213601-mRNA-1	1.37E-70	249
HNAJ_0000262601-mRNA-1	1.92E-14	81.6
HNAJ_0000311501-mRNA-1	4.45E-45	152
HNAJ_0000317801-mRNA-1	5.71E-61	212
HNAJ_0000337101-mRNA-1	2.43E-78	265
HNAJ_0000347901-mRNA-1	1.33E-04	48.1
HNAJ_0000370801-mRNA-1	7.19E-90	280
HNAJ_0000370901-mRNA-1	3.78E-30	121
HNAJ_0000396201-mRNA-1	1.09E-09	61.2
HNAJ_0000422501-mRNA-1	3.33E-72	243
HNAJ_0000439901-mRNA-1	4.90E-24	100
HNAJ_0000496401-mRNA-1	3.13E-15	84
HNAJ_0000530601-mRNA-1	1.05E-29	116
HNAJ_0000551001-mRNA-1	5.16E-33	123
HNAJ_0000571101-mRNA-1	3.61E-29	110
HNAJ_0000578001-mRNA-1	2.78E-68	226
HNAJ_0000686901-mRNA-1	2.49E-80	271
HNAJ_0000742601-mRNA-1	1.21E-11	72.8
HNAJ_0000753101-mRNA-1	9.99E-69	240
HNAJ_0000807301-mRNA-1	3.83E-17	89.7
HNAJ_0000847701-mRNA-1	1.67E-04	47.4
HNAJ_0000924401-mRNA-1	8.53E-07	56.6
HNAJ_0000926601-mRNA-1	1.92E-119	362
HNAJ_0000929701-mRNA-1	2.63E-82	260
HNAJ_0000936301-mRNA-1	4.73E-70	237
HNAJ_0000946001-mRNA-1	1.28E-214	644
HNAJ_0000958001-mRNA-1	1.72E-66	219
HNAJ_0000993201-mRNA-1	1.92E-19	99
HNAJ_0001047201-mRNA-1	2.78E-42	152
HNAJ_0001073201-mRNA-1	2.91E-55	176
HNAJ_0001110001-mRNA-1	9.51E-07	56.6
HNAJ_0001212001-mRNA-1	5.90E-26	100
HNAJ_0001291401-mRNA-1	9.27E-06	49.3
HNAJ_0001298101-mRNA-1	7.89E-11	60.8
HNAJ_0001310401-mRNA-1	1.16E-74	236
HNAJ_0001341601-mRNA-1	4.03E-17	87.8
HNAJ_0001361301-mRNA-1	1.27E-17	90.5
HNAJ_0001372901-mRNA-1	6.87E-23	98.2
MCU_000033-RA	5.64E-04	45.8
MCU_000233-RB	3.53E-96	310
MCU_000247-RA	1.30E-25	105
MCU_000247-RB	7.72E-50	173
MCU_000247-RC	7.71E-20	89.7
MCU_000636-RA	7.68E-13	76.6
MCU_001223-RA	6.30E-71	239
MCU_001229-RA	4.62E-69	228
MCU_001256-RA	3.98E-109	338
MCU_002219-RA	1.74E-70	233
MCU_002530-RA	1.71E-98	321
MCU_002934-RA	1.82E-72	241
MCU_003274-RA	5.22E-18	92.4
MCU_003318-RA	5.97E-28	126
MCU_003496-RA	6.92E-71	236
MCU_004399-RA	8.16E-16	85.5
MCU_005543-RC	4.89E-70	239
MCU_005678-RA	1.13E-74	229
MCU_005679-RA	4.39E-54	179
MCU_006737-RA	5.65E-20	98.2
MCU_007023-RA	7.00E-69	234
MCU_007079-RB	1.90E-91	295
MCU_007220-RB	4.72E-12	75.5
MCU_007735-RA	3.43E-67	228
MCU_007736-RA	1.92E-73	243
MCU_007770-RA	6.27E-112	346
MCU_007979-RA	2.46E-20	102
MCU_008252-RA	8.43E-104	325
MCU_008819-RA	7.39E-33	117
MCU_009570-RA	2.22E-54	183
MCU_009805-RA	1.05E-30	124
MCU_010531-RC	3.62E-137	410
MCU_010827-RA	1.32E-06	45.1
MCU_011313-RB	7.42E-125	379
MCU_012613-RB	1.33E-135	403
MCU_013693-RA	7.87E-30	118
MCOS_0000566501-mRNA-1	4.58E-04	43.5
SSLN_0000121301-mRNA-1	2.62E-62	212
SSLN_0000165201-mRNA-1	6.99E-04	41.2
SSLN_0000213901-mRNA-1	5.70E-13	76.6
SSLN_0000224901-mRNA-1	4.57E-18	93.6
SSLN_0000270501-mRNA-1	7.64E-111	350
SSLN_0000314901-mRNA-1	1.08E-28	111
SSLN_0000324901-mRNA-1	1.23E-261	853
SSLN_0000449601-mRNA-1	1.14E-31	139
SSLN_0000497001-mRNA-1	2.59E-86	268
SSLN_0000522301-mRNA-1	2.43E-101	312
SSLN_0000564001-mRNA-1	1.05E-108	333
SSLN_0000626301-mRNA-1	3.04E-69	235
SSLN_0000683101-mRNA-1	1.76E-68	233
SSLN_0000686801-mRNA-1	7.44E-67	228
SSLN_0000686901-mRNA-1	8.45E-79	261
SSLN_0000694901-mRNA-1	4.53E-04	43.5
SSLN_0000696601-mRNA-1	3.31E-77	249
SSLN_0000777501-mRNA-1	2.02E-07	58.2
SSLN_0000856601-mRNA-1	6.09E-06	52.4
SSLN_0001003501-mRNA-1	4.37E-108	355
SSLN_0001018201-mRNA-1	1.07E-66	228
SSLN_0001085601-mRNA-1	3.44E-121	365
SSLN_0001092301-mRNA-1	2.11E-124	385
SSLN_0001133301-mRNA-1	2.42E-66	225
SSLN_0001153901-mRNA-1	2.71E-69	222
SSLN_0001183801-mRNA-1	1.21E-06	54.3
SSLN_0001192601-mRNA-1	1.73E-24	93.6
SSLN_0001205601-mRNA-1	2.58E-04	43.9
SSLN_0001288001-mRNA-1	7.40E-26	107
SSLN_0001416901-mRNA-1	5.05E-14	80.1
SSLN_0001494501-mRNA-1	7.98E-32	122
SSLN_0001534401-mRNA-1	1.74E-10	68.9
SSLN_0001594501-mRNA-1	2.94E-45	164
SSLN_0001668201-mRNA-1	2.80E-12	74.7
SSLN_0001723901-mRNA-1	9.80E-73	238
SSLN_0001734101-mRNA-1	5.48E-148	451
SSLN_0001956901-mRNA-1	1.63E-45	151
SSLN_0001976001-mRNA-1	3.64E-54	191
SSLN_0002023501-mRNA-1	9.94E-11	63.9
SPER_0000017901-mRNA-1	9.14E-77	255
SPER_0000110401-mRNA-1	2.47E-37	137
SPER_0000175401-mRNA-1	2.77E-29	107
SPER_0000177501-mRNA-1	5.64E-08	54.7
SPER_0000405701-mRNA-1	1.19E-32	125
SPER_0000457701-mRNA-1	8.85E-42	141
SPER_0000521501-mRNA-1	8.58E-27	109
SPER_0000553701-mRNA-1	2.41E-35	137
SPER_0000578501-mRNA-1	7.85E-62	209
SPER_0000665801-mRNA-1	1.50E-65	223
SPER_0000753401-mRNA-1	4.01E-44	151
SPER_0000895501-mRNA-1	6.69E-44	161
SPER_0001047701-mRNA-1	1.65E-07	58.5
SPER_0001056501-mRNA-1	4.29E-16	85.1
SPER_0001098301-mRNA-1	1.99E-24	108
SPER_0001101401-mRNA-1	1.73E-19	85.1
SPER_0001131001-mRNA-1	5.17E-04	44.3
SPER_0001214701-mRNA-1	1.39E-04	44.7
SPER_0001220401-mRNA-1	1.27E-18	84
SPER_0001250501-mRNA-1	1.18E-58	204
SPER_0001271601-mRNA-1	2.09E-12	75.1
SPER_0001381501-mRNA-1	2.33E-49	186
SPER_0001566201-mRNA-1	1.02E-18	85.1
SPER_0001662401-mRNA-1	4.38E-35	120
SPER_0001679301-mRNA-1	1.56E-05	50.1
SPER_0001804101-mRNA-1	9.26E-09	53.5
SPER_0001937201-mRNA-1	2.02E-07	58.2
SPER_0001957501-mRNA-1	1.65E-52	188
SPER_0001961401-mRNA-1	1.05E-10	61.2
SPER_0001979501-mRNA-1	3.87E-25	102
SPER_0002078901-mRNA-1	3.33E-20	87
SPER_0002217301-mRNA-1	1.68E-40	159
SPER_0002425001-mRNA-1	3.62E-12	63.2
SPER_0002488401-mRNA-1	3.37E-04	43.9
SPER_0002491001-mRNA-1	3.81E-14	75.9
SPER_0002523001-mRNA-1	1.89E-23	100
SPER_0002630601-mRNA-1	5.47E-27	103
SPER_0002863701-mRNA-1	7.92E-55	178
SPER_0002951201-mRNA-1	1.95E-08	57
SPER_0003012201-mRNA-1	6.27E-08	52.4
SPER_0003019001-mRNA-1	9.89E-94	303
SPER_0003100201-mRNA-1	3.87E-40	145
SPER_0003109101-mRNA-1	1.13E-42	154
SPER_0003111801-mRNA-1	1.16E-27	115
SPER_0003163001-mRNA-1	5.06E-28	111
SPER_0003226301-mRNA-1	5.87E-11	68.2
SPER_0003294401-mRNA-1	1.35E-56	183
SPER_0003294701-mRNA-1	2.49E-25	105
SPER_0003345701-mRNA-1	7.43E-09	57.8
SPER_0003348701-mRNA-1	1.77E-05	47.8
SPER_0003420001-mRNA-1	1.26E-10	66.2
SPER_0003453001-mRNA-1	2.39E-41	156
SPER_0003481201-mRNA-1	8.91E-13	76.3
SPER_0003499201-mRNA-1	1.05E-56	187
SPER_0003503701-mRNA-1	7.74E-34	127
SPER_0003505101-mRNA-1	9.69E-47	156
SPER_0003667301-mRNA-1	4.32E-32	117
SPER_0003695301-mRNA-1	9.23E-50	166
SPER_0003707201-mRNA-1	4.97E-24	96.7
SPER_0003804001-mRNA-1	3.49E-24	101
SPER_0003813301-mRNA-1	1.44E-35	129
SPER_0003962601-mRNA-1	1.32E-40	154
TASK_0000030801-mRNA-1	3.30E-71	250
TASK_0000032601-mRNA-1	5.16E-22	108
TASK_0000049901-mRNA-1	8.40E-12	72.8
TASK_0000079501-mRNA-1	1.44E-21	105
TASK_0000153601-mRNA-1	6.26E-58	206
TASK_0000161301-mRNA-1	1.33E-06	56.6
TASK_0000184501-mRNA-1	1.05E-73	249
TASK_0000274301-mRNA-1	2.34E-04	46.6
TASK_0000278401-mRNA-1	8.48E-28	112
TASK_0000353501-mRNA-1	2.97E-121	375
TASK_0000425301-mRNA-1	5.40E-77	264
TASK_0000442501-mRNA-1	6.23E-94	306
TASK_0000460301-mRNA-1	6.52E-62	218
TASK_0000468201-mRNA-1	3.42E-92	291
TASK_0000510901-mRNA-1	1.10E-86	284
TASK_0000548501-mRNA-1	8.08E-19	94.7
TASK_0000555701-mRNA-1	6.67E-119	359
TASK_0000588601-mRNA-1	3.25E-71	240
TASK_0000689201-mRNA-1	2.64E-14	81.3
TASK_0000702201-mRNA-1	1.74E-67	231
TASK_0000767501-mRNA-1	2.11E-17	90.9
TASK_0000833401-mRNA-1	5.18E-189	573
TASK_0000833801-mRNA-1	1.24E-67	222
TASK_0000867301-mRNA-1	1.65E-06	57
TASK_0000901501-mRNA-1	1.37E-04	50.4
TASK_0000912801-mRNA-1	3.26E-05	44.3
TASK_0000912901-mRNA-1	6.04E-37	138
TASK_0000952501-mRNA-1	7.04E-60	208
TASK_0000963801-mRNA-1	9.48E-16	85.5
TASK_0000971201-mRNA-1	1.60E-104	358
TASK_0000998501-mRNA-1	5.30E-06	50.1
Tm1G000027	5.48E-11	71.2
Tm1G001098	5.51E-75	250
Tm1G001099	2.02E-65	223
Tm1G001864	1.81E-100	324
Tm1G001992	1.26E-20	102
Tm1G002627	6.05E-19	95.1
Tm1G002801	3.08E-38	159
Tm1G003288	1.46E-96	311
Tm1G003415	2.02E-21	107
Tm1G003633	5.63E-123	379
Tm1G004222	1.67E-15	84.7
Tm1G004840	1.24E-11	65.9
Tm1G005057	6.29E-113	348
Tm1G005175	2.95E-93	320
Tm1G005184	5.34E-62	213
Tm1G005463	2.60E-09	66.6
Tm1G005520	6.77E-117	356
Tm1G005522	4.79E-131	392
Tm1G005589	1.61E-93	306
Tm3G008172	1.10E-13	76.3
Tm3G008174	1.70E-67	231
Tm3G008220	8.93E-20	87.4
Tm3G008625	7.88E-165	484
Tm3G009129	1.18E-93	299
Tm4G010013	1.95E-19	96.7
Tm4G010019	1.39E-23	102
Tm4G010040	4.77E-29	121
Tm4G010043	3.43E-37	151
Tm4G010050	9.63E-50	179
Tm4G010060	1.01E-04	50.1
Tm4G010063	7.65E-32	130
Tm4G010075	5.19E-09	62
Tm4G010085	3.43E-63	231
Tm4G010095	7.47E-42	172
Tm4G010098	3.04E-29	130
Tm5G011653	1.89E-71	240
Tm7G012925	1.88E-67	232
TSAs00001g00204m00001	9.48E-16	85.5
TSAs00002g00691m00001	3.31E-59	218
TSAs00002g00763m00001	1.37E-113	350
TSAs00005g01535m00001	4.23E-71	250
TSAs00005g01536m00001	7.29E-34	125
TSAs00008g02077m00001	7.75E-21	103
TSAs00014g03023m00001	2.03E-99	321
TSAs00019g03658m00001	8.08E-19	94.7
TSAs00027g04479m00001	3.28E-89	298
TSAs00028g04584m00001	1.50E-231	699
TSAs00034g05133m00001	1.51E-14	82
TSAs00037g05426m00001	1.89E-71	240
TSAs00039g05553m00001	6.38E-12	73.2
TSAs00042g05823m00001	1.04E-93	306
TSAs00044g05967m00001	1.05E-20	104
TSAs00045g06028m00001	2.18E-90	293
TSAs00047g06184m00001	5.41E-132	400
TSAs00047g06188m00001	1.48E-202	605
TSAs00065g07304m00001	1.51E-09	67.4
TSAs00069g07556m00001	6.99E-55	190
TSAs00072g07682m00001	5.08E-69	236
TSAs00074g07731m00001	3.71E-17	90.1
TSAs00075g07783m00001	2.41E-123	380
TSAs00093g08385m00001	3.84E-10	68.6
TSAs00101g08586m00001	1.83E-67	231
TSAs00101g08590m00001	2.13E-62	228
TSAs00101g08591m00001	5.56E-39	156
TSAs00113g08823m00001	4.92E-88	292
TSAs00166g09541m00001	1.17E-38	160
TSAs00210g09959m00001	2.55E-42	168
TSAs00222g10058m00001	2.14E-34	147
TSAs00355g10875m00001	1.68E-31	129
TSAs00378g10982m00001	1.68E-19	87
TSAs00407g11095m00001	3.37E-30	125
TSAs00758g12127m00001	1.27E-28	113
TSAs00810g12232m00001	5.41E-50	189
TSAs01229g12672m00001	1.25E-19	84
TsM_000836600	1.35E-71	240
TsM_000900200	7.61E-07	57.4
TsM_000021800	5.00E-44	162
TsM_000107700	1.35E-14	82
TsM_000975200	2.46E-11	71.2
TsM_000841200	1.30E-39	146
TsM_000926600	5.51E-75	250
TsM_000990300	5.07E-10	68.2
TsM_000974900	5.32E-57	188
TsM_000386700	1.56E-26	112
TsM_001236100	2.51E-27	110
TsM_000440800	2.87E-69	239
TsM_000063500	5.40E-16	85.5
TsM_000892300	4.98E-112	346
TsM_000012300	6.92E-18	92
TsM_000043700	4.68E-17	87.8
TsM_001041400	6.23E-94	306
TsM_000940900	1.02E-20	103
TsM_000193600	1.73E-79	255
TsM_000714100	3.03E-149	441
TsM_000084400	6.80E-07	51.6
TsM_000887800	8.65E-17	89
TsM_000436900	4.88E-118	367
TsM_000927400	2.44E-83	276
TsM_000473000	2.90E-122	371
TsM_000940800	3.88E-20	101
TsM_000088700	3.96E-89	290
TsM_000776500	2.06E-53	177
TsM_000776300	1.13E-26	101
TsM_000473200	3.40E-15	73.9
TsM_000273200	1.14E-123	376
TsM_000144500	7.74E-32	130
TsM_001009100	5.56E-33	131
TsM_000442200	5.64E-95	298
TsM_000365700	2.00E-09	59.3
TsM_000870800	1.45E-64	234
TsM_000845500	2.27E-82	266
TsM_000926700	3.77E-65	225
TsM_001156900	7.87E-58	206
TsM_000739100	4.82E-08	57
comp101105_c0_seq1.p1	2.76E-09	58.9
comp102249_c0_seq1.p1	1.27E-13	72.8
comp103752_c0_seq1.p1	4.67E-39	144
comp103997_c0_seq1.p1	3.81E-19	84.7
comp107949_c0_seq1.p1	1.60E-05	50.4
comp111870_c0_seq1.p1	7.75E-40	145
comp112266_c0_seq1.p2	3.09E-11	62.8
comp112907_c0_seq1.p1	2.11E-04	44.7
comp113562_c0_seq1.p1	6.06E-16	84
comp113562_c1_seq1.p1	9.90E-19	84.3
comp114101_c0_seq1.p1	1.14E-19	88.2
comp114101_c1_seq1.p1	1.04E-62	207
comp115104_c0_seq1.p1	3.58E-62	209
comp115104_c1_seq1.p1	9.57E-89	272
comp115826_c0_seq1.p1	6.51E-04	46.2
comp116123_c0_seq1.p1	1.11E-54	189
comp116123_c1_seq1.p1	1.46E-20	91.7
comp116585_c0_seq1.p1	3.73E-05	47
comp119375_c1_seq1.p1	8.31E-49	164
comp120503_c0_seq1.p1	1.85E-35	135
comp120503_c0_seq3.p1	2.18E-18	77.8
comp122841_c0_seq1.p1	7.63E-11	65.1
comp123271_c0_seq1.p1	1.34E-05	49.3
comp124051_c1_seq1.p1	4.60E-06	50.4
comp125683_c1_seq1.p1	1.28E-05	51.6
comp126864_c0_seq2.p1	1.16E-17	93.6
comp127555_c1_seq1.p1	2.67E-07	55.1
comp128064_c0_seq1.p1	4.76E-50	165
comp128064_c1_seq1.p1	8.35E-06	47
comp129031_c0_seq1.p1	8.04E-38	148
comp130084_c1_seq1.p1	7.47E-80	263
comp130745_c0_seq1.p1	5.19E-19	92
comp130745_c0_seq2.p2	2.68E-06	52
comp130844_c1_seq1.p1	5.95E-24	103
comp131058_c0_seq2.p1	2.24E-07	54.3
comp132661_c1_seq1.p1	1.73E-07	57.4
comp133995_c0_seq1.p1	5.42E-21	104
comp134670_c0_seq2.p1	8.14E-90	280
comp134670_c0_seq3.p1	1.40E-42	152
comp135003_c0_seq2.p1	9.10E-13	68.6
comp135003_c1_seq1.p1	6.03E-104	330
comp135174_c0_seq1.p1	1.66E-185	534
comp135889_c0_seq1.p1	1.12E-32	141
comp136088_c0_seq1.p1	7.76E-56	198
comp136329_c0_seq4.p1	4.10E-05	49.3
comp136416_c1_seq2.p1	3.06E-35	141
comp136835_c0_seq1.p1	1.18E-15	81.3
comp138125_c1_seq1.p1	3.24E-08	56.6
comp138125_c1_seq11.p1	8.92E-13	74.7
comp138125_c1_seq2.p1	7.66E-13	77
comp169569_c0_seq1.p1	1.08E-04	44.3
comp169756_c0_seq1.p1	2.78E-09	62.8
comp191518_c0_seq1.p1	3.24E-04	43.5
comp210921_c0_seq1.p1	2.92E-31	119
comp227832_c0_seq1.p1	4.05E-36	134
comp229965_c0_seq1.p1	3.98E-07	54.7
comp240838_c0_seq1.p1	1.24E-04	44.7
comp258512_c0_seq1.p1	1.29E-39	135
comp355283_c0_seq1.p1	1.43E-09	58.2
comp48165_c0_seq1.p1	2.69E-06	49.7
comp52191_c0_seq1.p1	1.15E-21	89.4
comp57703_c0_seq1.p1	4.65E-17	78.2
comp61867_c0_seq1.p1	4.96E-06	50.8
comp64520_c0_seq1.p1	9.59E-55	174
comp67885_c0_seq1.p1	3.91E-04	43.5
comp78900_c0_seq1.p1	7.68E-52	176
comp88982_c0_seq1.p1	1.43E-75	243
comp90909_c0_seq1.p1	2.09E-05	47.4
comp91569_c0_seq1.p1	8.60E-10	59.7
comp92246_c0_seq1.p1	9.42E-09	52.8
comp92704_c0_seq1.p1	9.81E-04	42.4
comp93142_c0_seq1.p2	8.86E-14	70.1
comp93142_c1_seq1.p1	3.38E-28	111
comp93496_c0_seq1.p1	6.13E-50	159
comp95086_c0_seq1.p1	4.76E-12	69.3
comp95086_c1_seq1.p1	1.54E-86	265
comp95865_c0_seq1.p1	4.27E-49	161
comp96049_c0_seq1.p1	5.14E-54	190
comp96050_c0_seq1.p1	1.92E-05	47.8
BOX15_Mlig015854g1	8.54E-118	361
BOX15_Mlig004065g1	4.33E-128	388
BOX15_Mlig031591g2	1.12E-82	271
BOX15_Mlig013723g1	2.78E-07	52.8
BOX15_Mlig007204g1	1.71E-06	55.5
BOX15_Mlig023951g1	8.83E-19	94.7
BOX15_Mlig003898g1	1.86E-48	183
BOX15_Mlig031004g1	2.19E-04	49.3
BOX15_Mlig031432g4	6.02E-20	98.6
BOX15_Mlig002395g4	6.04E-54	208
BOX15_Mlig007609g1	3.91E-06	54.7
BOX15_Mlig011325g2	1.13E-85	279
BOX15_Mlig022967g3	3.89E-22	106
BOX15_Mlig021793g2	1.11E-92	295
BOX15_Mlig003120g3	8.30E-21	100
BOX15_Mlig010678g1	7.81E-51	182
BOX15_Mlig007416g1	3.72E-09	57.4
BOX15_Mlig028584g3	1.33E-21	103
BOX15_Mlig028785g2	4.06E-91	293
BOX15_Mlig019094g1	3.32E-10	67.8
BOX15_Mlig024322g3	4.96E-05	51.6
BOX15_Mlig029271g2	1.46E-06	54.7
BOX15_Mlig032051g1	1.39E-08	62.8
BOX15_Mlig015178g3	2.64E-14	81.3
BOX15_Mlig016990g2	9.37E-10	66.6
BOX15_Mlig006976g1	2.32E-07	58.5
BOX15_Mlig031795g3	4.43E-37	149
BOX15_Mlig021130g3	1.34E-20	101
BOX15_Mlig000989g5	7.83E-19	96.3
BOX15_Mlig000674g2	5.37E-97	332
BOX15_Mlig034115g2	3.21E-32	139
BOX15_Mlig013616g1	9.75E-50	181
BOX15_Mlig011411g1	5.68E-04	43.9
BOX15_Mlig029354g2	4.02E-06	53.9
BOX15_Mlig004551g4	4.03E-12	74.3
BOX15_Mlig014244g1	4.90E-88	285
BOX15_Mlig009645g3	6.86E-05	48.1
BOX15_Mlig024351g4	4.69E-32	132
BOX15_Mlig031804g2	9.45E-99	312
BOX15_Mlig020788g3	1.85E-56	212
BOX15_Mlig026429g3	3.59E-15	85.5
BOX15_Mlig033565g2	8.83E-07	57
BOX15_Mlig027426g1	7.01E-13	76.6
BOX15_Mlig032568g1	9.30E-59	214
BOX15_Mlig009398g1	4.08E-150	444
BOX15_Mlig025449g1	9.80E-52	186
BOX15_Mlig020199g1	4.32E-14	80.9
BOX15_Mlig009170g1	2.40E-25	118
BOX15_Mlig000841g2	1.06E-73	246
BOX15_Mlig000862g3	9.98E-187	539
BOX15_Mlig030741g1	5.56E-12	74.3
BOX15_Mlig026840g2	2.39E-60	207
BOX15_Mlig000841g6	1.59E-37	142
BOX15_Mlig002294g2	2.72E-33	139
BOX15_Mlig022707g1	3.62E-44	177
BOX15_Mlig005297g1	3.54E-41	167
BOX15_Mlig007166g1	2.31E-13	79
BOX15_Mlig020801g1	7.74E-05	51.2
BOX15_Mlig008197g1	1.14E-97	308
BOX15_Mlig033226g1	1.40E-34	137
BOX15_Mlig015771g1	2.64E-36	152
BOX15_Mlig013326g1	3.04E-06	48.5
BOX15_Mlig006075g1	9.94E-14	79.7
BOX15_Mlig000461g1	2.23E-144	431
BOX15_Mlig015474g3	1.24E-85	279
BOX15_Mlig032313g1	3.22E-107	337
BOX15_Mlig005955g1	7.85E-18	94
BOX15_Mlig010245g2	3.62E-10	67.8
BOX15_Mlig005363g2	3.06E-10	68.2
BOX15_Mlig016491g1	2.93E-20	86.7
BOX15_Mlig015393g1	5.29E-32	136
BOX15_Mlig017198g1	6.04E-10	67.4
BOX15_Mlig009331g1	1.30E-05	53.1
BOX15_Mlig011397g1	6.67E-14	80.1
BOX15_Mlig003611g1	1.69E-20	98.2
BOX15_Mlig024916g1	9.37E-06	53.9
BOX15_Mlig024348g1	2.51E-06	53.5
BOX15_Mlig018669g1	1.31E-13	79.3
BOX15_Mlig016426g1	1.43E-32	141
BOX15_Mlig012309g1	1.48E-37	157
BOX15_Mlig013241g1	4.04E-12	74.3
BOX15_Mlig018909g1	3.64E-14	80.9
BOX15_Mlig025217g1	6.59E-44	168
BOX15_Mlig015385g1	6.27E-16	86.7
BOX15_Mlig009517g1	5.60E-14	80.5
BOX15_Mlig028639g1	2.81E-17	90.1
BOX15_Mlig026767g5	2.12E-52	187
BOX15_Mlig004863g1	5.33E-102	325
BOX15_Mlig001459g3	1.27E-54	191
BOX15_Mlig008883g4	4.81E-75	246
BOX15_Mlig016491g12	5.03E-29	114
BOX15_Mlig014011g1	1.48E-15	85.5
BOX15_Mlig026396g1	4.13E-09	63.2
BOX15_Mlig031664g1	4.58E-14	77
BOX15_Mlig009645g1	5.13E-06	54.7
BOX15_Mlig030622g1	2.25E-13	78.2
BOX15_Mlig025621g1	1.06E-14	82.4
BOX15_Mlig033810g1	7.10E-05	51.2
BOX15_Mlig007222g3	1.50E-19	97.8
BOX15_Mlig000966g1	4.69E-07	57.4
BOX15_Mlig015081g1	1.25E-07	60.1
BOX15_Mlig032482g1	8.94E-10	67.4
BOX15_Mlig031609g1	7.51E-05	51.2
BOX15_Mlig027167g2	2.56E-38	147
BOX15_Mlig022931g1	4.25E-15	83.6
BOX15_Mlig022345g1	4.24E-10	65.5
BOX15_Mlig010174g1	4.56E-165	486
BOX15_Mlig019166g1	7.51E-149	442
BOX15_Mlig023922g2	6.59E-208	593
BOX15_Mlig026138g2	7.08E-08	60.5
BOX15_Mlig006140g2	5.98E-28	110
BOX15_Mlig023547g1	9.01E-89	289
BOX15_Mlig012953g1	1.77E-08	62.4
BOX15_Mlig007558g1	4.55E-19	96.7
BOX15_Mlig014474g5	7.38E-53	188
BOX15_Mlig020283g2	5.30E-123	376
BOX15_Mlig021913g2	1.58E-33	139
BOX15_Mlig002809g2	2.19E-10	68.9
BOX15_Mlig026586g1	9.86E-07	56.2
BOX15_Mlig002193g1	3.36E-05	52.8
BOX15_Mlig009716g1	1.05E-34	137
BOX15_Mlig015081g3	1.07E-04	50.1
BOX15_Mlig009716g2	1.73E-67	228
BOX15_Mlig009645g2	1.15E-04	48.1
BOX15_Mlig015174g1	9.04E-154	452
BOX15_Mlig030616g2	5.28E-12	73.9
BOX15_Mlig013503g1	2.62E-06	55.5
BOX15_Mlig021706g1	8.86E-05	45.1
BOX15_Mlig004814g1	7.57E-33	137
BOX15_Mlig020845g1	3.65E-103	347
BOX15_Mlig020704g1	4.85E-08	61.2
BOX15_Mlig008995g1	3.75E-06	52
BOX15_Mlig008995g3	1.27E-09	66.2
BOX15_Mlig005119g9	1.88E-120	375
BOX15_Mlig011179g1	2.44E-26	108
BOX15_Mlig014979g1	4.67E-138	412
BOX15_Mlig025378g2	2.52E-11	72.4
BOX15_Mlig029354g1	2.10E-05	47.8
BOX15_Mlig005480g1	1.82E-34	133
SMEST000150001	2.90E-10	68.6
SMEST000209001	1.80E-13	63.9
SMEST000214001	7.81E-69	230
SMEST000638001	4.61E-18	92.4
SMEST002556001	3.39E-21	95.1
SMEST002905001	1.20E-107	335
SMEST004049001	1.05E-10	69.3
SMEST005358002	5.65E-95	302
SMEST006108001	7.35E-07	53.5
SMEST006412001	1.20E-34	140
SMEST006949001	4.55E-41	167
SMEST008589002	6.95E-100	315
SMEST008719001	2.60E-45	182
SMEST008993001	2.81E-71	239
SMEST009914001	1.56E-12	75.5
SMEST011523001	2.61E-07	58.5
SMEST011525001	2.98E-11	70.9
SMEST011827001	1.58E-106	333
SMEST012532004	1.25E-93	299
SMEST013072001	5.01E-12	73.6
SMEST013147002	6.75E-17	89.7
SMEST014741002	2.05E-158	468
SMEST015256002	3.47E-76	255
SMEST015383001	3.56E-144	427
SMEST016391001	4.08E-08	60.8
SMEST016405001	1.37E-58	203
SMEST016707001	2.90E-09	65.1
SMEST016710001	1.76E-15	84.3
SMEST016913001	9.40E-15	82.4
SMEST017657001	1.89E-09	65.1
SMEST017668001	1.17E-10	68.9
SMEST017678001	5.22E-10	67
SMEST018336002	2.94E-110	336
SMEST018611012	7.77E-34	146
SMEST018611013	7.86E-32	140
SMEST019202001	8.54E-11	69.7
SMEST019203001	3.20E-57	198
SMEST020604001	5.93E-12	73.2
SMEST020658005	6.43E-20	99
SMEST020665001	3.06E-147	435
SMEST021568001	5.63E-95	303
SMEST021654001	2.17E-13	77.8
SMEST021796001	1.89E-88	280
SMEST022851001	2.12E-113	377
SMEST022994001	7.83E-13	76.3
SMEST022995001	2.56E-11	71.2
SMEST022997001	7.08E-14	79.3
SMEST022999001	5.53E-14	79.7
SMEST023242002	9.29E-99	313
SMEST023360001	2.99E-97	308
SMEST023742004	1.31E-49	189
SMEST023742006	6.68E-48	185
SMEST024217002	4.60E-90	284
SMEST024270001	8.35E-15	82.4
SMEST026005001	2.24E-154	454
SMEST027550001	3.24E-48	177
SMEST028094001	2.86E-18	93.2
SMEST028455001	1.88E-141	426
SMEST028687001	1.30E-21	103
SMEST029017001	1.25E-09	65.5
SMEST029022001	5.33E-13	77
SMEST029213001	2.34E-128	392
SMEST031120001	1.18E-47	170
SMEST031120002	5.42E-57	197
SMEST031561004	1.51E-132	399
SMEST032616001	3.23E-07	58.2
SMEST032691001	6.79E-79	258
SMEST034894001	3.78E-12	73.9
SMEST034930001	1.56E-43	177
SMEST035185001	1.10E-12	75.5
SMEST037019002	1.32E-58	222
SMEST037124001	2.69E-78	257
SMEST037525001	8.01E-15	82.4
SMEST039581001	1.03E-14	82.8
SMEST039749001	2.59E-86	278
SMEST040082001	7.45E-109	345
SMEST040424001	1.25E-04	50.8
SMEST041696001	3.52E-55	191
SMEST041729001	4.68E-57	200
SMEST041740001	1.76E-52	184
SMEST041796001	7.34E-49	176
SMEST041818001	1.14E-51	184
SMEST041829001	2.07E-55	194
SMEST041885001	4.83E-79	259
SMEST041886001	4.95E-70	235
SMEST041912001	5.67E-52	184
SMEST041914002	4.06E-55	191
SMEST042830001	3.67E-08	61.2
SMEST043119001	1.44E-14	82
SMEST043379001	3.24E-14	82.4
SMEST043840001	1.32E-37	148
SMEST044381001	4.11E-23	107
SMEST045054001	2.23E-24	112
SMEST045131001	3.71E-16	87
SMEST045280001	7.89E-58	202
SMEST047329001	7.95E-15	84
SMEST047372002	2.24E-40	143
SMEST047472002	2.41E-49	167
SMEST047581001	4.78E-16	86.7
SMEST048391002	1.81E-72	249
SMEST048395001	7.23E-40	157
SMEST049231001	8.09E-05	52
SMEST049467001	2.79E-50	197
SMEST052669002	2.94E-33	137
SMEST053382001	1.87E-12	75.1
SMEST053390001	4.07E-09	64.3
SMEST053391001	2.59E-12	74.3
SMEST053446003	2.72E-35	144
SMEST053471001	1.45E-05	52.8
SMEST053477002	5.53E-25	106
SMEST055022002	5.41E-136	426
SMEST056126002	1.95E-16	87.8
SMEST056721001	7.13E-117	358
SMEST060702001	6.89E-12	73.2
SMEST061291002	3.91E-23	107
SMEST061291010	4.08E-25	114
SMEST061503001	1.44E-159	472
SMEST061905001	4.66E-75	248
SMEST061997002	3.92E-33	139
SMEST062815001	9.90E-16	85.9
SMEST064187001	2.57E-24	111
SMEST064433001	2.92E-52	183
SMEST064435001	2.20E-49	175
SMEST064442001	3.75E-54	190
SMEST064521001	2.70E-130	396
SMEST064655002	5.39E-19	91.3
SMEST064656003	8.92E-20	93.2
SMEST064696001	4.68E-14	80.5
SMEST065489002	5.79E-23	109
SMEST065907001	4.31E-23	110
SMEST066647002	1.29E-84	275
SMEST066647004	4.57E-86	275
SMEST068441001	1.68E-11	72
SMEST068777001	2.87E-100	317
SMEST069054001	1.15E-09	65.9
SMEST069074001	3.77E-09	64.3
SMEST069521001	2.80E-14	73.6
SMEST069526001	3.37E-04	44.7
SMEST069533002	2.18E-32	138
SMEST069544001	4.87E-14	75.1
SMEST069546001	1.15E-09	65.9
SMEST069611001	3.22E-21	102
SMEST069788001	6.28E-45	161
SMEST069967002	9.77E-104	328
SMEST071005001	4.13E-72	244
SMEST071641001	1.32E-114	353
SMEST071734001	1.64E-52	206
SMEST072389001	7.28E-19	95.1
SMEST072895001	7.62E-18	91.7
SMEST073173009	4.19E-30	132
SMEST073183001	3.84E-30	127
SMEST073189006	1.06E-10	70.5
SMEST073204003	2.55E-14	77
SMEST073231003	2.08E-27	120
SMEST073267001	4.10E-11	70.5
SMEST073518001	2.74E-83	273
SMEST074769001	2.95E-11	70.9
SMEST075970001	1.36E-49	180
SMEST077022002	4.35E-12	73.6
SMEST077071002	1.55E-32	131
SMEST077704001	1.18E-77	255
SMEST078360001	3.64E-16	87
SMEST079502001	6.14E-08	60.5
SMEST079503001	5.13E-08	60.8
SMEST080345004	8.68E-07	54.7
SMEST080356001	5.46E-10	62
SMEST080367001	9.11E-25	115
SMEST080411004	5.19E-26	117
SMEST080891001	4.88E-46	163
SMEST080891003	7.57E-46	162
SMEST080892001	3.67E-08	58.5
SMEST081650001	2.26E-15	84.3
SMEST081715001	2.87E-11	71.6
SMEST081862001	1.66E-20	102
Gbulla1a000159T1	1.11E-15	85.1
Gbulla1a000252T1	1.12E-129	390
Gbulla1a000380T1	1.41E-47	172
Gbulla1a001153T1	7.96E-100	321
Gbulla1a001266T1	3.03E-41	161
Gbulla1a001487T1	2.37E-18	93.6
Gbulla1a001833T1	3.98E-08	61.2
Gbulla1a001918T1	4.69E-92	291
Gbulla1a001972T1	3.55E-99	311
Gbulla1a002093T1	1.96E-71	239
Gbulla1a002102T1	9.22E-80	266
Gbulla1a002129T1	6.30E-78	259
Gbulla1a002141T2	1.81E-18	95.5
Gbulla1a002141T4	6.00E-22	107
Gbulla1a002145T3	2.76E-71	240
Gbulla1a002154T1	1.17E-100	317
Gbulla1a002248T2	3.57E-84	274
Gbulla1a002262T2	2.77E-54	192
Gbulla1a002262T4	2.49E-53	190
Gbulla1a002336T1	2.10E-44	166
Gbulla1a002360T1	2.91E-54	206
Gbulla1a002564T1	2.30E-70	237
Gbulla1a002566T1	5.60E-81	264
Gbulla1a002718T1	1.47E-19	99
Gbulla1a002744T1	3.71E-31	112
Gbulla1a003271T6	3.30E-93	297
Gbulla1a003352T1	4.92E-53	188
Gbulla1a003715T1	5.54E-19	95.9
Gbulla1a003730T1	2.66E-16	87
Gbulla1a003745T2	2.53E-30	130
Gbulla1a003904T2	3.73E-80	265
Gbulla1a004179T2	2.18E-121	373
Gbulla1a004230T1	7.10E-98	310
Gbulla1a004557T1	2.31E-04	49.3
Gbulla1a004605T1	1.27E-19	97.4
Gbulla1a004720T1	3.64E-71	234
Gbulla1a005014T1	4.18E-35	129
Gbulla1a005228T1	6.26E-10	67
Gbulla1a005242T1	5.71E-43	173
Gbulla1a005242T2	9.60E-46	182
Gbulla1a005258T2	3.72E-42	171
Gbulla1a005288T1	1.45E-102	321
Gbulla1a005848T1	1.18E-04	49.7
Gbulla1a005860T1	1.23E-12	73.9
Gbulla1a006073T1	1.99E-26	117
Gbulla1a006919T2	4.73E-152	448
Gbulla1a006945T1	2.44E-17	90.9
Gbulla1a006986T1	4.37E-94	299
Gbulla1a007298T1	1.66E-92	293
Gbulla1a007505T1	2.77E-73	244
Gbulla1a007594T1	5.63E-36	142
Gbulla1a007915T1	9.60E-08	58.9
Gbulla1a008310T1	1.15E-71	242
Gbulla1a008542T3	2.61E-148	447
Gbulla1a008550T1	4.39E-06	54.7
Gbulla1a008900T1	1.65E-69	238
Gbulla1a009062T1	8.61E-72	243
Gbulla1a009554T1	3.42E-80	286
Gbulla1a009599T1	3.52E-05	52
Gbulla1a009664T1	2.41E-100	322
Gbulla1a009686T3	7.69E-34	127
Gbulla1a009754T1	2.61E-74	246
Gbulla1a009763T1	9.26E-75	246
Gbulla1a009767T1	1.07E-13	77.4
Gbulla1a009838T1	1.52E-09	63.9
Gbulla1a009842T1	1.28E-06	53.5
Gbulla1a009849T1	2.53E-27	123
Gbulla1a010006T1	2.04E-75	251
Gbulla1a010332T1	3.02E-05	51.6
Gbulla1a010489T1	1.74E-69	235
Gbulla1a010498T1	1.22E-72	244
Gbulla1a010653T1	3.80E-34	142
Gbulla1a010749T2	2.94E-79	261
genemark-scf7180006947446-processed-gene-0.4-mRNA-1	2.69E-28	117
genemark-scf7180006947509-processed-gene-0.0-mRNA-1	5.66E-73	243
genemark-scf7180006947626-processed-gene-0.3-mRNA-1	3.36E-81	265
genemark-scf7180006948030-processed-gene-0.0-mRNA-1	5.19E-26	111
genemark-scf7180006949156-processed-gene-0.2-mRNA-1	1.94E-131	412
genemark-scf7180006949356-processed-gene-0.31-mRNA-1	9.48E-37	140
genemark-scf7180006949874-processed-gene-0.0-mRNA-1	7.19E-25	97.1
genemark-scf7180006950185-processed-gene-0.3-mRNA-1	1.11E-75	252
genemark-scf7180006950468-processed-gene-0.4-mRNA-1	4.69E-101	331
genemark-scf7180006950725-processed-gene-0.7-mRNA-1	9.84E-67	231
genemark-scf7180006951062-processed-gene-0.1-mRNA-1	8.99E-99	318
genemark-scf7180006951248-processed-gene-0.13-mRNA-1	1.21E-57	202
genemark-scf7180006951876-processed-gene-0.1-mRNA-1	1.48E-81	265
genemark-scf7180006952450-processed-gene-0.6-mRNA-1	1.69E-30	134
genemark-scf7180006952571-processed-gene-0.8-mRNA-1	4.06E-93	296
genemark-scf7180006952778-processed-gene-0.1-mRNA-1	2.51E-87	281
genemark-scf7180006953170-processed-gene-0.2-mRNA-1	4.86E-07	55.8
genemark-scf7180006953275-processed-gene-0.1-mRNA-1	2.62E-114	369
genemark-scf7180006953283-processed-gene-0.3-mRNA-1	3.42E-55	192
genemark-scf7180006953283-processed-gene-0.4-mRNA-1	1.50E-77	253
genemark-scf7180006953384-processed-gene-0.9-mRNA-1	1.51E-17	90.9
genemark-scf7180006953439-processed-gene-1.18-mRNA-1	3.36E-14	80.5
genemark-scf7180006953440-processed-gene-0.5-mRNA-1	6.54E-78	251
maker-scf7180006947379-snap-gene-0.52-mRNA-1	5.19E-76	249
maker-scf7180006947718-snap-gene-0.10-mRNA-1	3.98E-97	306
maker-scf7180006948385-snap-gene-0.22-mRNA-1	2.19E-120	380
maker-scf7180006950185-snap-gene-0.44-mRNA-1	1.93E-05	46.2
maker-scf7180006950185-snap-gene-0.45-mRNA-1	1.37E-88	295
maker-scf7180006950427-snap-gene-0.13-mRNA-1	2.11E-53	188
maker-scf7180006951118-snap-gene-0.8-mRNA-1	1.16E-10	69.3
maker-scf7180006951332-snap-gene-0.8-mRNA-1	6.01E-30	117
maker-scf7180006951430-snap-gene-0.16-mRNA-1	4.20E-73	245
maker-scf7180006952079-snap-gene-0.26-mRNA-1	2.35E-60	204
maker-scf7180006952566-snap-gene-0.22-mRNA-1	3.88E-52	184
maker-scf7180006952568-snap-gene-0.48-mRNA-1	1.82E-124	374
maker-scf7180006952601-snap-gene-0.38-mRNA-1	8.80E-64	223
maker-scf7180006952609-snap-gene-0.52-mRNA-1	1.31E-77	251
maker-scf7180006952735-snap-gene-0.73-mRNA-1	4.66E-70	236
maker-scf7180006952862-augustus-gene-0.7-mRNA-1	1.47E-40	144
maker-scf7180006952878-snap-gene-0.90-mRNA-1	2.05E-132	396
maker-scf7180006952878-snap-gene-0.91-mRNA-1	9.99E-137	407
maker-scf7180006952885-snap-gene-0.51-mRNA-1	1.08E-107	344
maker-scf7180006953028-snap-gene-0.159-mRNA-1	6.49E-96	300
maker-scf7180006953179-snap-gene-0.42-mRNA-1	8.00E-93	296
maker-scf7180006953212-snap-gene-0.34-mRNA-1	1.18E-106	345
maker-scf7180006953238-snap-gene-0.67-mRNA-1	3.33E-139	414
maker-scf7180006953355-snap-gene-0.59-mRNA-1	1.73E-14	81.6
maker-scf7180006953359-snap-gene-0.98-mRNA-1	3.32E-60	212
snap_masked-scf7180006947291-processed-gene-0.4-mRNA-1	4.03E-05	51.6
snap_masked-scf7180006947467-processed-gene-0.10-mRNA-1	4.13E-73	246
snap_masked-scf7180006947467-processed-gene-0.11-mRNA-1	4.18E-72	242
snap_masked-scf7180006947596-processed-gene-0.3-mRNA-1	8.72E-46	177
snap_masked-scf7180006947596-processed-gene-0.8-mRNA-1	2.38E-15	77.4
snap_masked-scf7180006947916-processed-gene-0.1-mRNA-1	5.04E-12	72.8
snap_masked-scf7180006948218-processed-gene-0.4-mRNA-1	3.04E-21	95.1
snap_masked-scf7180006948427-processed-gene-0.1-mRNA-1	5.85E-14	67
snap_masked-scf7180006948555-processed-gene-0.24-mRNA-1	5.76E-46	170
snap_masked-scf7180006948596-processed-gene-0.3-mRNA-1	2.80E-04	48.5
snap_masked-scf7180006948867-processed-gene-0.1-mRNA-1	5.75E-08	55.1
snap_masked-scf7180006949080-processed-gene-0.1-mRNA-1	8.09E-11	64.7
snap_masked-scf7180006949101-processed-gene-0.1-mRNA-1	4.16E-05	49.7
snap_masked-scf7180006949437-processed-gene-0.1-mRNA-1	6.23E-07	50.8
snap_masked-scf7180006950266-processed-gene-0.8-mRNA-1	1.36E-21	89
snap_masked-scf7180006950335-processed-gene-0.4-mRNA-1	3.97E-24	101
snap_masked-scf7180006950392-processed-gene-0.2-mRNA-1	7.90E-72	239
snap_masked-scf7180006950728-processed-gene-0.8-mRNA-1	8.18E-07	53.1
snap_masked-scf7180006950810-processed-gene-0.7-mRNA-1	3.03E-13	72.4
snap_masked-scf7180006951049-processed-gene-0.2-mRNA-1	1.33E-07	55.1
snap_masked-scf7180006951295-processed-gene-0.1-mRNA-1	2.23E-38	134
snap_masked-scf7180006951314-processed-gene-0.5-mRNA-1	6.27E-04	47
snap_masked-scf7180006952033-processed-gene-0.2-mRNA-1	1.33E-14	79.7
snap_masked-scf7180006952484-processed-gene-0.9-mRNA-1	3.70E-33	136
snap_masked-scf7180006952792-processed-gene-0.16-mRNA-1	3.68E-21	92.4
snap_masked-scf7180006952808-processed-gene-0.16-mRNA-1	1.28E-19	99.4
snap_masked-scf7180006953275-processed-gene-0.4-mRNA-1	6.41E-18	80.1
snap_masked-scf7180006953351-processed-gene-0.14-mRNA-1	2.71E-16	88.2
snap_masked-scf7180006953457-processed-gene-0.14-mRNA-1	9.41E-04	46.2
GW921790.1.p1	3.92E-43	159
GW922465.1.p1	6.79E-47	168
TRINITY_DN14495_c0_g1_i7.p1	3.48E-12	75.9
TRINITY_DN278_c0_g1_i12.p1	2.96E-21	105
TRINITY_DN583_c0_g1_i5.p1	2.31E-93	302
TRINITY_DN2169_c0_g2_i2.p1	3.70E-94	301
TRINITY_DN4712_c0_g1_i4.p1	2.80E-15	84.3
TRINITY_DN372_c0_g2_i12.p1	1.49E-134	405
TRINITY_DN1783_c0_g2_i1.p1	6.52E-67	231
TRINITY_DN2544_c0_g1_i1.p1	8.12E-18	91.7
TRINITY_DN82683_c0_g3_i1.p1	2.93E-69	236
TRINITY_DN629_c2_g1_i1.p1	1.42E-112	349
TRINITY_DN2223_c0_g1_i2.p1	1.16E-98	314
TRINITY_DN1143_c0_g1_i13.p1	7.63E-101	321
TRINITY_DN3501_c1_g1_i5.p1	1.36E-34	142
TRINITY_DN2969_c0_g1_i4.p2	2.02E-168	488
TRINITY_DN2675_c0_g1_i3.p1	3.80E-60	211
TRINITY_DN1070_c2_g1_i1.p1	1.90E-61	213
TRINITY_DN4163_c0_g1_i4.p1	1.02E-83	271
TRINITY_DN182_c2_g1_i1.p2	1.86E-125	379
TRINITY_DN61669_c0_g1_i1.p1	4.67E-08	60.1
TRINITY_DN1875_c1_g1_i4.p1	9.79E-07	56.2
TRINITY_DN1871_c1_g1_i2.p1	5.65E-82	265
TRINITY_DN362_c0_g1_i10.p2	4.36E-11	70.1
TRINITY_DN806_c0_g1_i1.p2	9.93E-94	305
TRINITY_DN751_c1_g1_i1.p1	2.83E-86	273
TRINITY_DN669_c0_g1_i2.p1	4.89E-09	62.8
TRINITY_DN4729_c0_g1_i5.p1	2.07E-41	156
TRINITY_DN1396_c0_g1_i18.p1	3.97E-10	66.2
TRINITY_DN1954_c0_g1_i5.p1	9.54E-49	175
TRINITY_DN2691_c0_g2_i3.p1	5.31E-09	62
TRINITY_DN1153_c0_g3_i2.p1	9.37E-12	70.5
TRINITY_DN64951_c0_g1_i8.p1	4.47E-64	210
TRINITY_DN2102_c0_g1_i5.p2	5.46E-22	100
TRINITY_DN1976_c0_g1_i12.p5	6.39E-28	117
TRINITY_DN1703_c0_g1_i13.p2	1.35E-43	160
TRINITY_DN1153_c0_g1_i12.p2	4.07E-04	46.6
TRINITY_DN15235_c0_g1_i1.p1	4.05E-81	255
TRINITY_DN3433_c0_g1_i2.p3	1.68E-11	68.6
TRINITY_DN27939_c0_g5_i1.p1	7.13E-42	157
TRINITY_DN261_c0_g1_i15.p4	5.75E-31	123
TRINITY_DN27939_c0_g3_i1.p1	4.76E-34	126
TRINITY_DN379_c0_g1_i1.p2	1.10E-69	228
TRINITY_DN16160_c0_g1_i1.p1	1.77E-09	62
TRINITY_DN234_c2_g1_i1.p1	5.89E-08	57.4
TRINITY_DN51691_c0_g1_i3.p3	4.23E-40	147
TRINITY_DN5050_c0_g2_i1.p2	1.04E-17	85.9
TRINITY_DN1049_c1_g1_i1.p1	1.87E-04	46.6
TRINITY_DN3616_c0_g4_i1.p2	1.50E-04	45.8
TRINITY_DN112_c1_g3_i4.p3	9.15E-06	48.9
TRINITY_DN28391_c0_g1_i1.p1	5.73E-28	107
TRINITY_DN83_c0_g1_i10.p11	1.49E-14	73.6
TRINITY_DN12455_c0_g1_i1.p6	7.60E-12	65.9
TRINITY_DN1622_c4_g1_i1.p3	2.01E-25	99.8
TRINITY_DN749_c0_g1_i11.p5	5.51E-12	61.2
TRINITY_DN7744_c0_g2_i2__g.23912	9.29E-107	350
TRINITY_DN13592_c0_g1_i1__g.60716	3.89E-13	77.8
TRINITY_DN5425_c0_g1_i1__g.40156	1.45E-12	75.5
TRINITY_DN4145_c0_g2_i1__g.10088	9.58E-15	82.8
TRINITY_DN14071_c0_g1_i1__g.60845	2.40E-16	87.8
TRINITY_DN716_c0_g1_i1__g.58183	1.51E-86	282
TRINITY_DN19966_c0_g1_i1__g.61958	1.24E-13	78.6
TRINITY_DN8792_c0_g1_i1__g.33803	7.49E-71	239
TRINITY_DN33888_c0_g1_i1__g.64743	3.60E-78	257
TRINITY_DN8938_c0_g4_i1__g.61008	4.29E-07	57.8
TRINITY_DN3243_c0_g1_i4__g.66303	4.18E-68	231
TRINITY_DN37218_c0_g1_i1__g.36314	4.19E-57	199
TRINITY_DN2960_c0_g1_i2__g.35977	6.35E-111	354
TRINITY_DN3260_c0_g1_i1__g.66213	4.07E-109	332
TRINITY_DN1941_c0_g1_i3__g.19028	1.16E-81	275
TRINITY_DN126_c2_g1_i2__g.46942	1.76E-46	170
TRINITY_DN3723_c0_g1_i3__g.49168	7.48E-45	168
TRINITY_DN6760_c0_g1_i1__g.49574	6.67E-67	224
TRINITY_DN6232_c1_g2_i4__g.24725	4.37E-07	57
TRINITY_DN507_c0_g1_i2__g.63278	1.63E-65	218
TRINITY_DN5582_c1_g3_i5__g.69730	1.22E-34	136
TRINITY_DN8232_c0_g1_i2__g.56161	1.81E-34	137
TRINITY_DN4692_c0_g1_i2__g.70196	8.11E-40	147
TRINITY_DN8865_c0_g1_i1__g.36253	1.79E-21	99.8
TRINITY_DN6550_c0_g1_i1__g.55273	5.10E-14	78.2
TRINITY_DN3248_c1_g1_i2__g.66350	3.81E-83	260
TRINITY_DN2822_c0_g2_i8__g.54467	5.10E-60	197
TRINITY_DN13615_c0_g1_i1__g.43723	4.80E-24	106
TRINITY_DN5079_c0_g3_i1__g.56417	8.22E-63	211
TRINITY_DN8117_c0_g1_i1__g.66884	1.92E-49	169
TRINITY_DN1902_c0_g3_i3__g.19165	7.00E-19	91.3
TRINITY_DN1311_c0_g1_i1__g.7625	4.02E-40	150
TRINITY_DN8539_c0_g1_i1__g.69445	1.11E-25	110
TRINITY_DN303_c0_g2_i3__g.3180	5.15E-26	111
TRINITY_DN1911_c0_g2_i1__g.19186	1.38E-27	116
TRINITY_DN24093_c0_g1_i1__g.38691	2.26E-21	98.2
TRINITY_DN63_c0_g2_i1__g.14919	4.49E-21	97.1
TRINITY_DN22685_c0_g5_i1__g.67755	1.48E-24	107
TRINITY_DN49_c0_g3_i1__g.16714	1.61E-09	62.8
TRINITY_DN5676_c0_g1_i1__g.24440	3.21E-15	79.3
TRINITY_DN8855_c1_g1_i2__g.36190	5.74E-18	87.4
TRINITY_DN3902_c0_g2_i1__g.57064	1.07E-20	95.5
TRINITY_DN2792_c1_g2_i2__g.39260	3.35E-55	186
TRINITY_DN10154_c0_g1_i1__g.14041	3.10E-20	94
TRINITY_DN12228_c0_g1_i1__g.68744	1.53E-21	97.1
TRINITY_DN26577_c0_g1_i1__g.26673	9.55E-04	44.7
TRINITY_DN11631_c0_g3_i1__g.62207	1.33E-50	176
TRINITY_DN8117_c0_g2_i1__g.66885	6.22E-31	117
TRINITY_DN24524_c0_g1_i1__g.14079	2.21E-05	49.3
TRINITY_DN2802_c0_g1_i1__g.53889	7.58E-09	59.3
TRINITY_DN1265_c2_g1_i3__g.35425	9.28E-07	52.8
TRINITY_DN16889_c0_g2_i3__g.26277	7.66E-41	148
TRINITY_DN14288_c0_g2_i1__g.35492	9.42E-14	70.9
TRINITY_DN7998_c0_g1_i1__g.59641	7.26E-18	84.3
TRINITY_DN16498_c0_g1_i1__g.48816	8.84E-06	49.3
TRINITY_DN472_c0_g1_i1__g.31413	1.05E-10	63.2
TRINITY_DN8539_c0_g2_i1__g.69447	1.00E-06	51.6
TRINITY_DN22685_c0_g4_i1__g.67753	4.12E-08	55.5
TRINITY_DN14288_c0_g3_i1__g.35493	8.55E-29	114
TRINITY_DN18821_c0_g2_i1__g.55338	6.73E-07	51.6
TRINITY_DN37418_c0_g1_i1__g.62372	1.64E-18	83.2
TRINITY_DN3623_c0_g1_i1__g.53133	6.75E-22	86.7
TRINITY_DN1426_c0_g1_i6__g.50543	6.94E-06	48.1
TRINITY_DN1733_c0_g2_i2__g.73152	4.23E-09	57.4
TRINITY_DN28700_c0_g1_i1__g.24501	6.48E-25	95.1
TRINITY_DN8415_c0_g3_i2__g.74673	1.66E-08	55.1
E_nip_trans_10209_m.65142	5.75E-72	248
E_nip_trans_20683_m.157969	1.08E-25	94.7
E_nip_trans_10270_m.65597	4.16E-12	75.5
E_nip_trans_35232_m.247532	1.49E-20	95.9
E_nip_trans_35676_m.249542	1.83E-13	79.3
E_nip_trans_10778_m.71231	1.59E-11	70.9
E_nip_trans_61825_m.386466	1.31E-07	56.2
E_nip_trans_42277_m.293819	2.20E-05	53.1
PXEA_0000038301-mRNA-1	8.77E-07	55.5
PXEA_0000069901-mRNA-1	5.81E-07	55.8
PXEA_0000081701-mRNA-1	2.20E-09	52.4
PXEA_0000138301-mRNA-1	1.75E-15	74.7
PXEA_0000261701-mRNA-1	5.83E-08	55.5
PXEA_0000289501-mRNA-1	1.37E-07	52
PXEA_0000356301-mRNA-1	1.67E-11	72
PXEA_0000378801-mRNA-1	3.82E-06	50.1
PXEA_0000421301-mRNA-1	2.27E-07	53.1
PXEA_0000436301-mRNA-1	1.27E-11	65.1
PXEA_0000468501-mRNA-1	5.38E-33	119
PXEA_0000513501-mRNA-1	7.59E-06	48.5
PXEA_0000568401-mRNA-1	7.15E-09	54.7
PXEA_0000569701-mRNA-1	4.75E-06	47.8
PXEA_0000602101-mRNA-1	8.44E-88	272
PXEA_0000636701-mRNA-1	1.29E-05	48.9
PXEA_0000725601-mRNA-1	4.16E-26	103
PXEA_0000882501-mRNA-1	2.45E-12	62.4
PXEA_0000886401-mRNA-1	2.77E-25	102
PXEA_0000917101-mRNA-1	7.29E-08	49.3
PXEA_0000966001-mRNA-1	1.82E-07	50.1
PXEA_0001047801-mRNA-1	5.21E-25	98.2
PXEA_0001049501-mRNA-1	2.00E-15	75.9
PXEA_0001055801-mRNA-1	1.61E-21	90.5
PXEA_0001180301-mRNA-1	1.01E-26	102
PXEA_0001199101-mRNA-1	3.54E-28	105
PXEA_0001219301-mRNA-1	4.25E-33	132
PXEA_0001247501-mRNA-1	1.92E-18	80.9
PXEA_0001265801-mRNA-1	5.00E-33	117
PXEA_0001280601-mRNA-1	1.22E-53	186
PXEA_0001299301-mRNA-1	1.74E-05	51.2
PXEA_0001313801-mRNA-1	7.20E-43	155
PXEA_0001318101-mRNA-1	4.21E-08	62
PXEA_0001359201-mRNA-1	4.57E-04	42.4
PXEA_0001412801-mRNA-1	3.25E-06	47.4
PXEA_0001430001-mRNA-1	8.73E-06	52.4
PXEA_0001453801-mRNA-1	6.42E-04	43.5
PXEA_0001506701-mRNA-1	7.54E-18	82.8
PXEA_0001566501-mRNA-1	2.60E-10	56.2
PXEA_0001658801-mRNA-1	3.07E-24	92.8
PXEA_0001669901-mRNA-1	1.25E-34	128
PXEA_0001720801-mRNA-1	1.03E-17	79.3
PXEA_0001755601-mRNA-1	9.92E-20	99
PXEA_0001762501-mRNA-1	2.02E-04	48.1
PXEA_0001775901-mRNA-1	1.17E-41	158
PXEA_0001896901-mRNA-1	3.46E-04	42.7
PXEA_0002032001-mRNA-1	1.31E-05	53.1
PXEA_0002072001-mRNA-1	7.66E-21	89.7
PXEA_0002076901-mRNA-1	3.54E-30	117
PXEA_0002097601-mRNA-1	1.35E-10	69.3
PXEA_0002330101-mRNA-1	1.42E-10	63.9
PXEA_0002398301-mRNA-1	7.85E-06	47
PXEA_0002579201-mRNA-1	2.71E-10	58.9
PXEA_0002595701-mRNA-1	1.79E-14	67
PXEA_0002611401-mRNA-1	2.22E-50	190
PXEA_0002663301-mRNA-1	1.71E-123	372
PXEA_0002675601-mRNA-1	6.10E-15	79
PXEA_0002725201-mRNA-1	2.40E-08	55.1
PXEA_0002830401-mRNA-1	2.92E-04	45.8
PXEA_0002874301-mRNA-1	3.25E-91	287
PXEA_0002896101-mRNA-1	5.63E-04	43.5
PXEA_0002905301-mRNA-1	1.28E-09	57.4
PXEA_0002922301-mRNA-1	6.31E-22	89
PXEA_0003038301-mRNA-1	1.02E-05	52
PXEA_0003191101-mRNA-1	1.26E-05	53.1
PXEA_0003257001-mRNA-1	1.15E-04	50.4
PXEA_0003321101-mRNA-1	1.97E-23	91.7
PXEA_0003394901-mRNA-1	2.96E-67	231
PXEA_0003397201-mRNA-1	5.17E-24	102
PXEA_0003437101-mRNA-1	2.34E-76	252
PXEA_0003502701-mRNA-1	6.28E-30	110
PXEA_0003537501-mRNA-1	1.69E-24	100
PXEA_0003561701-mRNA-1	3.87E-51	175
PXEA_0003563801-mRNA-1	1.22E-07	54.3
PXEA_0003607801-mRNA-1	1.25E-05	47.8
PXEA_0003663001-mRNA-1	1.91E-04	47.8
PXEA_0003679701-mRNA-1	7.81E-11	68.2
PXEA_0003711701-mRNA-1	7.35E-09	55.5
PXEA_0003746701-mRNA-1	1.13E-21	94.7
augustus_masked-agouti_scaf_310-processed-gene-0.2-mRNA-1	1.25E-79	259
augustus_masked-jcf7180000219633-processed-gene-1.11-mRNA-1	1.90E-13	78.2
augustus_masked-jcf7180000225870-processed-gene-0.2-mRNA-1	4.77E-67	228
augustus_masked-jcf7180000276596-processed-gene-0.2-mRNA-1	4.54E-11	70.5
augustus_masked-jcf7180000277226-processed-gene-0.0-mRNA-1	5.06E-12	73.9
maker-agouti_scaf_1131-snap-gene-0.5-mRNA-1	5.48E-07	57.8
maker-agouti_scaf_322-snap-gene-0.1-mRNA-1	1.32E-75	254
maker-agouti_scaf_914-augustus-gene-0.19-mRNA-1	3.61E-128	409
maker-jcf7180000219501-snap-gene-0.13-mRNA-1	9.76E-103	332
maker-jcf7180000224771-augustus-gene-0.10-mRNA-1	3.44E-08	61.6
maker-jcf7180000225855-augustus-gene-0.9-mRNA-1	7.31E-05	50.8
maker-jcf7180000226722-augustus-gene-0.0-mRNA-1	6.01E-103	330
maker-jcf7180000227101-snap-gene-0.1-mRNA-1	1.55E-80	265
maker-jcf7180000231542-augustus-gene-0.1-mRNA-1	1.99E-18	90.5
maker-jcf7180000233711-snap-gene-0.1-mRNA-1	5.43E-18	83.2
maker-jcf7180000234692-augustus-gene-0.0-mRNA-1	5.13E-24	107
maker-jcf7180000257220-snap-gene-0.0-mRNA-1	3.95E-32	132
maker-jcf7180000275465-snap-gene-0.7-mRNA-1	4.81E-35	149
snap_masked-jcf7180000224386-processed-gene-0.1-mRNA-1	2.11E-67	230
CSKR_100060-T1	3.07E-53	186
CSKR_100445-T1	3.73E-08	61.6
CSKR_100484-T1	8.64E-97	311
CSKR_100656-T1	2.60E-101	327
CSKR_100822-T1	2.70E-54	209
CSKR_102333-T1	2.91E-88	300
CSKR_104473-T1	8.30E-12	73.2
CSKR_105969-T1	5.29E-38	145
CSKR_105970-T1	8.71E-32	130
CSKR_106284-T1	8.88E-65	224
CSKR_108891-T1	1.74E-116	385
CSKR_109717-T1	6.83E-101	321
CSKR_109736-T1	1.15E-72	248
CSKR_109822-T1	4.12E-06	49.3
CSKR_109823-T1	7.51E-51	167
CSKR_109824-T1	7.82E-34	138
CSKR_110046-T1	8.41E-12	73.2
CSKR_110200-T1	7.43E-31	135
CSKR_110516-T1	8.01E-56	205
CSKR_110807-T1	5.64E-88	297
CSKR_110812-T1	2.47E-41	169
CSKR_110817-T1	2.77E-16	84.3
CSKR_111023-T1	9.73E-32	125
CSKR_111665-T1	1.03E-15	85.5
CSKR_111805-T1	6.95E-61	211
CSKR_112300-T1	2.52E-68	229
CSKR_112340-T1	1.15E-29	129
CSKR_112524-T1	3.10E-08	58.5
CSKR_112526-T1	1.83E-11	71.2
CSKR_112592-T1	2.08E-75	251
CSKR_112593-T1	2.83E-75	251
CSKR_113136-T1	2.77E-14	81.3
CSKR_113237-T1	1.47E-19	97.4
CSKR_113749-T1	5.04E-19	96.3
CSKR_114067-T1	1.25E-109	353
CSKR_202406-T1	7.99E-07	57.4
CSKR_202481-T1	2.04E-05	52.8
CSKR_202691-T1	2.93E-129	424
CSKR_202736-T1	3.01E-61	216
CSKR_202771-T1	1.38E-05	53.5
CSKR_202856-T1	3.58E-16	88.2
ECPE_0000041601-mRNA-1	3.74E-42	152
ECPE_0000045401-mRNA-1	6.44E-30	109
ECPE_0000113701-mRNA-1	1.51E-04	43.5
ECPE_0000207701-mRNA-1	6.92E-76	256
ECPE_0000208001-mRNA-1	1.65E-29	132
ECPE_0000209701-mRNA-1	2.27E-77	254
ECPE_0000222701-mRNA-1	1.15E-15	85.5
ECPE_0000233601-mRNA-1	1.73E-06	56.6
ECPE_0000233901-mRNA-1	1.86E-59	210
ECPE_0000235101-mRNA-1	4.36E-09	64.7
ECPE_0000239801-mRNA-1	1.09E-10	69.7
ECPE_0000244801-mRNA-1	3.19E-37	145
ECPE_0000244901-mRNA-1	5.74E-15	75.5
ECPE_0000249501-mRNA-1	2.34E-33	122
ECPE_0000249601-mRNA-1	5.56E-52	167
ECPE_0000265901-mRNA-1	1.28E-36	138
ECPE_0000279801-mRNA-1	2.03E-69	226
ECPE_0000295201-mRNA-1	2.53E-25	119
ECPE_0000299401-mRNA-1	1.63E-12	75.1
ECPE_0000303801-mRNA-1	1.04E-94	310
ECPE_0000312101-mRNA-1	1.05E-77	281
ECPE_0000322401-mRNA-1	4.78E-14	80.5
ECPE_0000326201-mRNA-1	4.98E-36	132
ECPE_0000331401-mRNA-1	1.06E-05	53.9
ECPE_0000426701-mRNA-1	8.88E-27	113
ECPE_0000472801-mRNA-1	1.08E-05	46.2
ECPE_0000473701-mRNA-1	9.16E-16	86.3
ECPE_0000473801-mRNA-1	9.28E-19	94
ECPE_0000475001-mRNA-1	1.81E-21	101
ECPE_0000480701-mRNA-1	3.43E-09	52.8
ECPE_0000480801-mRNA-1	4.19E-50	181
ECPE_0000521101-mRNA-1	1.54E-46	177
ECPE_0000557001-mRNA-1	7.29E-14	80.1
ECPE_0000592501-mRNA-1	2.47E-14	71.2
ECPE_0000672501-mRNA-1	9.47E-22	105
ECPE_0000689801-mRNA-1	2.21E-26	119
ECPE_0000758201-mRNA-1	3.78E-73	245
ECPE_0000779701-mRNA-1	1.47E-35	145
ECPE_0000788501-mRNA-1	1.81E-62	208
ECPE_0000789301-mRNA-1	2.60E-10	62.4
ECPE_0000806801-mRNA-1	6.87E-11	70.1
ECPE_0000831901-mRNA-1	1.39E-07	47
ECPE_0000874801-mRNA-1	1.98E-32	125
ECPE_0000919301-mRNA-1	2.88E-10	65.9
ECPE_0000923401-mRNA-1	1.74E-08	61.6
ECPE_0000935901-mRNA-1	6.26E-68	229
ECPE_0000963501-mRNA-1	7.83E-55	177
ECPE_0001051601-mRNA-1	8.13E-23	100
ECPE_0001139201-mRNA-1	4.69E-21	103
ECPE_0001252201-mRNA-1	6.88E-23	105
ECPE_0001366901-mRNA-1	5.62E-75	239
ECPE_0001422401-mRNA-1	1.75E-05	50.4
ECPE_0001457301-mRNA-1	7.66E-05	46.6
ECPE_0001473401-mRNA-1	9.42E-06	54.3
ECPE_0001593301-mRNA-1	7.79E-32	125
ECPE_0001722101-mRNA-1	3.26E-38	143
ECPE_0001740501-mRNA-1	2.76E-15	74.7
ECPE_0001743601-mRNA-1	9.74E-04	46.6
ECPE_0001753801-mRNA-1	1.36E-14	75.5
FGIG_01388	1.20E-05	53.5
FGIG_01541	8.80E-70	237
FGIG_02289	1.16E-22	107
FGIG_02589	1.37E-55	203
FGIG_02590	6.22E-64	222
FGIG_03054	9.68E-12	73.2
FGIG_03226	1.41E-128	395
FGIG_03227	1.93E-10	58.5
FGIG_03301	1.54E-108	342
FGIG_03463	1.24E-32	137
FGIG_03466	3.14E-08	60.1
FGIG_04082	3.79E-73	249
FGIG_04240	3.97E-73	247
FGIG_04241	1.93E-90	296
FGIG_04398	7.11E-30	132
FGIG_04701	1.44E-24	115
FGIG_04702	2.08E-49	194
FGIG_05051	3.19E-10	64.7
FGIG_05312	3.46E-06	52.4
FGIG_05554	1.75E-06	56.6
FGIG_05559	8.50E-46	157
FGIG_05560	5.71E-20	90.5
FGIG_05653	1.64E-05	54.3
FGIG_05892	1.08E-80	263
FGIG_06005	2.61E-06	55.8
FGIG_06054	2.04E-09	65.9
FGIG_06186	1.12E-20	93.6
FGIG_06187	1.09E-10	67
FGIG_06644	7.84E-53	192
FGIG_06659	2.76E-29	132
FGIG_06661	1.91E-24	115
FGIG_06849	5.58E-18	90.9
FGIG_06850	1.26E-36	144
FGIG_07823	1.04E-114	371
FGIG_08212	2.78E-66	229
FGIG_08629	7.92E-79	249
FGIG_09057	1.16E-12	75.1
FGIG_09726	3.82E-16	87
FGIG_10124	8.07E-69	231
FGIG_10750	4.25E-11	70.5
FGIG_10773	4.53E-32	136
FGIG_10984	1.59E-10	62.8
FGIG_11629	6.83E-12	73.2
FGIG_12014	1.00E-07	53.9
maker-scaffold10x_100_pilon-snap-gene-0.1-mRNA-1	1.70E-22	106
maker-scaffold10x_1086_pilon-pred_gff_StringTie-gene-0.30-mRNA-1	2.78E-66	229
maker-scaffold10x_111_pilon-augustus-gene-0.6-mRNA-1	2.65E-74	253
maker-scaffold10x_111_pilon-snap-gene-0.71-mRNA-1	1.92E-98	315
maker-scaffold10x_1213_pilon-snap-gene-0.66-mRNA-1	7.94E-47	181
maker-scaffold10x_125_pilon-augustus-gene-0.74-mRNA-1	3.68E-05	52.4
maker-scaffold10x_1322_pilon-snap-gene-0.10-mRNA-1	5.65E-18	92.8
maker-scaffold10x_1326_pilon-snap-gene-0.57-mRNA-1	8.08E-07	57
maker-scaffold10x_1420_pilon-snap-gene-0.54-mRNA-1	2.71E-89	295
maker-scaffold10x_1829_pilon-snap-gene-0.28-mRNA-1	2.68E-19	96.7
maker-scaffold10x_1972_pilon-snap-gene-0.29-mRNA-1	1.35E-86	276
maker-scaffold10x_1972_pilon-snap-gene-0.30-mRNA-1	1.64E-92	300
maker-scaffold10x_217_pilon-augustus-gene-1.19-mRNA-1	1.88E-07	60.5
maker-scaffold10x_240_pilon-snap-gene-0.20-mRNA-1	1.64E-28	128
maker-scaffold10x_256_pilon-snap-gene-0.12-mRNA-1	7.94E-112	373
maker-scaffold10x_330_pilon-snap-gene-0.88-mRNA-1	2.52E-06	56.2
maker-scaffold10x_345_pilon-augustus-gene-0.44-mRNA-1	7.13E-153	462
maker-scaffold10x_492_pilon-augustus-gene-0.4-mRNA-1	4.07E-53	188
maker-scaffold10x_493_pilon-snap-gene-1.25-mRNA-1	7.39E-32	135
maker-scaffold10x_498_pilon-snap-gene-0.4-mRNA-1	4.90E-05	51.6
maker-scaffold10x_513_pilon-snap-gene-1.149-mRNA-1	1.03E-47	169
maker-scaffold10x_598_pilon-augustus-gene-1.139-mRNA-1	1.09E-30	130
maker-scaffold10x_602_pilon-pred_gff_StringTie-gene-0.15-mRNA-1	1.70E-12	75.5
maker-scaffold10x_609_pilon-snap-gene-0.7-mRNA-1	1.12E-27	120
maker-scaffold10x_637_pilon-augustus-gene-0.35-mRNA-1	7.33E-21	96.3
maker-scaffold10x_691_pilon-snap-gene-0.46-mRNA-1	8.31E-12	73.6
maker-scaffold10x_712_pilon-snap-gene-0.7-mRNA-1	8.88E-110	345
maker-scaffold10x_730_pilon-snap-gene-0.76-mRNA-1	2.87E-70	244
maker-scaffold10x_794_pilon-augustus-gene-0.64-mRNA-1	5.26E-99	301
maker-scaffold10x_894_pilon-augustus-gene-0.86-mRNA-1	2.77E-72	244
maker-scaffold10x_908_pilon-snap-gene-1.158-mRNA-1	3.89E-89	281
maker-scaffold10x_908_pilon-snap-gene-1.174-mRNA-1	4.45E-10	60.1
maker-scaffold10x_90_pilon-augustus-gene-0.113-mRNA-1	8.07E-24	108
maker-scaffold10x_90_pilon-snap-gene-0.102-mRNA-1	6.12E-09	62.4
maker-scaffold10x_90_pilon-snap-gene-0.98-mRNA-1	1.12E-50	199
maker-scaffold10x_925_pilon-snap-gene-0.5-mRNA-1	4.45E-23	108
snap_masked-scaffold10x_2623_pilon-processed-gene-0.3-mRNA-1	3.92E-17	90.1
snap_masked-scaffold10x_513_pilon-processed-gene-1.78-mRNA-1	4.06E-13	77.4
FBUS_00206	7.11E-06	51.6
FBUS_00288	1.03E-05	53.9
FBUS_00558	2.70E-93	301
FBUS_00785	5.20E-59	205
FBUS_00950	1.58E-21	103
FBUS_01426	2.32E-18	94
FBUS_01599	6.93E-30	127
FBUS_01600	7.32E-38	148
FBUS_01623	1.68E-58	208
FBUS_02208	5.34E-12	73.9
FBUS_02209	4.53E-19	93.2
FBUS_02255	4.02E-17	90.1
FBUS_02328	1.12E-80	263
FBUS_02512	2.99E-13	78.2
FBUS_02513	3.28E-24	114
FBUS_02514	5.38E-48	189
FBUS_02528	9.95E-71	239
FBUS_02647	1.35E-20	101
FBUS_02767	4.72E-127	392
FBUS_02777	7.36E-103	331
FBUS_02809	1.24E-13	79
FBUS_03035	1.32E-115	370
FBUS_03615	1.94E-33	140
FBUS_03768	7.24E-23	107
FBUS_03795	8.59E-81	268
FBUS_03796	3.78E-74	252
FBUS_03872	1.65E-33	140
FBUS_04006	2.95E-113	377
FBUS_04043	9.44E-58	211
FBUS_04495	1.54E-88	293
FBUS_04736	8.34E-08	60.8
FBUS_04886	7.92E-04	47.8
FBUS_05118	1.42E-21	106
FBUS_05120	5.30E-28	128
FBUS_05335	2.89E-29	124
FBUS_05372	7.89E-10	67
FBUS_05431	1.72E-14	72.4
FBUS_05551	1.20E-10	68.9
FBUS_05912	8.97E-108	340
FBUS_06108	1.05E-65	228
FBUS_06320	2.53E-06	56.2
FBUS_06597	1.15E-15	85.5
FBUS_07000	4.34E-18	94.4
FBUS_07501	1.83E-13	76.6
FBUS_07927	3.77E-08	57.4
FBUS_08443	1.41E-26	116
FBUS_08796	4.76E-35	146
FBUS_09115	1.87E-49	183
FBUS_11148	2.68E-18	82
FBUS_11313	3.82E-73	246
FBUS_11854	3.37E-89	297
CRM22_000207	6.09E-34	142
CRM22_001344	2.21E-35	143
CRM22_001410	4.74E-05	51.6
CRM22_001648	5.03E-116	384
CRM22_002079.1	9.71E-05	51.6
CRM22_002585	1.03E-75	252
CRM22_002586	1.13E-74	249
CRM22_002607	5.90E-76	256
CRM22_002701	1.34E-11	72.8
CRM22_002711.2	3.54E-89	298
CRM22_002991.2	1.44E-90	295
CRM22_003453	8.88E-65	224
CRM22_003618	2.17E-15	84.3
CRM22_003849	7.79E-55	211
CRM22_004075.2	4.46E-04	48.1
CRM22_004510.1	2.28E-33	135
CRM22_004510.2	9.62E-54	188
CRM22_004601	2.57E-70	235
CRM22_004828	3.81E-71	218
CRM22_004829	2.18E-46	173
CRM22_005099	9.02E-13	76.3
CRM22_005310.1	3.48E-101	326
CRM22_005430	1.11E-109	354
CRM22_006152.2	1.62E-32	134
CRM22_006179	5.43E-21	103
CRM22_006211.5	5.26E-104	330
CRM22_006310.2	2.25E-04	49.7
CRM22_007018	2.23E-150	455
CRM22_007029	7.08E-15	83.2
CRM22_007218.1	2.51E-92	297
CRM22_007742	1.53E-13	69.3
CRM22_009199	8.33E-75	253
CRM22_009406	1.11E-11	73.2
CRM22_009422.1	1.77E-19	97.8
CRM22_009721	1.35E-60	211
CRM22_010139	3.44E-20	99.4
CRM22_010246.1	1.04E-98	317
CRM22_010246.2	7.93E-102	324
CRM22_010247.2	2.34E-78	259
CRM22_010277.1	7.32E-72	245
CRM22_010535	6.84E-19	95.9
CRM22_010922	7.85E-04	40
CRM22_010924	1.72E-06	49.7
CRM22_011292	7.13E-09	63.9
T265_00747	5.62E-63	219
T265_01528	1.87E-11	72
T265_01690	1.05E-12	76.3
T265_02251	4.84E-04	48.5
T265_02533	2.47E-11	72
T265_02868	5.19E-04	48.1
T265_03214	6.66E-04	46.2
T265_03886	1.50E-74	253
T265_04919	6.14E-12	72.8
T265_04920	5.78E-11	69.7
T265_05530	6.11E-05	51.2
T265_05648	5.91E-72	249
T265_05667	1.74E-101	323
T265_05735	1.10E-06	57
T265_06210	4.52E-54	197
T265_06211	2.23E-94	306
T265_06223	5.73E-75	250
T265_06225	3.13E-74	248
T265_06312	4.94E-05	48.5
T265_06813	6.95E-56	199
T265_07724	9.65E-29	124
T265_07728	4.04E-17	90.9
T265_08541	7.23E-69	231
T265_10270	4.98E-47	183
T265_10302	4.76E-13	77.4
T265_10352	2.51E-08	58.5
T265_10354	2.14E-05	50.8
T265_12012	4.14E-16	79.7
T265_12626	3.26E-12	72.4
T265_12893	3.11E-10	63.2
T265_13009	6.65E-31	129
T265_13118	3.75E-61	211
T265_13190	4.26E-86	270
T265_13422	9.82E-93	297
T265_13679	7.35E-91	295
T265_13838	1.84E-87	290
T265_13973	1.09E-39	147
T265_14323	5.04E-12	74.3
T265_14364	1.40E-88	294
T265_14536	4.96E-07	56.6
T265_14724	4.89E-77	271
T265_15588	2.11E-101	327
T265_16029	2.83E-04	44.7
DEA37_0000062	1.08E-22	105
DEA37_0000235	4.61E-16	80.9
DEA37_0000857	1.93E-05	50.8
DEA37_0001308	6.52E-05	49.7
DEA37_0002114	1.38E-27	117
DEA37_0002115	1.52E-39	150
DEA37_0002622	1.04E-08	55.8
DEA37_0002623	1.03E-14	82.4
DEA37_0002624	3.37E-46	154
DEA37_0002704	2.77E-94	292
DEA37_0003890	2.59E-09	60.1
DEA37_0004462	7.03E-10	63.2
DEA37_0004464	6.52E-11	69.7
DEA37_0005114	1.52E-70	233
DEA37_0005115	6.67E-05	47.8
DEA37_0005117	4.18E-13	75.1
DEA37_0005192	1.66E-66	228
DEA37_0007079	2.84E-26	115
DEA37_0007182	1.21E-19	99.4
DEA37_0007322	3.97E-93	303
DEA37_0007576	1.24E-06	55.5
DEA37_0007907	7.72E-10	67
DEA37_0008185	2.51E-64	222
DEA37_0008606	4.64E-46	174
DEA37_0008608	1.34E-33	139
DEA37_0008611	2.23E-39	152
DEA37_0008752	1.14E-07	53.5
DEA37_0009266	2.34E-05	53.1
DEA37_0009581	4.45E-85	281
DEA37_0009670	2.06E-05	50.8
DEA37_0010008	1.38E-09	65.5
DEA37_0010404	6.64E-72	233
DEA37_0011209	2.03E-145	452
DEA37_0011560	1.17E-77	255
DEA37_0011576	7.40E-21	87.4
DEA37_0011578	1.65E-69	228
DEA37_0011753	6.48E-12	73.6
DEA37_0012378	1.54E-09	65.9
DEA37_0013022	2.32E-06	56.2
DEA37_0013057	1.27E-11	72.8
DEA37_0013337	6.78E-128	407
DEA37_0014214	2.75E-05	50.4
DEA37_0014300	9.26E-06	47.4
DEA37_0014301	5.17E-08	60.1
DEA37_0014302	2.33E-95	295
DEA37_0014955	3.15E-96	303
DEA37_0014957	2.20E-07	50.8
DC041_0000575	2.36E-26	117
DC041_0000656	2.90E-39	152
DC041_0000691	2.51E-14	82
DC041_0000760	2.37E-31	138
DC041_0001742	3.10E-12	72.8
DC041_0002539	3.78E-07	49.7
DC041_0002543	4.05E-27	101
DC041_0002544	3.64E-48	176
DC041_0003523	4.17E-68	233
DC041_0003524	5.08E-48	180
DC041_0003969	2.26E-06	54.7
DC041_0003983	1.81E-222	683
DC041_0004136	3.45E-28	124
DC041_0004563	1.41E-76	253
DC041_0004614	2.70E-21	89.4
DC041_0004624	3.81E-45	152
DC041_0004745	2.33E-87	296
DC041_0005042	2.38E-65	226
DC041_0005325	1.57E-44	176
DC041_0006550	3.65E-13	77.8
DC041_0006773	4.55E-43	164
DC041_0006782	8.67E-88	288
DC041_0006783	3.66E-49	188
DC041_0006807	4.86E-21	95.5
DC041_0006865	5.48E-15	83.6
DC041_0006933	1.46E-05	52.4
DC041_0007292	1.22E-47	177
DC041_0007293	2.57E-49	185
DC041_0008558	8.84E-05	48.1
DC041_0008559	5.44E-09	62
DC041_0008560	6.89E-04	45.1
DC041_0008876	7.59E-30	127
DC041_0009168	2.36E-09	63.5
DC041_0009852	4.13E-17	90.1
DC041_0010234	1.22E-05	47
DC041_0010235	1.77E-09	62.8
DC041_0010345	8.05E-67	237
DC041_0010377	2.30E-73	246
DC041_0010992	1.95E-116	386
DC041_0011588	4.39E-12	63.5
DC041_0012271	1.43E-50	184
DC041_0012679	8.48E-58	209
SCUD_0000012601-mRNA-1	5.49E-52	188
SCUD_0000023701-mRNA-1	5.14E-65	225
SCUD_0000086901-mRNA-1	1.45E-05	52
SCUD_0000222601-mRNA-1	3.71E-13	77.8
SCUD_0000282801-mRNA-1	2.87E-05	45.4
SCUD_0000323701-mRNA-1	4.85E-14	76.3
SCUD_0000424801-mRNA-1	2.19E-27	113
SCUD_0000543201-mRNA-1	1.89E-12	65.5
SCUD_0000582601-mRNA-1	5.04E-25	102
SCUD_0000736701-mRNA-1	1.01E-66	230
SCUD_0000736801-mRNA-1	1.03E-41	157
SCUD_0000749401-mRNA-1	5.59E-06	49.3
SCUD_0000780101-mRNA-1	2.27E-04	43.1
SCUD_0000794301-mRNA-1	1.93E-69	244
SCUD_0000802801-mRNA-1	2.97E-32	140
SCUD_0000893501-mRNA-1	3.08E-09	62.4
SCUD_0000903301-mRNA-1	2.26E-93	293
SCUD_0000953601-mRNA-1	1.02E-07	60.1
SCUD_0001014901-mRNA-1	1.98E-76	252
SCUD_0001019001-mRNA-1	1.99E-54	199
SCUD_0001019201-mRNA-1	9.98E-69	234
SCUD_0001120301-mRNA-1	8.88E-30	129
SCUD_0001127201-mRNA-1	4.14E-12	72.4
SCUD_0001172501-mRNA-1	6.86E-07	51.6
SCUD_0001186701-mRNA-1	5.75E-08	51.6
SCUD_0001192101-mRNA-1	7.97E-05	47.8
SCUD_0001203201-mRNA-1	3.07E-25	108
SCUD_0001235401-mRNA-1	3.52E-30	128
SCUD_0001247001-mRNA-1	3.59E-04	46.6
SCUD_0001385201-mRNA-1	4.10E-63	217
SCUD_0001389301-mRNA-1	2.15E-40	155
SCUD_0001419901-mRNA-1	4.13E-15	84
SCUD_0001452501-mRNA-1	3.92E-34	137
SCUD_0001465501-mRNA-1	2.56E-20	90.5
SCUD_0001544601-mRNA-1	4.98E-15	79
SCUD_0001545501-mRNA-1	2.29E-09	63.5
SCUD_0001707701-mRNA-1	1.03E-18	92.4
SCUD_0001707801-mRNA-1	1.71E-37	146
SCUD_0001748501-mRNA-1	1.97E-54	176
SCUD_0001805601-mRNA-1	3.92E-08	60.1
SCUD_0001813101-mRNA-1	4.99E-11	58.9
SCUD_0001828501-mRNA-1	1.19E-73	246
SCUD_0001860701-mRNA-1	8.11E-60	187
SCUD_0001876601-mRNA-1	1.95E-33	130
SCUD_0001896101-mRNA-1	8.93E-15	79
SCUD_0002047801-mRNA-1	1.88E-16	87.4
SCUD_0002050201-mRNA-1	4.54E-40	150
SCUD_0002072201-mRNA-1	1.38E-37	140
SCUD_0002141701-mRNA-1	2.84E-15	82.4
SCUD_0002226601-mRNA-1	6.67E-87	264
SCUD_0002252401-mRNA-1	1.75E-12	65.1
SCUD_0002268201-mRNA-1	7.70E-29	113
MS3_0011647.1	8.33E-74	247
MS3_0011794.1	6.40E-88	296
MS3_0011806.1	6.71E-08	60.5
MS3_0011807.1	4.88E-09	63.2
MS3_0012065.1	7.72E-76	251
MS3_0012268.1	1.76E-45	177
MS3_0013394.1	4.00E-36	152
MS3_0013845.1	2.99E-21	101
MS3_0014938.1	3.01E-17	90.5
MS3_0015225.1	2.26E-92	306
MS3_0015312.1	1.07E-101	315
MS3_0015347.1	7.73E-118	389
MS3_0015402.1	6.88E-23	108
MS3_0015499.1	9.04E-14	79.7
MS3_0015774.1	1.28E-14	82.4
MS3_0015857.1	4.27E-80	270
MS3_0016111.1	1.44E-107	364
MS3_0016276.1	8.33E-43	164
MS3_0016976.1	1.49E-100	324
MS3_0017353.1	1.13E-92	300
MS3_0017490.1	1.43E-50	184
MS3_0017600.1	3.59E-255	809
MS3_0018301.1	9.47E-39	153
MS3_0019175.1	6.01E-29	127
MS3_0019220.1	1.86E-06	53.5
MS3_0019327.1	1.36E-32	132
MS3_0019988.1	4.59E-54	193
MS3_0019989.1	1.25E-06	48.9
MS3_0020041.1	3.02E-07	58.2
MS3_0020326.1	1.55E-68	233
MS3_0020329.1	1.35E-05	52.8
MS3_0020669.1	2.82E-83	258
MS3_0020873.1	4.29E-12	74.3
EWB00_000689	4.87E-115	368
EWB00_000903	3.30E-33	144
EWB00_000959	1.10E-27	117
EWB00_000994	1.62E-55	190
EWB00_001287	9.05E-78	256
EWB00_001803	1.65E-92	297
EWB00_001959.1	8.65E-70	245
EWB00_002033	1.89E-05	49.3
EWB00_002747	1.27E-15	85.1
EWB00_002806	8.01E-17	89.4
EWB00_003130	1.05E-94	306
EWB00_003131	1.35E-99	317
EWB00_003132	3.93E-79	263
EWB00_004230	1.27E-14	82
EWB00_004630	3.18E-105	334
EWB00_005092	7.67E-87	283
EWB00_005770	4.11E-29	129
EWB00_006004	3.79E-22	106
EWB00_006065	2.74E-115	374
EWB00_006254	6.24E-21	101
EWB00_006346.1	5.30E-24	109
EWB00_006495	2.16E-97	317
EWB00_006661	3.59E-75	256
EWB00_006662.1	1.26E-69	237
EWB00_006662.2	7.07E-100	319
EWB00_007595	5.99E-20	89
EWB00_007597	1.66E-57	199
EWB00_008387	1.01E-67	233
EWB00_008559	2.80E-14	81.3
EWB00_008662.3	4.82E-33	139
EWB00_008986	5.41E-74	248
EWB00_009408	9.20E-133	441
EWB00_009623	2.10E-43	174
EWB00_010225	9.81E-56	197
EWB00_010226	7.31E-66	226
EWB00_011150	4.67E-14	80.5
Smp_012000.1	3.33E-33	140
Smp_015630.1	2.40E-68	232
Smp_031680.1	2.32E-94	306
Smp_037960.1	4.33E-100	318
Smp_052630.1	8.01E-13	76.6
Smp_083980.1	3.73E-21	102
Smp_093210.1	2.57E-21	103
Smp_096480.1	8.33E-74	247
Smp_104890.1	1.65E-78	258
Smp_135040.1	8.28E-88	295
Smp_139330.1	9.94E-77	260
Smp_140920.2	2.21E-117	389
Smp_141570.1	2.31E-49	181
Smp_142700.2	3.68E-96	308
Smp_144110.1	9.58E-18	92
Smp_157790.1	3.19E-113	363
Smp_162680.1	2.40E-16	87.8
Smp_170810.1	1.58E-15	84.7
Smp_176310.1	1.96E-100	324
Smp_180570.1	6.29E-72	243
Smp_246130.1	2.82E-129	398
Smp_305740.1	1.21E-101	325
Smp_306240.2	7.78E-80	265
Smp_321840.1	5.42E-16	83.2
Smp_322850.1	5.14E-33	141
Smp_332020.1	1.00E-85	284
Smp_333670.1	4.93E-30	133
Smp_334630.1	2.28E-59	211
Smp_334730.1	4.27E-72	251
Smp_336620.1	3.89E-92	297
Smp_337330.1	3.31E-26	116
Smp_342000.1	1.71E-14	82
Smp_346800.1	6.94E-06	54.3
Smp_347630.1	7.71E-47	181
SMRZ_0000025001-mRNA-1	1.67E-82	276
SMRZ_0000161101-mRNA-1	1.63E-85	268
SMRZ_0000234201-mRNA-1	2.69E-10	65.9
SMRZ_0000278401-mRNA-1	1.08E-05	52
SMRZ_0000303201-mRNA-1	1.08E-12	74.7
SMRZ_0000310901-mRNA-1	3.89E-51	184
SMRZ_0000365101-mRNA-1	2.27E-69	231
SMRZ_0000365401-mRNA-1	4.50E-51	191
SMRZ_0000399701-mRNA-1	3.18E-11	59.7
SMRZ_0000399801-mRNA-1	1.21E-77	264
SMRZ_0000428401-mRNA-1	1.17E-73	246
SMRZ_0000429601-mRNA-1	2.63E-72	231
SMRZ_0000470101-mRNA-1	1.12E-09	64.3
SMRZ_0000511701-mRNA-1	6.45E-22	96.7
SMRZ_0000642801-mRNA-1	2.60E-28	107
SMRZ_0000682301-mRNA-1	5.56E-58	197
SMRZ_0000755801-mRNA-1	4.02E-08	56.6
SMRZ_0000801101-mRNA-1	1.51E-20	89.7
SMRZ_0000818001-mRNA-1	3.10E-145	439
SMRZ_0000878401-mRNA-1	1.28E-14	82.4
SMRZ_0000960301-mRNA-1	1.15E-38	147
SMRZ_0000971901-mRNA-1	1.05E-06	53.5
SMRZ_0000972101-mRNA-1	6.42E-42	147
SMRZ_0000981701-mRNA-1	3.63E-40	152
SMRZ_0001099201-mRNA-1	2.27E-04	43.1
SMRZ_0001156601-mRNA-1	2.89E-07	57.8
SMRZ_0001172101-mRNA-1	6.62E-44	143
SMRZ_0001205901-mRNA-1	4.98E-15	79.7
SMRZ_0001226201-mRNA-1	1.45E-13	74.3
SMRZ_0001230001-mRNA-1	3.84E-10	66.2
SMRZ_0001280501-mRNA-1	8.80E-78	256
SMRZ_0001309301-mRNA-1	5.03E-63	196
SMRZ_0001322801-mRNA-1	7.00E-06	50.8
SMRZ_0001344001-mRNA-1	1.54E-30	113
SMRZ_0001555601-mRNA-1	1.41E-31	134
SMRZ_0001596201-mRNA-1	6.09E-61	214
SMRZ_0001596301-mRNA-1	9.31E-89	291
SMRZ_0001619401-mRNA-1	6.31E-07	51.6
SMRZ_0001647201-mRNA-1	7.37E-94	303
SMRZ_0001709001-mRNA-1	6.55E-19	88.2
SMRZ_0001753301-mRNA-1	6.68E-09	61.6
SMRZ_0001845001-mRNA-1	5.60E-18	92.8
SMRZ_0002038901-mRNA-1	9.83E-44	170
SMRZ_0002043301-mRNA-1	2.19E-48	180
SMRZ_0002117001-mRNA-1	8.34E-07	53.1
SMRZ_0002311001-mRNA-1	6.35E-12	64.3
SMRZ_0002319201-mRNA-1	5.61E-27	117
SMRZ_0002392101-mRNA-1	1.15E-90	298
SMRZ_0002534601-mRNA-1	1.09E-57	187
SMTD_0000000101-mRNA-1	6.68E-35	149
SMTD_0000013601-mRNA-1	2.55E-19	89.4
SMTD_0000026501-mRNA-1	2.29E-17	90.9
SMTD_0000143801-mRNA-1	1.61E-27	107
SMTD_0000341601-mRNA-1	9.94E-07	53.5
SMTD_0000392501-mRNA-1	4.66E-04	46.2
SMTD_0000543301-mRNA-1	1.92E-84	268
SMTD_0000579401-mRNA-1	1.08E-05	52
SMTD_0000613001-mRNA-1	3.45E-28	124
SMTD_0000635201-mRNA-1	2.34E-11	58.5
SMTD_0000664601-mRNA-1	1.10E-12	65.9
SMTD_0000665301-mRNA-1	1.10E-62	204
SMTD_0000685401-mRNA-1	2.54E-57	206
SMTD_0000692601-mRNA-1	5.18E-15	83.6
SMTD_0000721401-mRNA-1	8.67E-15	79.3
SMTD_0000721501-mRNA-1	1.14E-49	180
SMTD_0000735101-mRNA-1	6.26E-78	267
SMTD_0000756901-mRNA-1	5.95E-69	236
SMTD_0000802401-mRNA-1	3.22E-73	245
SMTD_0000824901-mRNA-1	3.71E-76	251
SMTD_0000893901-mRNA-1	1.21E-14	82.8
SMTD_0000924401-mRNA-1	7.21E-88	279
SMTD_0000927101-mRNA-1	1.95E-09	64.3
SMTD_0000927201-mRNA-1	6.18E-07	51.6
SMTD_0000952701-mRNA-1	3.95E-45	151
SMTD_0001012701-mRNA-1	1.35E-48	171
SMTD_0001031001-mRNA-1	6.37E-79	253
SMTD_0001056601-mRNA-1	2.03E-49	162
SMTD_0001147301-mRNA-1	4.98E-54	172
SMTD_0001220101-mRNA-1	1.53E-12	75.5
SMTD_0001280301-mRNA-1	1.80E-16	84
SMTD_0001360501-mRNA-1	2.49E-39	149
SMTD_0001424401-mRNA-1	2.20E-09	61.2
SMTD_0001453601-mRNA-1	2.05E-32	129
SMTD_0001470301-mRNA-1	1.91E-83	268
SMTD_0001495401-mRNA-1	2.40E-09	63.5
SMTD_0001539301-mRNA-1	1.84E-12	62
SMTD_0001618901-mRNA-1	2.84E-04	43.1
SMTD_0001626701-mRNA-1	6.79E-05	47.8
SMTD_0001631401-mRNA-1	5.24E-04	42.7
SMTD_0001716501-mRNA-1	4.36E-14	69.7
SMTD_0001741301-mRNA-1	4.28E-73	242
SMTD_0001783501-mRNA-1	2.73E-29	119
SMTD_0001809201-mRNA-1	2.44E-07	58.5
SMTD_0001881401-mRNA-1	2.46E-67	230
SMTD_0001892701-mRNA-1	2.29E-09	63.5
SMTD_0001912001-mRNA-1	2.61E-40	151
SMTD_0001919101-mRNA-1	5.96E-61	191
SMTD_0002063701-mRNA-1	1.18E-05	46.2
SMTD_0002066001-mRNA-1	1.68E-09	62.4
SMTD_0002132901-mRNA-1	4.93E-09	54.7
SMTD_0002141001-mRNA-1	4.84E-06	50.8
SMTD_0002152601-mRNA-1	1.40E-33	119
SMTD_0002196501-mRNA-1	2.77E-04	43.5
SMTD_0002250801-mRNA-1	5.42E-10	63.5
SROB_0000129601-mRNA-1	5.30E-06	51.6
SROB_0000129901-mRNA-1	3.33E-85	281
SROB_0000150001-mRNA-1	2.72E-22	106
SROB_0000164601-mRNA-1	1.75E-33	122
SROB_0000164701-mRNA-1	2.12E-54	174
SROB_0000164801-mRNA-1	1.09E-05	45.8
SROB_0000190501-mRNA-1	2.00E-87	283
SROB_0000267301-mRNA-1	3.90E-48	181
SROB_0000290801-mRNA-1	2.10E-79	256
SROB_0000295301-mRNA-1	5.56E-18	92.8
SROB_0000299301-mRNA-1	4.84E-11	65.5
SROB_0000299601-mRNA-1	5.84E-13	77
SROB_0000338801-mRNA-1	1.06E-75	252
SROB_0000339901-mRNA-1	4.52E-07	51.6
SROB_0000398301-mRNA-1	1.38E-40	140
SROB_0000398401-mRNA-1	9.19E-66	226
SROB_0000412601-mRNA-1	1.49E-72	243
SROB_0000431101-mRNA-1	1.31E-05	52.4
SROB_0000464001-mRNA-1	1.27E-46	154
SROB_0000475501-mRNA-1	6.22E-70	233
SROB_0000479401-mRNA-1	5.28E-19	87.4
SROB_0000531601-mRNA-1	1.00E-10	68.9
SROB_0000558601-mRNA-1	6.22E-05	45.1
SROB_0000643001-mRNA-1	1.65E-15	82
SROB_0000793401-mRNA-1	6.68E-06	53.1
SROB_0000804701-mRNA-1	7.11E-18	84.7
SROB_0000862401-mRNA-1	1.74E-77	263
SROB_0000879301-mRNA-1	2.22E-15	84.7
SROB_0001021401-mRNA-1	1.41E-18	89.4
SROB_0001075401-mRNA-1	6.62E-14	76.6
SROB_0001192901-mRNA-1	3.11E-17	80.5
SROB_0001219001-mRNA-1	2.25E-56	196
SROB_0001329601-mRNA-1	6.52E-29	124
SROB_0001442101-mRNA-1	1.12E-08	60.8
SROB_0001563001-mRNA-1	3.48E-13	77.8
SROB_0001568101-mRNA-1	4.74E-05	45.8
SROB_0001609501-mRNA-1	1.03E-15	81.3
SROB_0001619801-mRNA-1	5.37E-08	59.3
SROB_0001651301-mRNA-1	3.68E-22	103
SROB_0001673601-mRNA-1	8.00E-37	141
SROB_0001678201-mRNA-1	2.64E-09	55.5
SROB_0001693301-mRNA-1	1.12E-12	70.5
SROB_0001712101-mRNA-1	6.60E-18	84.3
SROB_0001878301-mRNA-1	8.68E-49	179
SROB_0001933801-mRNA-1	8.45E-13	71.6
SROB_0001967201-mRNA-1	1.40E-09	58.5
SROB_0001967801-mRNA-1	1.90E-07	57
SROB_0002045101-mRNA-1	1.12E-23	95.9
SROB_0002081001-mRNA-1	8.34E-24	99.4
SROB_0002100601-mRNA-1	1.72E-08	61.2
SROB_0002118801-mRNA-1	7.27E-16	76.6
SROB_0002169401-mRNA-1	3.66E-53	183
SROB_0002238801-mRNA-1	7.67E-26	103
SROB_0002314101-mRNA-1	8.92E-07	51.2
TRE_0000090401-mRNA-1	1.38E-11	65.9
TRE_0000139301-mRNA-1	6.66E-31	110
TRE_0000140201-mRNA-1	4.32E-41	149
TRE_0000142601-mRNA-1	6.63E-10	62
TRE_0000142701-mRNA-1	2.25E-04	45.1
TRE_0000182201-mRNA-1	4.14E-18	90.5
TRE_0000182301-mRNA-1	4.66E-24	110
TRE_0000200301-mRNA-1	2.13E-08	60.5
TRE_0000212001-mRNA-1	3.39E-12	74.7
TRE_0000219801-mRNA-1	2.54E-07	58.5
TRE_0000220001-mRNA-1	1.23E-05	50.4
TRE_0000243001-mRNA-1	5.91E-04	45.8
TRE_0000253501-mRNA-1	1.92E-05	52.4
TRE_0000297801-mRNA-1	1.87E-25	113
TRE_0000346101-mRNA-1	2.59E-07	49.3
TRE_0000417301-mRNA-1	2.45E-05	49.7
TRE_0000422201-mRNA-1	1.14E-24	105
TRE_0000479301-mRNA-1	1.43E-15	85.1
TRE_0000520601-mRNA-1	2.87E-06	53.9
TRE_0000545801-mRNA-1	1.66E-27	112
TRE_0000571901-mRNA-1	1.51E-09	53.1
TRE_0000609201-mRNA-1	5.78E-62	223
TRE_0000617401-mRNA-1	6.09E-68	232
TRE_0000638701-mRNA-1	9.71E-33	138
TRE_0000653701-mRNA-1	7.97E-36	136
TRE_0000658101-mRNA-1	2.18E-37	138
TRE_0000658901-mRNA-1	8.38E-79	257
TRE_0000675701-mRNA-1	3.94E-38	146
TRE_0000759201-mRNA-1	5.42E-19	83.2
TRE_0000790101-mRNA-1	1.48E-04	45.8
TRE_0000795501-mRNA-1	8.36E-28	105
TRE_0000939101-mRNA-1	6.98E-05	45.1
TRE_0000998601-mRNA-1	6.49E-10	63.2
TRE_0001015201-mRNA-1	1.36E-63	198
TRE_0001068001-mRNA-1	8.17E-71	229
TRE_0001124001-mRNA-1	4.60E-15	77.8
TRE_0001128701-mRNA-1	8.34E-07	49.7
TRE_0001199001-mRNA-1	2.16E-05	48.9
TRE_0001270301-mRNA-1	4.38E-05	50.4
TRE_0001375701-mRNA-1	1.51E-05	48.9
TRE_0001437201-mRNA-1	3.11E-10	65.5
TRE_0001473501-mRNA-1	2.48E-35	137
TRE_0001491201-mRNA-1	7.21E-75	249
TRE_0001556301-mRNA-1	2.06E-13	79
TRE_0001627601-mRNA-1	1.10E-06	49.7
TRE_0001631101-mRNA-1	1.34E-20	90.9
TRE_0001659501-mRNA-1	1.16E-18	87.4
TRE_0001762501-mRNA-1	7.50E-13	76.6
TRE_0001919201-mRNA-1	9.04E-11	58.9
TRE_0002044501-mRNA-1	1.05E-20	84.7
TRE_0002076201-mRNA-1	6.59E-12	65.1
TRE_0002186001-mRNA-1	1.58E-26	106
TRE_0002196801-mRNA-1	7.31E-10	63.2
DILT_0000031701-mRNA-1	1.29E-70	229
DILT_0000361801-mRNA-1	2.33E-58	200
DILT_0001059501-mRNA-1	1.19E-54	198
DILT_0001223101-mRNA-1	5.01E-40	146
DILT_0001318901-mRNA-1	5.66E-43	152
DILT_0001527901-mRNA-1	1.27E-34	132
DILT_0001682601-mRNA-1	9.75E-53	187
maker-E.canG7_contigs_7107-pred_gff_cdna2genome-gene-1.212-mRNA-1	1.24E-71	240
maker-E.canG7_contigs_6006-pred_gff_blastx-gene-0.237-mRNA-1	3.89E-86	276
maker-E.canG7_contigs_3694-snap-gene-0.34-mRNA-1	6.47E-49	180
EgrG_000839300	6.80E-86	275
EgrG_000977600	5.39E-69	233
EgrG_000815100	3.03E-42	161
EmuJ_000815100.1	2.28E-43	164
EmuJ_000839300.1	5.78E-89	283
EmuJ_000977600.1	4.79E-71	238
Eoli_000815100.t1	2.06E-15	77.8
Eoli_000839300.t1	1.38E-56	188
TTAC_0000226701-mRNA-1	3.63E-66	222
TTAC_0000497301-mRNA-1	1.61E-74	244
TTAC_0000792501-mRNA-1	9.40E-48	177
HDID_0000072701-mRNA-1	4.22E-46	173
HDID_0000268001-mRNA-1	5.24E-87	277
HDID_0000996001-mRNA-1	2.85E-69	228
HDID_0000996101-mRNA-1	4.76E-41	147
HmN_000557000	5.63E-78	255
HmN_000740800	2.19E-68	225
HmN_000691000	1.57E-45	171
HmN_000740700	2.30E-67	220
HNAJ_0000119501-mRNA-1	1.04E-52	180
HNAJ_0000119601-mRNA-1	6.53E-24	103
HNAJ_0000202101-mRNA-1	2.22E-46	174
HNAJ_0000326401-mRNA-1	1.59E-88	285
MCU_003006-RA	4.20E-66	226
MCU_003006-RC	3.23E-66	224
MCU_008505-RA	6.36E-72	233
MCU_012573-RA	1.69E-11	66.6
SSLN_0000484301-mRNA-1	2.15E-51	189
SSLN_0000619801-mRNA-1	5.55E-41	148
SSLN_0000779301-mRNA-1	2.83E-63	214
SSLN_0001283501-mRNA-1	1.95E-63	214
SSLN_0001387701-mRNA-1	2.20E-75	252
SPER_0000896401-mRNA-1	5.54E-65	213
SPER_0001011701-mRNA-1	1.70E-57	192
SPER_0001303601-mRNA-1	1.04E-12	66.2
SPER_0002358801-mRNA-1	8.51E-10	57.4
SPER_0002358901-mRNA-1	7.17E-38	140
SPER_0003031501-mRNA-1	3.35E-54	194
SPER_0003470201-mRNA-1	3.01E-36	135
TASK_0000043501-mRNA-1	1.15E-45	171
TASK_0000517901-mRNA-1	1.14E-86	275
TASK_0000674001-mRNA-1	4.86E-66	221
Tm1G005475	9.10E-68	226
TSAs00008g02169m00001	8.11E-87	276
TSAs00065g07290m00001	3.27E-72	238
TSAs00180g09711m00001	4.34E-46	172
TsM_000577800	1.79E-85	272
TsM_000842800	8.87E-12	65.1
TsM_001187100	4.41E-47	174
TsM_000842900	1.17E-50	176
comp121836_c2_seq1.p1	9.83E-59	194
comp125061_c0_seq1.p1	7.41E-25	102
comp125061_c1_seq1.p1	1.88E-17	77.4
comp125061_c2_seq1.p1	3.24E-30	116
comp129721_c0_seq1.p1	5.93E-82	266
comp133517_c0_seq10.p1	3.65E-85	273
comp133517_c0_seq12.p1	7.20E-58	191
comp133517_c0_seq6.p1	1.21E-87	280
comp133517_c0_seq8.p1	1.12E-55	189
BOX15_Mlig019017g2	5.78E-62	212
BOX15_Mlig019017g3	9.63E-61	217
BOX15_Mlig014818g1	1.20E-78	259
BOX15_Mlig018619g1	2.40E-94	295
BOX15_Mlig027460g2	2.21E-78	260
SMEST010795001	5.16E-82	270
SMEST020579002	5.08E-43	156
SMEST028996002	4.69E-80	257
SMEST037592001	4.24E-77	249
SMEST044174001	1.05E-77	262
SMEST046729001	4.67E-79	255
SMEST046751001	3.03E-76	252
SMEST046895001	1.31E-77	253
Gbulla1a000859T1	1.15E-82	265
Gbulla1a000906T3	6.68E-89	286
Gbulla1a002034T1	2.04E-30	124
Gbulla1a002061T1	2.93E-83	273
Gbulla1a002900T1	4.85E-68	231
Gbulla1a005749T1	3.01E-96	302
Gbulla1a005770T1	1.18E-97	306
genemark-scf7180006951261-processed-gene-0.9-mRNA-1	4.23E-85	278
genemark-scf7180006952644-processed-gene-0.14-mRNA-1	4.76E-40	142
genemark-scf7180006953309-processed-gene-0.1-mRNA-1	1.55E-26	111
maker-scf7180006950709-snap-gene-0.42-mRNA-1	3.48E-61	210
maker-scf7180006951048-snap-gene-0.16-mRNA-1	4.50E-36	135
maker-scf7180006951261-augustus-gene-0.126-mRNA-1	1.23E-81	270
snap_masked-scf7180006950328-processed-gene-0.19-mRNA-1	2.99E-69	233
snap_masked-scf7180006951380-processed-gene-0.12-mRNA-1	2.25E-30	125
snap_masked-scf7180006953309-processed-gene-0.9-mRNA-1	1.38E-84	273
TRINITY_DN935_c0_g1_i3.p1	2.04E-63	220
TRINITY_DN129_c0_g1_i2.p2	8.74E-92	294
TRINITY_DN22278_c0_g1_i10.p1	4.66E-84	270
TRINITY_DN5050_c0_g1_i6.p2	2.13E-75	251
TRINITY_DN22443_c0_g2_i1.p1	7.33E-85	273
TRINITY_DN1820_c1_g1_i1.p1	6.80E-18	79.3
TRINITY_DN91357_c1_g1_i1.p2	3.51E-16	76.6
TRINITY_DN8890_c0_g1_i2__g.36236	1.61E-64	223
TRINITY_DN3325_c0_g1_i1__g.27981	2.54E-83	272
TRINITY_DN1837_c1_g1_i1__g.5196	6.25E-76	244
PXEA_0000286901-mRNA-1	3.38E-46	173
PXEA_0002615101-mRNA-1	8.65E-83	274
PXEA_0003221501-mRNA-1	1.09E-88	281
augustus_masked-agouti_scaf_271-processed-gene-0.10-mRNA-1	9.88E-89	286
maker-agouti_scaf_959-augustus-gene-1.6-mRNA-1	2.39E-32	120
maker-agouti_scaf_959-snap-gene-1.1-mRNA-1	1.50E-62	210
maker-jcf7180000232964-snap-gene-0.1-mRNA-1	3.23E-74	238
maker-jcf7180000272047-augustus-gene-0.1-mRNA-1	1.77E-67	227
snap_masked-jcf7180000223389-processed-gene-0.4-mRNA-1	6.14E-74	244
CSKR_102705-T1	2.01E-89	289
CSKR_105941-T1	3.25E-57	190
CSKR_112689-T1	8.18E-52	188
CSKR_112690-T1	1.53E-56	197
ECPE_0000319501-mRNA-1	4.29E-54	196
ECPE_0000397401-mRNA-1	1.43E-39	150
ECPE_0000525901-mRNA-1	9.88E-89	289
ECPE_0000826801-mRNA-1	4.93E-33	119
FGIG_01755	4.71E-62	216
FGIG_03945	3.49E-81	261
FGIG_03946	3.16E-31	116
FGIG_08187	3.42E-58	201
FGIG_08252	1.09E-52	195
maker-scaffold10x_238_pilon-snap-gene-0.101-mRNA-1	8.99E-82	263
maker-scaffold10x_238_pilon-snap-gene-0.93-mRNA-1	2.36E-86	278
maker-scaffold10x_270_pilon-pred_gff_StringTie-gene-0.50-mRNA-1	8.13E-89	290
snap_masked-scaffold10x_1597_pilon-processed-gene-0.78-mRNA-1	6.39E-55	201
FBUS_00881	1.67E-55	201
FBUS_00882	2.94E-62	213
FBUS_03627	7.57E-88	286
FBUS_04894	1.48E-80	260
FBUS_04895	1.14E-83	271
CRM22_002620	4.86E-50	184
CRM22_002621	5.32E-56	196
CRM22_003306	1.10E-88	287
CRM22_009039	3.64E-78	256
T265_00119	1.22E-49	185
T265_00120	1.64E-56	196
T265_00386	1.72E-89	291
T265_07025	1.45E-04	43.5
T265_14191	1.08E-59	202
DEA37_0000790	1.14E-21	95.5
DEA37_0001507	1.15E-49	177
DEA37_0005634	2.98E-52	191
DEA37_0008133	7.46E-92	295
DC041_0000353	1.02E-50	174
DC041_0003705	7.46E-87	285
DC041_0004272	2.92E-29	119
DC041_0008432	8.37E-87	283
DC041_0010302	3.40E-44	169
SCUD_0000173201-mRNA-1	3.14E-18	86.7
SCUD_0000715501-mRNA-1	2.61E-18	84.3
SCUD_0000842201-mRNA-1	1.31E-83	282
SCUD_0000842401-mRNA-1	2.70E-25	108
MS3_0013173.1	2.10E-58	198
MS3_0013287.1	1.18E-86	282
MS3_0013288.1	2.89E-86	283
MS3_0017078.1	5.21E-46	174
EWB00_005380	6.46E-25	109
EWB00_005381	4.08E-84	280
EWB00_008088	9.08E-45	171
EWB00_009839.3	4.16E-91	291
Smp_311480.2	1.45E-88	287
Smp_311490.1	2.71E-87	285
Smp_333600.1	3.59E-93	297
Smp_341500.1	1.13E-48	177
SMRZ_0000563001-mRNA-1	2.32E-86	281
SMRZ_0000710401-mRNA-1	5.16E-43	166
SMRZ_0000776801-mRNA-1	3.95E-86	283
SMRZ_0001444901-mRNA-1	3.88E-18	85.9
SMRZ_0001445001-mRNA-1	4.32E-32	122
SMTD_0000617001-mRNA-1	2.40E-41	155
SMTD_0000660901-mRNA-1	5.86E-18	82.4
SMTD_0001462301-mRNA-1	1.69E-86	284
SMTD_0001860801-mRNA-1	4.35E-18	86.3
SROB_0000135901-mRNA-1	2.47E-17	82
SROB_0000207101-mRNA-1	9.64E-14	72.4
SROB_0000754901-mRNA-1	3.63E-52	176
SROB_0000933301-mRNA-1	7.50E-87	284
SROB_0001198801-mRNA-1	1.03E-88	288
TRE_0000111601-mRNA-1	2.34E-10	62.8
TRE_0000179201-mRNA-1	9.85E-21	90.9
TRE_0000339101-mRNA-1	4.27E-84	274
TRE_0000472301-mRNA-1	3.03E-25	105
TRE_0000571701-mRNA-1	2.24E-46	175
TRE_0001731501-mRNA-1	4.32E-25	108
TRE_0001938901-mRNA-1	1.21E-69	234
