augustus_masked-agouti_scaf_271-processed-gene-0.10-mRNA-1	7.40e-230	644
augustus_masked-agouti_scaf_310-processed-gene-0.2-mRNA-1	1.85e-114	356
augustus_masked-jcf7180000219633-processed-gene-1.11-mRNA-1	5.52e-220	625
augustus_masked-jcf7180000225870-processed-gene-0.2-mRNA-1	1.70e-203	574
augustus_masked-jcf7180000276596-processed-gene-0.2-mRNA-1	2.60e-126	385
augustus_masked-jcf7180000277226-processed-gene-0.0-mRNA-1	9.45e-203	584
maker-agouti_scaf_1050-snap-gene-0.0-mRNA-1	3.55e-88	280
maker-agouti_scaf_1131-snap-gene-0.5-mRNA-1	6.26e-173	505
maker-agouti_scaf_322-snap-gene-0.1-mRNA-1	3.90e-127	387
maker-agouti_scaf_914-augustus-gene-0.19-mRNA-1	3.52e-205	611
maker-agouti_scaf_959-augustus-gene-1.6-mRNA-1	9.25e-57	181
maker-agouti_scaf_959-snap-gene-1.1-mRNA-1	1.44e-96	300
maker-jcf7180000219501-snap-gene-0.13-mRNA-1	7.03e-115	360
maker-jcf7180000219633-snap-gene-0.1-mRNA-1	2.31e-13	74.3
maker-jcf7180000222797-augustus-gene-0.6-mRNA-1	4.59e-123	388
maker-jcf7180000224771-augustus-gene-0.10-mRNA-1	2.06e-77	258
maker-jcf7180000225855-augustus-gene-0.9-mRNA-1	1.83e-96	310
maker-jcf7180000226722-augustus-gene-0.0-mRNA-1	3.88e-161	491
maker-jcf7180000227101-snap-gene-0.1-mRNA-1	9.06e-178	516
maker-jcf7180000231542-augustus-gene-0.1-mRNA-1	3.53e-34	135
maker-jcf7180000232964-snap-gene-0.1-mRNA-1	1.57e-98	302
maker-jcf7180000233711-snap-gene-0.1-mRNA-1	1.40e-50	175
maker-jcf7180000234692-augustus-gene-0.0-mRNA-1	8.54e-39	146
maker-jcf7180000257220-snap-gene-0.0-mRNA-1	1.35e-108	332
maker-jcf7180000272047-augustus-gene-0.1-mRNA-1	7.17e-109	330
maker-jcf7180000275465-snap-gene-0.7-mRNA-1	7.10e-68	244
maker-jcf7180000276180-snap-gene-0.10-mRNA-1	9.32e-155	462
maker-jcf7180000277087-augustus-gene-0.6-mRNA-1	1.08e-73	260
snap_masked-jcf7180000223389-processed-gene-0.4-mRNA-1	7.20e-109	328
snap_masked-jcf7180000224386-processed-gene-0.1-mRNA-1	3.30e-158	463
CSKR_100060-T1	1.46e-106	327
CSKR_100332-T1	1.04e-17	89.7
CSKR_100445-T1	2.46e-179	523
CSKR_100484-T1	5.90e-134	414
CSKR_100656-T1	3.71e-162	494
CSKR_100822-T1	8.29e-126	424
CSKR_102333-T1	2.21e-161	504
CSKR_102705-T1	8.76e-224	630
CSKR_104473-T1	1.47e-204	585
CSKR_105941-T1	2.20e-105	317
CSKR_105969-T1	4.12e-70	219
CSKR_105970-T1	2.47e-41	157
CSKR_106108-T1	1.51e-32	139
CSKR_106284-T1	1.69e-198	564
CSKR_107128-T1	3.12e-79	279
CSKR_108891-T1	8.52e-183	556
CSKR_109717-T1	1.35e-136	411
CSKR_109736-T1	1.50e-108	338
CSKR_109822-T1	1.52e-05	46.2
CSKR_109823-T1	8.05e-48	169
CSKR_109824-T1	8.83e-49	177
CSKR_110046-T1	2.98e-166	491
CSKR_110200-T1	2.33e-77	272
CSKR_110516-T1	4.84e-113	357
CSKR_110807-T1	7.10e-131	407
CSKR_110812-T1	5.35e-73	260
CSKR_110817-T1	4.66e-23	102
CSKR_111023-T1	7.40e-95	291
CSKR_111665-T1	1.02e-210	603
CSKR_111805-T1	8.10e-77	259
CSKR_112300-T1	3.48e-112	350
CSKR_112340-T1	2.75e-107	338
CSKR_112524-T1	4.27e-64	200
CSKR_112526-T1	5.93e-147	436
CSKR_112592-T1	1.59e-159	466
CSKR_112593-T1	7.66e-180	518
CSKR_112689-T1	3.48e-116	361
CSKR_112690-T1	5.82e-94	298
CSKR_113136-T1	4.09e-185	539
CSKR_113237-T1	1.37e-170	504
CSKR_113626-T1	3.02e-150	466
CSKR_113749-T1	1.24e-185	540
CSKR_114037-T1	1.24e-28	125
CSKR_114067-T1	4.04e-121	381
CSKR_202359-T1	1.41e-115	369
CSKR_202406-T1	2.48e-157	469
CSKR_202481-T1	4.77e-102	324
CSKR_202691-T1	0.0	1001
CSKR_202736-T1	3.54e-140	410
CSKR_202771-T1	1.85e-117	368
CSKR_202856-T1	1.16e-40	163
ECPE_0000041601-mRNA-1	3.96e-51	168
ECPE_0000045401-mRNA-1	3.53e-52	174
ECPE_0000053801-mRNA-1	7.03e-13	69.3
ECPE_0000113701-mRNA-1	3.95e-64	202
ECPE_0000207701-mRNA-1	3.30e-120	377
ECPE_0000208001-mRNA-1	5.35e-63	232
ECPE_0000209701-mRNA-1	3.85e-111	348
ECPE_0000222701-mRNA-1	6.53e-202	580
ECPE_0000233601-mRNA-1	1.08e-85	283
ECPE_0000233901-mRNA-1	2.26e-128	394
ECPE_0000235101-mRNA-1	2.28e-225	642
ECPE_0000237301-mRNA-1	9.54e-16	82.8
ECPE_0000239801-mRNA-1	1.42e-188	548
ECPE_0000244801-mRNA-1	8.33e-67	215
ECPE_0000244901-mRNA-1	1.76e-22	95.5
ECPE_0000249501-mRNA-1	5.64e-40	130
ECPE_0000249601-mRNA-1	7.47e-51	172
ECPE_0000265901-mRNA-1	1.42e-51	176
ECPE_0000279801-mRNA-1	8.65e-85	261
ECPE_0000295201-mRNA-1	2.60e-48	191
ECPE_0000299401-mRNA-1	6.18e-166	485
ECPE_0000303801-mRNA-1	8.26e-142	451
ECPE_0000312101-mRNA-1	8.06e-97	336
ECPE_0000315701-mRNA-1	3.53e-11	59.7
ECPE_0000319501-mRNA-1	2.01e-124	379
ECPE_0000322401-mRNA-1	1.62e-145	438
ECPE_0000326201-mRNA-1	4.30e-51	159
ECPE_0000331401-mRNA-1	2.64e-121	378
ECPE_0000376301-mRNA-1	1.01e-25	108
ECPE_0000376401-mRNA-1	4.92e-34	127
ECPE_0000397401-mRNA-1	9.86e-75	245
ECPE_0000426701-mRNA-1	4.50e-96	304
ECPE_0000462901-mRNA-1	2.01e-13	68.6
ECPE_0000472801-mRNA-1	2.25e-07	48.5
ECPE_0000473701-mRNA-1	8.10e-18	90.9
ECPE_0000473801-mRNA-1	2.48e-35	141
ECPE_0000475001-mRNA-1	3.58e-32	130
ECPE_0000480701-mRNA-1	1.32e-26	103
ECPE_0000480801-mRNA-1	9.88e-98	306
ECPE_0000521101-mRNA-1	4.21e-73	244
ECPE_0000525901-mRNA-1	7.44e-226	635
ECPE_0000557001-mRNA-1	4.57e-22	100
ECPE_0000592501-mRNA-1	1.59e-42	139
ECPE_0000603801-mRNA-1	3.89e-56	180
ECPE_0000672501-mRNA-1	1.94e-38	154
ECPE_0000689801-mRNA-1	3.97e-45	174
ECPE_0000710001-mRNA-1	9.93e-58	183
ECPE_0000758201-mRNA-1	1.67e-180	520
ECPE_0000779701-mRNA-1	1.82e-119	367
ECPE_0000788501-mRNA-1	3.60e-75	249
ECPE_0000789301-mRNA-1	4.61e-29	117
ECPE_0000806801-mRNA-1	5.59e-93	302
ECPE_0000826801-mRNA-1	9.72e-61	198
ECPE_0000831901-mRNA-1	3.90e-19	77.4
ECPE_0000868601-mRNA-1	9.62e-71	232
ECPE_0000874801-mRNA-1	1.63e-96	296
ECPE_0000909701-mRNA-1	2.49e-12	66.6
ECPE_0000919301-mRNA-1	2.46e-57	190
ECPE_0000923401-mRNA-1	2.39e-35	140
ECPE_0000935901-mRNA-1	7.59e-204	573
ECPE_0000963501-mRNA-1	6.98e-55	183
ECPE_0000967101-mRNA-1	3.50e-06	48.9
ECPE_0001051601-mRNA-1	6.28e-33	128
ECPE_0001139201-mRNA-1	8.00e-43	168
ECPE_0001176001-mRNA-1	1.01e-40	148
ECPE_0001252201-mRNA-1	8.44e-35	138
ECPE_0001357701-mRNA-1	3.50e-86	266
ECPE_0001366901-mRNA-1	1.20e-91	278
ECPE_0001422401-mRNA-1	4.48e-79	243
ECPE_0001457301-mRNA-1	3.36e-36	124
ECPE_0001473401-mRNA-1	3.63e-159	480
ECPE_0001593301-mRNA-1	6.16e-116	336
ECPE_0001722101-mRNA-1	8.55e-65	205
ECPE_0001740501-mRNA-1	2.55e-25	95.5
ECPE_0001743601-mRNA-1	2.88e-73	241
ECPE_0001753801-mRNA-1	1.63e-20	90.9
FGIG_01388	1.01e-176	515
FGIG_01541	1.88e-180	520
FGIG_01755	1.84e-168	478
FGIG_02289	1.92e-193	561
FGIG_02532	2.45e-135	417
FGIG_02589	1.90e-77	258
FGIG_02590	6.78e-83	278
FGIG_03054	5.91e-166	487
FGIG_03226	2.51e-147	438
FGIG_03227	3.52e-08	51.2
FGIG_03301	2.74e-137	414
FGIG_03463	6.96e-123	382
FGIG_03466	1.57e-25	111
FGIG_03945	7.87e-140	408
FGIG_03946	1.56e-57	185
FGIG_04082	5.86e-96	310
FGIG_04240	1.52e-151	451
FGIG_04241	1.56e-225	642
FGIG_04398	1.23e-52	200
FGIG_04701	4.10e-53	199
FGIG_04702	1.49e-126	426
FGIG_04818	2.67e-41	148
FGIG_05051	3.83e-57	190
FGIG_05068	3.18e-19	92.0
FGIG_05312	3.54e-39	147
FGIG_05554	1.30e-76	259
FGIG_05559	8.17e-55	177
FGIG_05560	2.41e-49	165
FGIG_05653	5.01e-145	456
FGIG_05892	1.15e-141	419
FGIG_06005	2.97e-220	629
FGIG_06053	1.85e-26	106
FGIG_06054	2.54e-18	92.4
FGIG_06186	8.94e-34	129
FGIG_06187	2.33e-17	82.8
FGIG_06644	1.32e-128	384
FGIG_06659	6.36e-47	187
FGIG_06661	1.25e-39	162
FGIG_06849	1.07e-30	127
FGIG_06850	1.87e-66	214
FGIG_07047	9.98e-86	282
FGIG_07048	7.02e-20	86.7
FGIG_07823	8.66e-220	651
FGIG_07930	3.06e-23	108
FGIG_08187	1.13e-100	313
FGIG_08212	4.45e-197	561
FGIG_08252	1.87e-114	356
FGIG_08629	5.72e-81	246
FGIG_09057	7.50e-23	104
FGIG_09417	9.61e-18	84.0
FGIG_09726	1.27e-194	564
FGIG_10124	2.94e-133	394
FGIG_10452	5.41e-34	125
FGIG_10750	1.40e-103	327
FGIG_10773	4.06e-62	219
FGIG_10984	3.70e-16	77.4
FGIG_11302	6.84e-137	418
FGIG_11629	3.77e-182	530
FGIG_12014	2.71e-13	75.5
augustus_masked-scaffold10x_598_pilon-processed-gene-1.200-mRNA-1	4.19e-11	65.5
maker-scaffold10x_100_pilon-snap-gene-0.1-mRNA-1	6.55e-45	174
maker-scaffold10x_1086_pilon-pred_gff_StringTie-gene-0.30-mRNA-1	2.21e-197	562
maker-scaffold10x_111_pilon-augustus-gene-0.6-mRNA-1	2.32e-104	328
maker-scaffold10x_111_pilon-snap-gene-0.71-mRNA-1	1.49e-144	433
maker-scaffold10x_1213_pilon-snap-gene-0.66-mRNA-1	9.74e-91	299
maker-scaffold10x_125_pilon-augustus-gene-0.74-mRNA-1	3.17e-19	95.9
maker-scaffold10x_1322_pilon-snap-gene-0.10-mRNA-1	4.12e-157	474
maker-scaffold10x_1326_pilon-snap-gene-0.57-mRNA-1	3.27e-97	308
maker-scaffold10x_1373_pilon-snap-gene-0.98-mRNA-1	4.73e-13	75.1
maker-scaffold10x_1420_pilon-snap-gene-0.54-mRNA-1	6.08e-126	396
maker-scaffold10x_1829_pilon-snap-gene-0.28-mRNA-1	5.77e-203	584
maker-scaffold10x_1972_pilon-snap-gene-0.29-mRNA-1	9.94e-150	451
maker-scaffold10x_1972_pilon-snap-gene-0.30-mRNA-1	9.72e-213	607
maker-scaffold10x_217_pilon-augustus-gene-1.19-mRNA-1	3.82e-148	462
maker-scaffold10x_234_pilon-snap-gene-0.15-mRNA-1	2.25e-120	375
maker-scaffold10x_238_pilon-snap-gene-0.101-mRNA-1	7.18e-142	417
maker-scaffold10x_238_pilon-snap-gene-0.93-mRNA-1	3.35e-152	443
maker-scaffold10x_240_pilon-snap-gene-0.20-mRNA-1	1.30e-73	261
maker-scaffold10x_24_pilon-augustus-gene-0.6-mRNA-1	1.45e-102	321
maker-scaffold10x_256_pilon-snap-gene-0.12-mRNA-1	8.53e-178	544
maker-scaffold10x_270_pilon-pred_gff_StringTie-gene-0.50-mRNA-1	1.38e-221	624
maker-scaffold10x_330_pilon-snap-gene-0.88-mRNA-1	2.51e-77	261
maker-scaffold10x_345_pilon-augustus-gene-0.44-mRNA-1	1.02e-168	498
maker-scaffold10x_345_pilon-snap-gene-1.104-mRNA-1	2.55e-134	412
maker-scaffold10x_370_pilon-snap-gene-0.41-mRNA-1	3.61e-79	279
maker-scaffold10x_492_pilon-augustus-gene-0.4-mRNA-1	1.50e-127	381
maker-scaffold10x_493_pilon-snap-gene-1.25-mRNA-1	1.16e-111	352
maker-scaffold10x_498_pilon-snap-gene-0.4-mRNA-1	1.90e-89	291
maker-scaffold10x_513_pilon-snap-gene-1.149-mRNA-1	7.97e-76	249
maker-scaffold10x_598_pilon-augustus-gene-1.139-mRNA-1	1.10e-111	346
maker-scaffold10x_602_pilon-pred_gff_StringTie-gene-0.15-mRNA-1	1.71e-229	652
maker-scaffold10x_609_pilon-snap-gene-0.7-mRNA-1	1.93e-42	162
maker-scaffold10x_637_pilon-augustus-gene-0.35-mRNA-1	1.20e-34	134
maker-scaffold10x_691_pilon-snap-gene-0.46-mRNA-1	1.27e-165	488
maker-scaffold10x_712_pilon-snap-gene-0.7-mRNA-1	2.70e-139	419
maker-scaffold10x_730_pilon-snap-gene-0.76-mRNA-1	1.09e-114	364
maker-scaffold10x_794_pilon-augustus-gene-0.64-mRNA-1	8.26e-125	378
maker-scaffold10x_894_pilon-augustus-gene-0.86-mRNA-1	1.88e-95	309
maker-scaffold10x_908_pilon-snap-gene-1.158-mRNA-1	1.74e-88	270
maker-scaffold10x_908_pilon-snap-gene-1.174-mRNA-1	9.38e-20	79.3
maker-scaffold10x_908_pilon-snap-gene-1.175-mRNA-1	2.57e-13	75.5
maker-scaffold10x_90_pilon-augustus-gene-0.113-mRNA-1	2.34e-38	149
maker-scaffold10x_90_pilon-snap-gene-0.102-mRNA-1	4.43e-15	79.3
maker-scaffold10x_90_pilon-snap-gene-0.98-mRNA-1	4.42e-126	426
maker-scaffold10x_925_pilon-snap-gene-0.5-mRNA-1	1.57e-193	561
snap_masked-scaffold10x_1597_pilon-processed-gene-0.78-mRNA-1	6.04e-116	360
snap_masked-scaffold10x_2623_pilon-processed-gene-0.3-mRNA-1	1.27e-194	564
snap_masked-scaffold10x_513_pilon-processed-gene-1.78-mRNA-1	8.46e-167	491
FBUS_00206	8.85e-50	177
FBUS_00288	9.57e-117	370
FBUS_00558	2.43e-172	508
FBUS_00785	2.43e-137	399
FBUS_00881	1.60e-119	371
FBUS_00882	2.78e-93	295
FBUS_00950	1.54e-47	179
FBUS_01426	2.30e-157	475
FBUS_01599	1.04e-42	164
FBUS_01600	2.16e-67	217
FBUS_01623	2.58e-106	345
FBUS_01874	2.32e-06	47.0
FBUS_02208	5.31e-167	491
FBUS_02209	9.32e-35	137
FBUS_02255	3.44e-197	571
FBUS_02328	2.19e-117	365
FBUS_02512	2.57e-31	132
FBUS_02513	7.14e-52	195
FBUS_02514	2.28e-125	421
FBUS_02528	8.64e-90	294
FBUS_02647	3.46e-188	548
FBUS_02767	4.05e-141	423
FBUS_02777	3.65e-173	523
FBUS_02809	7.00e-185	540
FBUS_03035	1.29e-124	391
FBUS_03615	6.05e-57	211
FBUS_03627	5.38e-221	622
FBUS_03768	1.34e-34	140
FBUS_03795	1.59e-114	355
FBUS_03796	1.69e-106	333
FBUS_03872	3.01e-123	383
FBUS_04006	6.11e-174	534
FBUS_04043	1.14e-158	480
FBUS_04495	5.22e-129	404
FBUS_04736	9.05e-81	270
FBUS_04886	1.68e-92	300
FBUS_04894	2.90e-136	402
FBUS_04895	2.10e-148	433
FBUS_05118	1.68e-50	195
FBUS_05120	3.12e-49	194
FBUS_05300	8.04e-75	251
FBUS_05335	6.69e-102	318
FBUS_05372	3.09e-229	652
FBUS_05431	9.86e-25	94.0
FBUS_05551	2.92e-135	406
FBUS_05811	2.73e-14	78.2
FBUS_05912	1.24e-141	424
FBUS_06108	9.55e-199	566
FBUS_06256	1.26e-55	178
FBUS_06257	3.83e-73	248
FBUS_06320	8.87e-152	462
FBUS_06597	8.97e-173	507
FBUS_07000	9.15e-53	199
FBUS_07501	1.02e-141	424
FBUS_07927	3.85e-64	198
FBUS_08443	4.02e-49	181
FBUS_08796	1.59e-83	276
FBUS_09115	6.40e-126	377
FBUS_11148	1.51e-34	115
FBUS_11313	3.06e-179	517
FBUS_11854	2.13e-130	384
CRM22_000207	6.11e-123	380
CRM22_001344	1.12e-54	197
CRM22_001410	3.68e-102	324
CRM22_001648	2.38e-184	561
CRM22_002079.1	6.31e-80	281
CRM22_002585	6.67e-181	520
CRM22_002586	1.59e-159	466
CRM22_002607	9.27e-112	356
CRM22_002620	7.23e-119	368
CRM22_002621	7.49e-95	301
CRM22_002701	1.93e-210	606
CRM22_002711.2	7.47e-166	514
CRM22_002781.1	4.60e-150	465
CRM22_002781.2	7.58e-150	465
CRM22_002991.2	1.61e-134	406
CRM22_003306	5.03e-223	628
CRM22_003453	1.69e-198	564
CRM22_003618	1.78e-208	597
CRM22_003849	6.58e-126	424
CRM22_004075.2	8.00e-19	93.2
CRM22_004510.1	2.00e-62	211
CRM22_004510.2	2.13e-105	324
CRM22_004601	3.89e-113	353
CRM22_004828	6.86e-66	214
CRM22_004829	1.34e-64	219
CRM22_005099	9.41e-167	492
CRM22_005310.1	4.45e-163	496
CRM22_005430	5.11e-121	381
CRM22_006152.2	1.38e-109	340
CRM22_006179	5.73e-61	223
CRM22_006211.5	5.82e-152	452
CRM22_006310.1	2.31e-94	315
CRM22_006310.2	1.20e-118	371
CRM22_007018	5.58e-210	607
CRM22_007029	2.99e-185	540
CRM22_007218.1	5.42e-182	531
CRM22_007742	2.30e-41	139
CRM22_008616.1	1.86e-23	110
CRM22_009039	5.34e-144	418
CRM22_009199	4.98e-118	370
CRM22_009406	1.16e-84	279
CRM22_009422.1	1.06e-213	613
CRM22_009542	1.98e-143	439
CRM22_009721	6.16e-75	254
CRM22_010139	2.98e-168	498
CRM22_010246.1	3.24e-227	648
CRM22_010246.2	1.23e-229	651
CRM22_010247.2	5.00e-162	479
CRM22_010277.1	2.63e-109	340
CRM22_010535	1.15e-183	535
CRM22_010922	4.15e-09	53.5
CRM22_010924	3.55e-10	57.0
CRM22_011292	3.70e-168	497
T265_00119	2.10e-115	358
T265_00120	1.20e-94	298
T265_00386	7.14e-223	627
T265_00747	4.31e-95	295
T265_01528	1.35e-166	491
T265_01690	3.01e-182	532
T265_01743	2.29e-46	184
T265_02251	2.10e-152	457
T265_02533	1.12e-194	560
T265_02868	5.16e-20	95.9
T265_03214	4.17e-13	74.7
T265_03675	2.88e-117	369
T265_03886	1.35e-120	377
T265_04919	1.44e-110	342
T265_04920	9.94e-48	169
T265_05530	3.59e-103	327
T265_05648	3.76e-109	343
T265_05667	1.31e-149	446
T265_05735	1.07e-178	523
T265_06210	1.69e-174	508
T265_06211	3.73e-222	634
T265_06223	2.44e-161	471
T265_06225	8.35e-179	514
T265_06312	1.21e-121	379
T265_06813	4.99e-108	331
T265_07025	5.57e-13	65.1
T265_07724	9.17e-51	186
T265_07728	5.93e-29	126
T265_08541	1.70e-110	346
T265_08781	4.89e-07	52.8
T265_10270	2.03e-86	286
T265_10302	6.86e-213	609
T265_10352	1.38e-64	201
T265_10354	6.62e-63	203
T265_10438	3.26e-151	468
T265_12012	5.99e-76	230
T265_12626	5.12e-27	109
T265_12893	1.48e-31	117
T265_13009	1.48e-108	338
T265_13118	1.06e-75	255
T265_13190	1.39e-84	259
T265_13422	3.28e-171	502
T265_13679	1.34e-163	496
T265_13838	5.71e-121	384
T265_13973	3.88e-82	251
T265_14191	9.46e-106	315
T265_14323	5.07e-34	141
T265_14364	4.41e-132	407
T265_14536	2.39e-93	293
T265_14724	4.31e-179	541
T265_15588	5.58e-162	493
T265_16029	6.00e-61	193
DEA37_0000062	6.15e-95	295
DEA37_0000235	6.74e-58	189
DEA37_0000790	8.50e-39	135
DEA37_0000857	1.20e-60	196
DEA37_0001308	1.66e-97	302
DEA37_0001507	1.26e-89	282
DEA37_0002114	5.29e-40	149
DEA37_0002115	4.88e-72	225
DEA37_0002367	1.41e-13	76.6
DEA37_0002622	1.06e-13	69.7
DEA37_0002623	4.04e-35	143
DEA37_0002624	1.77e-49	169
DEA37_0002704	5.05e-98	291
DEA37_0002706	3.07e-14	78.2
DEA37_0003890	9.11e-18	80.9
DEA37_0004462	1.38e-56	185
DEA37_0004464	2.46e-112	347
DEA37_0005114	3.26e-98	299
DEA37_0005115	4.65e-09	58.2
DEA37_0005117	2.52e-19	85.9
DEA37_0005192	2.01e-204	579
DEA37_0005634	1.01e-118	369
DEA37_0006482	2.34e-87	286
DEA37_0006484	1.90e-57	199
DEA37_0007079	1.23e-96	300
DEA37_0007182	1.41e-34	144
DEA37_0007262	9.38e-25	94.4
DEA37_0007322	8.85e-181	529
DEA37_0007576	9.40e-12	68.9
DEA37_0007907	1.46e-165	488
DEA37_0008133	1.23e-229	644
DEA37_0008185	1.63e-169	492
DEA37_0008606	1.53e-155	462
DEA37_0008608	4.45e-123	380
DEA37_0008611	1.18e-83	268
DEA37_0008752	3.48e-16	74.3
DEA37_0009235	8.03e-167	493
DEA37_0009266	6.22e-83	285
DEA37_0009581	3.67e-125	382
DEA37_0009670	2.94e-58	200
DEA37_0010008	5.09e-147	438
DEA37_0010147	1.01e-40	142
DEA37_0010148	4.06e-63	210
DEA37_0010181	1.64e-10	62.4
DEA37_0010404	5.85e-82	265
DEA37_0011209	1.31e-203	607
DEA37_0011560	8.11e-114	354
DEA37_0011576	1.46e-43	151
DEA37_0011578	1.67e-89	288
DEA37_0011753	1.81e-134	413
DEA37_0012378	2.53e-194	561
DEA37_0013022	7.18e-79	264
DEA37_0013057	1.30e-226	645
DEA37_0013087	8.95e-64	212
DEA37_0013337	7.96e-257	748
DEA37_0014214	6.36e-89	270
DEA37_0014300	3.89e-16	75.5
DEA37_0014301	9.65e-23	97.1
DEA37_0014302	5.53e-135	389
DEA37_0014955	8.02e-111	343
DEA37_0014957	6.74e-08	50.4
DC041_0000353	5.14e-83	258
DC041_0000575	5.09e-44	166
DC041_0000656	4.83e-70	223
DC041_0000691	1.99e-29	128
DC041_0000760	2.59e-67	246
DC041_0001742	4.26e-82	253
DC041_0002192	3.70e-86	283
DC041_0002539	4.67e-08	50.8
DC041_0002543	2.40e-31	107
DC041_0002544	2.86e-58	204
DC041_0003523	2.50e-209	591
DC041_0003524	1.69e-112	343
DC041_0003705	5.52e-213	605
DC041_0003969	3.93e-81	261
DC041_0003983	0.0	1085
DC041_0004136	5.21e-109	334
DC041_0004272	6.63e-53	173
DC041_0004563	1.43e-125	387
DC041_0004614	6.74e-41	140
DC041_0004624	2.48e-48	160
DC041_0004745	2.24e-122	401
DC041_0005042	1.82e-90	285
DC041_0005325	5.09e-103	357
DC041_0006296	2.12e-55	199
DC041_0006535	2.72e-98	315
DC041_0006550	1.71e-214	616
DC041_0006773	1.87e-146	435
DC041_0006782	2.57e-195	563
DC041_0006783	1.77e-92	308
DC041_0006807	1.18e-59	201
DC041_0006865	4.70e-210	607
DC041_0006933	9.80e-51	175
DC041_0007292	2.15e-86	275
DC041_0007293	2.45e-79	263
DC041_0007369	5.36e-70	252
DC041_0008432	5.15e-213	603
DC041_0008558	9.69e-66	207
DC041_0008559	1.54e-48	167
DC041_0008560	2.45e-42	147
DC041_0008876	4.12e-37	144
DC041_0009168	8.34e-99	306
DC041_0009852	2.60e-174	514
DC041_0010234	1.46e-54	177
DC041_0010235	1.05e-63	200
DC041_0010302	1.29e-102	322
DC041_0010345	8.16e-66	232
DC041_0010377	4.01e-182	524
DC041_0010916	2.19e-15	82.8
DC041_0010992	1.36e-164	510
DC041_0011492	3.36e-59	187
DC041_0011588	9.92e-24	95.9
DC041_0011589	1.01e-07	55.8
DC041_0012271	4.73e-99	307
DC041_0012679	2.01e-113	371
SCUD_0000012601-mRNA-1	3.86e-97	308
SCUD_0000023701-mRNA-1	2.69e-97	300
SCUD_0000086901-mRNA-1	2.57e-70	224
SCUD_0000173201-mRNA-1	2.30e-40	149
SCUD_0000222601-mRNA-1	1.44e-214	617
SCUD_0000269401-mRNA-1	1.73e-57	183
SCUD_0000282801-mRNA-1	5.64e-25	100
SCUD_0000323701-mRNA-1	5.74e-68	220
SCUD_0000424801-mRNA-1	2.96e-26	100
SCUD_0000543201-mRNA-1	1.02e-09	56.2
SCUD_0000582601-mRNA-1	7.01e-45	144
SCUD_0000686101-mRNA-1	2.12e-40	140
SCUD_0000715501-mRNA-1	3.36e-33	120
SCUD_0000736701-mRNA-1	4.78e-99	315
SCUD_0000736801-mRNA-1	9.35e-93	292
SCUD_0000749401-mRNA-1	1.17e-06	49.7
SCUD_0000780101-mRNA-1	1.16e-58	181
SCUD_0000794301-mRNA-1	6.28e-71	239
SCUD_0000802801-mRNA-1	2.53e-71	258
SCUD_0000842201-mRNA-1	3.84e-208	602
SCUD_0000842401-mRNA-1	3.39e-67	216
SCUD_0000893501-mRNA-1	3.25e-58	191
SCUD_0000903301-mRNA-1	9.77e-167	484
SCUD_0000953601-mRNA-1	1.89e-97	308
SCUD_0001014901-mRNA-1	1.01e-125	387
SCUD_0001019001-mRNA-1	4.89e-124	375
SCUD_0001019201-mRNA-1	1.34e-209	591
SCUD_0001120301-mRNA-1	6.34e-53	193
SCUD_0001127201-mRNA-1	6.03e-82	253
SCUD_0001172501-mRNA-1	4.11e-26	107
SCUD_0001186701-mRNA-1	1.81e-17	76.6
SCUD_0001192101-mRNA-1	7.04e-48	171
SCUD_0001200101-mRNA-1	1.11e-37	141
SCUD_0001203201-mRNA-1	8.24e-60	198
SCUD_0001235401-mRNA-1	3.36e-37	144
SCUD_0001247001-mRNA-1	4.37e-55	182
SCUD_0001385201-mRNA-1	1.21e-132	398
SCUD_0001389301-mRNA-1	9.59e-71	224
SCUD_0001419901-mRNA-1	4.70e-210	607
SCUD_0001452501-mRNA-1	1.78e-110	339
SCUD_0001465501-mRNA-1	3.27e-47	158
SCUD_0001544601-mRNA-1	1.98e-29	113
SCUD_0001545501-mRNA-1	1.66e-97	302
SCUD_0001588201-mRNA-1	1.62e-85	261
SCUD_0001707701-mRNA-1	6.14e-62	211
SCUD_0001707801-mRNA-1	5.12e-53	189
SCUD_0001748501-mRNA-1	8.06e-60	191
SCUD_0001805601-mRNA-1	8.00e-88	278
SCUD_0001813101-mRNA-1	5.18e-20	80.1
SCUD_0001828501-mRNA-1	1.67e-182	524
SCUD_0001860701-mRNA-1	4.58e-52	177
SCUD_0001876601-mRNA-1	1.83e-50	162
SCUD_0001886901-mRNA-1	5.96e-08	55.8
SCUD_0001896101-mRNA-1	1.30e-19	85.9
SCUD_0002047801-mRNA-1	7.95e-171	499
SCUD_0002050201-mRNA-1	9.45e-56	194
SCUD_0002072201-mRNA-1	5.80e-66	201
SCUD_0002141701-mRNA-1	1.29e-47	174
SCUD_0002226601-mRNA-1	1.33e-106	314
SCUD_0002252401-mRNA-1	3.86e-25	92.8
SCUD_0002268201-mRNA-1	3.49e-32	111
SCUD_0002325101-mRNA-1	1.54e-10	63.9
MS3_0011647.1	9.94e-183	525
MS3_0011718.1	3.17e-77	273
MS3_0011794.1	4.76e-117	370
MS3_0011806.1	1.88e-101	317
MS3_0011807.1	2.64e-56	190
MS3_0012065.1	1.43e-125	387
MS3_0012268.1	9.90e-63	229
MS3_0013070.1	4.94e-09	52.4
MS3_0013173.1	2.13e-100	310
MS3_0013287.1	7.30e-213	602
MS3_0013288.1	8.36e-215	610
MS3_0013394.1	1.35e-79	280
MS3_0013845.1	9.79e-67	226
MS3_0014938.1	1.21e-174	514
MS3_0015225.1	2.52e-97	316
MS3_0015312.1	1.17e-148	447
MS3_0015347.1	1.35e-171	527
MS3_0015402.1	9.47e-185	539
MS3_0015499.1	2.11e-215	619
MS3_0015774.1	1.89e-209	605
MS3_0015857.1	1.01e-158	474
MS3_0016111.1	3.36e-223	655
MS3_0016276.1	1.21e-62	214
MS3_0016786.1	1.49e-57	184
MS3_0016976.1	2.09e-164	496
MS3_0017078.1	2.96e-104	327
MS3_0017353.1	7.73e-161	486
MS3_0017490.1	4.73e-99	307
MS3_0017600.1	0.0	1186
MS3_0018301.1	0.0	1907
MS3_0019175.1	2.68e-108	337
MS3_0019220.1	2.38e-67	231
MS3_0019327.1	7.44e-52	186
MS3_0019988.1	7.98e-50	179
MS3_0019989.1	5.08e-08	50.8
MS3_0020041.1	9.19e-138	413
MS3_0020253.1	3.96e-26	118
MS3_0020326.1	8.36e-210	591
MS3_0020329.1	1.13e-38	149
MS3_0020669.1	5.52e-105	313
MS3_0020670.1	1.01e-07	55.8
MS3_0020873.1	1.17e-172	506
EWB00_000689	5.88e-121	381
EWB00_000903	2.50e-71	256
EWB00_000959	5.28e-65	214
EWB00_000994	3.22e-109	325
EWB00_001287	3.86e-125	385
EWB00_001803	1.25e-163	483
EWB00_001959.1	3.99e-108	348
EWB00_002033	7.73e-49	163
EWB00_002121.2	2.51e-14	79.0
EWB00_002298	2.84e-105	332
EWB00_002475	3.42e-59	186
EWB00_002476	2.42e-85	273
EWB00_002747	2.16e-190	548
EWB00_002806	1.60e-180	526
EWB00_003130	6.37e-212	607
EWB00_003131	1.78e-229	651
EWB00_003132	7.98e-163	481
EWB00_004230	2.15e-209	600
EWB00_004630	5.96e-135	406
EWB00_005092	5.03e-89	285
EWB00_005380	6.94e-68	218
EWB00_005381	1.52e-211	605
EWB00_005770	4.50e-50	192
EWB00_006004	1.34e-184	539
EWB00_006065	3.09e-150	449
EWB00_006254	2.20e-167	498
EWB00_006346.1	1.68e-77	254
EWB00_006495	2.38e-134	419
EWB00_006661	5.52e-110	346
EWB00_006662.1	1.35e-106	333
EWB00_006662.2	4.18e-148	442
EWB00_007183.2	3.06e-80	281
EWB00_007595	1.15e-46	156
EWB00_007597	4.87e-96	313
EWB00_008088	3.17e-108	340
EWB00_008387	8.02e-90	292
EWB00_008559	1.79e-170	501
EWB00_008662.3	4.09e-125	390
EWB00_008689	8.67e-20	95.9
EWB00_008986	4.28e-179	516
EWB00_009408	0.0	1247
EWB00_009623	1.11e-102	333
EWB00_009839.3	9.53e-150	436
EWB00_010151	1.48e-46	157
EWB00_010225	3.76e-119	355
EWB00_010226	3.70e-211	596
EWB00_011150	5.43e-204	589
Smp_012000.1	4.10e-125	390
Smp_015630.1	5.37e-207	586
Smp_031680.1	2.05e-143	431
Smp_037960.1	3.09e-229	650
Smp_052630.1	2.15e-173	511
Smp_056990.1	1.59e-15	82.8
Smp_058270.1	3.70e-103	327
Smp_083980.1	1.38e-154	466
Smp_093210.1	1.11e-182	533
Smp_096480.1	3.73e-180	519
Smp_104890.1	3.74e-125	385
Smp_135040.1	1.33e-156	493
Smp_139330.1	1.02e-109	346
Smp_140920.2	2.18e-173	533
Smp_141570.1	1.31e-97	303
Smp_142700.2	2.18e-213	610
Smp_144110.1	7.07e-176	518
Smp_157790.1	8.73e-122	383
Smp_162680.1	3.84e-210	607
Smp_170810.1	1.27e-208	600
Smp_175020.1	6.06e-155	471
Smp_176310.1	1.16e-160	487
Smp_180570.1	1.81e-92	301
Smp_246130.1	2.29e-135	410
Smp_305740.1	6.35e-135	406
Smp_306240.2	3.69e-158	469
Smp_311480.2	2.83e-215	608
Smp_311490.1	4.04e-216	612
Smp_321840.1	1.34e-67	221
Smp_322850.1	1.87e-56	210
Smp_332020.1	2.53e-110	354
Smp_333600.1	3.98e-149	434
Smp_333670.1	2.76e-57	214
Smp_334250.3	2.95e-76	270
Smp_334630.1	8.08e-139	413
Smp_334730.1	3.45e-111	353
Smp_336620.1	2.81e-179	525
Smp_337330.1	2.70e-79	259
Smp_341500.1	4.32e-108	334
Smp_342000.1	2.37e-217	624
Smp_346800.1	6.01e-60	211
Smp_347630.1	8.95e-110	378
SMRZ_0000025001-mRNA-1	6.63e-161	480
SMRZ_0000073901-mRNA-1	1.32e-15	81.6
SMRZ_0000117401-mRNA-1	1.82e-112	345
SMRZ_0000153001-mRNA-1	9.97e-86	285
SMRZ_0000161101-mRNA-1	4.63e-144	417
SMRZ_0000234201-mRNA-1	6.35e-63	199
SMRZ_0000278401-mRNA-1	6.00e-57	188
SMRZ_0000303201-mRNA-1	3.50e-80	250
SMRZ_0000310901-mRNA-1	2.41e-98	305
SMRZ_0000365101-mRNA-1	1.24e-210	589
SMRZ_0000365401-mRNA-1	3.02e-115	353
SMRZ_0000399701-mRNA-1	2.23e-21	83.6
SMRZ_0000399801-mRNA-1	1.12e-82	272
SMRZ_0000428401-mRNA-1	4.01e-182	524
SMRZ_0000429601-mRNA-1	6.64e-93	281
SMRZ_0000436801-mRNA-1	3.15e-08	57.4
SMRZ_0000470101-mRNA-1	2.04e-79	255
SMRZ_0000480001-mRNA-1	5.70e-86	263
SMRZ_0000511701-mRNA-1	2.74e-114	331
SMRZ_0000563001-mRNA-1	6.33e-214	605
SMRZ_0000642801-mRNA-1	3.82e-31	109
SMRZ_0000682301-mRNA-1	5.34e-139	412
SMRZ_0000710401-mRNA-1	3.52e-98	311
SMRZ_0000755801-mRNA-1	2.02e-12	67.8
SMRZ_0000776801-mRNA-1	9.29e-214	607
SMRZ_0000801101-mRNA-1	7.64e-47	163
SMRZ_0000818001-mRNA-1	1.30e-182	550
SMRZ_0000878401-mRNA-1	3.73e-212	612
SMRZ_0000895301-mRNA-1	5.58e-12	66.2
SMRZ_0000960301-mRNA-1	5.83e-70	219
SMRZ_0000971901-mRNA-1	2.31e-16	83.2
SMRZ_0000972101-mRNA-1	4.96e-42	150
SMRZ_0000981701-mRNA-1	1.56e-57	201
SMRZ_0001033201-mRNA-1	3.95e-13	69.7
SMRZ_0001099201-mRNA-1	1.16e-58	181
SMRZ_0001156601-mRNA-1	1.34e-102	319
SMRZ_0001172101-mRNA-1	1.27e-45	145
SMRZ_0001205901-mRNA-1	3.66e-66	216
SMRZ_0001226201-mRNA-1	2.01e-59	193
SMRZ_0001230001-mRNA-1	1.03e-37	145
SMRZ_0001280501-mRNA-1	9.48e-126	387
SMRZ_0001295501-mRNA-1	5.73e-59	186
SMRZ_0001309301-mRNA-1	3.63e-76	236
SMRZ_0001322801-mRNA-1	3.61e-25	102
SMRZ_0001344001-mRNA-1	5.16e-51	160
SMRZ_0001444901-mRNA-1	3.41e-32	119
SMRZ_0001445001-mRNA-1	1.15e-59	194
SMRZ_0001555601-mRNA-1	7.16e-58	210
SMRZ_0001596201-mRNA-1	1.25e-80	269
SMRZ_0001596301-mRNA-1	7.99e-136	409
SMRZ_0001609101-mRNA-1	4.36e-105	332
SMRZ_0001619401-mRNA-1	3.87e-26	106
SMRZ_0001647201-mRNA-1	1.41e-200	575
SMRZ_0001690901-mRNA-1	3.13e-38	142
SMRZ_0001709001-mRNA-1	7.83e-59	188
SMRZ_0001753301-mRNA-1	2.87e-57	189
SMRZ_0001845001-mRNA-1	3.45e-174	514
SMRZ_0002038901-mRNA-1	7.45e-80	259
SMRZ_0002043301-mRNA-1	7.35e-78	259
SMRZ_0002117001-mRNA-1	2.60e-12	64.3
SMRZ_0002311001-mRNA-1	3.77e-25	93.6
SMRZ_0002319201-mRNA-1	3.56e-28	118
SMRZ_0002392101-mRNA-1	7.72e-172	514
SMRZ_0002534601-mRNA-1	9.68e-94	288
SMTD_0000000101-mRNA-1	7.82e-75	266
SMTD_0000013601-mRNA-1	5.73e-59	189
SMTD_0000026501-mRNA-1	3.44e-175	516
SMTD_0000143801-mRNA-1	1.50e-30	109
SMTD_0000341601-mRNA-1	5.65e-18	87.8
SMTD_0000392501-mRNA-1	4.23e-67	220
SMTD_0000543301-mRNA-1	2.15e-141	412
SMTD_0000567301-mRNA-1	2.41e-54	175
SMTD_0000579401-mRNA-1	7.60e-58	191
SMTD_0000613001-mRNA-1	5.21e-109	334
SMTD_0000617001-mRNA-1	1.53e-106	317
SMTD_0000635201-mRNA-1	1.88e-21	82.4
SMTD_0000660901-mRNA-1	9.67e-33	118
SMTD_0000664601-mRNA-1	2.25e-25	93.6
SMTD_0000665301-mRNA-1	8.47e-111	331
SMTD_0000685401-mRNA-1	6.06e-92	290
SMTD_0000692601-mRNA-1	1.42e-210	607
SMTD_0000721401-mRNA-1	1.21e-19	86.3
SMTD_0000721501-mRNA-1	1.33e-98	306
SMTD_0000735101-mRNA-1	6.58e-239	694
SMTD_0000756901-mRNA-1	4.59e-70	231
SMTD_0000778501-mRNA-1	1.74e-14	78.6
SMTD_0000802401-mRNA-1	2.83e-182	524
SMTD_0000824901-mRNA-1	9.48e-126	387
SMTD_0000850001-mRNA-1	2.29e-38	142
SMTD_0000893901-mRNA-1	5.67e-44	170
SMTD_0000924401-mRNA-1	1.28e-170	498
SMTD_0000927101-mRNA-1	8.64e-71	225
SMTD_0000927201-mRNA-1	3.50e-26	106
SMTD_0000930301-mRNA-1	4.78e-06	49.3
SMTD_0000952701-mRNA-1	2.56e-48	160
SMTD_0001012701-mRNA-1	1.00e-85	259
SMTD_0001031001-mRNA-1	2.62e-162	472
SMTD_0001056601-mRNA-1	1.55e-58	187
SMTD_0001108401-mRNA-1	1.91e-57	195
SMTD_0001147301-mRNA-1	2.86e-50	171
SMTD_0001213701-mRNA-1	1.59e-28	119
SMTD_0001220101-mRNA-1	4.07e-207	595
SMTD_0001280301-mRNA-1	7.61e-25	103
SMTD_0001287201-mRNA-1	3.00e-40	140
SMTD_0001360501-mRNA-1	1.60e-70	221
SMTD_0001424401-mRNA-1	6.71e-16	77.0
SMTD_0001442701-mRNA-1	6.75e-73	238
SMTD_0001451801-mRNA-1	8.24e-12	68.9
SMTD_0001453601-mRNA-1	1.57e-48	169
SMTD_0001462301-mRNA-1	4.68e-214	608
SMTD_0001470301-mRNA-1	4.67e-133	407
SMTD_0001495401-mRNA-1	3.54e-13	67.8
SMTD_0001539301-mRNA-1	1.64e-18	82.4
SMTD_0001618901-mRNA-1	9.09e-62	196
SMTD_0001626701-mRNA-1	9.85e-07	51.6
SMTD_0001631401-mRNA-1	5.29e-26	96.3
SMTD_0001716501-mRNA-1	1.32e-26	96.7
SMTD_0001741301-mRNA-1	9.58e-95	304
SMTD_0001783501-mRNA-1	1.93e-30	120
SMTD_0001795301-mRNA-1	1.32e-37	130
SMTD_0001809201-mRNA-1	5.25e-12	66.6
SMTD_0001852201-mRNA-1	1.26e-88	268
SMTD_0001860801-mRNA-1	3.21e-41	152
SMTD_0001881401-mRNA-1	1.33e-209	590
SMTD_0001892701-mRNA-1	1.66e-97	302
SMTD_0001912001-mRNA-1	1.78e-63	213
SMTD_0001919101-mRNA-1	1.65e-66	213
SMTD_0002042801-mRNA-1	2.02e-04	46.2
SMTD_0002063701-mRNA-1	1.39e-25	102
SMTD_0002066001-mRNA-1	3.47e-64	200
SMTD_0002126701-mRNA-1	5.05e-18	76.6
SMTD_0002132901-mRNA-1	1.12e-20	82.4
SMTD_0002141001-mRNA-1	1.99e-25	102
SMTD_0002152601-mRNA-1	1.08e-38	128
SMTD_0002196501-mRNA-1	2.02e-23	96.3
SMTD_0002244101-mRNA-1	4.50e-05	41.6
SMTD_0002250801-mRNA-1	5.88e-59	191
SROB_0000129601-mRNA-1	1.10e-08	57.8
SROB_0000129901-mRNA-1	4.29e-125	385
SROB_0000135901-mRNA-1	9.00e-39	144
SROB_0000150001-mRNA-1	3.36e-81	261
SROB_0000164601-mRNA-1	4.14e-40	131
SROB_0000164701-mRNA-1	4.04e-50	170
SROB_0000164801-mRNA-1	6.81e-07	47.8
SROB_0000190501-mRNA-1	7.51e-114	352
SROB_0000207101-mRNA-1	4.23e-27	105
SROB_0000267301-mRNA-1	9.06e-120	363
SROB_0000290801-mRNA-1	9.76e-90	284
SROB_0000295301-mRNA-1	2.45e-176	519
SROB_0000299301-mRNA-1	6.18e-66	202
SROB_0000299601-mRNA-1	8.60e-169	496
SROB_0000324201-mRNA-1	5.65e-42	147
SROB_0000338801-mRNA-1	7.75e-125	384
SROB_0000339901-mRNA-1	6.38e-16	80.9
SROB_0000398201-mRNA-1	5.94e-15	79.7
SROB_0000398301-mRNA-1	1.82e-82	258
SROB_0000398401-mRNA-1	1.07e-108	338
SROB_0000412601-mRNA-1	6.24e-164	476
SROB_0000431101-mRNA-1	3.13e-71	228
SROB_0000464001-mRNA-1	5.73e-61	198
SROB_0000475501-mRNA-1	8.16e-208	583
SROB_0000479401-mRNA-1	6.37e-42	151
SROB_0000531601-mRNA-1	6.23e-100	315
SROB_0000558601-mRNA-1	8.42e-62	196
SROB_0000643001-mRNA-1	3.22e-37	135
SROB_0000754901-mRNA-1	1.93e-84	259
SROB_0000793401-mRNA-1	1.53e-62	211
SROB_0000804701-mRNA-1	4.21e-23	90.9
SROB_0000862401-mRNA-1	4.12e-83	273
SROB_0000876901-mRNA-1	7.55e-20	87.0
SROB_0000879301-mRNA-1	1.52e-210	607
SROB_0000933301-mRNA-1	2.47e-217	615
SROB_0001021401-mRNA-1	5.30e-28	115
SROB_0001074101-mRNA-1	3.16e-84	281
SROB_0001075401-mRNA-1	2.16e-20	88.2
SROB_0001192901-mRNA-1	8.58e-30	110
SROB_0001198801-mRNA-1	1.73e-216	612
SROB_0001219001-mRNA-1	3.99e-86	286
SROB_0001268001-mRNA-1	4.62e-07	52.4
SROB_0001318301-mRNA-1	5.58e-55	177
SROB_0001329601-mRNA-1	1.10e-36	143
SROB_0001412901-mRNA-1	3.46e-26	110
SROB_0001442101-mRNA-1	2.44e-57	189
SROB_0001563001-mRNA-1	4.96e-201	581
SROB_0001568101-mRNA-1	2.94e-24	95.9
SROB_0001609501-mRNA-1	3.99e-50	176
SROB_0001619801-mRNA-1	6.11e-97	301
SROB_0001651301-mRNA-1	5.30e-38	140
SROB_0001673601-mRNA-1	2.53e-80	252
SROB_0001678201-mRNA-1	7.72e-17	72.4
SROB_0001693301-mRNA-1	6.68e-48	162
SROB_0001712101-mRNA-1	1.75e-36	130
SROB_0001878301-mRNA-1	1.93e-63	220
SROB_0001933801-mRNA-1	3.72e-16	75.1
SROB_0001938101-mRNA-1	1.54e-13	65.9
SROB_0001946801-mRNA-1	1.97e-08	51.6
SROB_0001967201-mRNA-1	1.03e-16	77.4
SROB_0001967801-mRNA-1	3.21e-38	139
SROB_0002045101-mRNA-1	8.71e-46	162
SROB_0002081001-mRNA-1	2.81e-31	116
SROB_0002100601-mRNA-1	1.25e-75	237
SROB_0002118801-mRNA-1	6.33e-29	112
SROB_0002169401-mRNA-1	1.66e-53	172
SROB_0002238801-mRNA-1	3.73e-44	142
SROB_0002314101-mRNA-1	8.88e-27	108
TRE_0000090401-mRNA-1	3.85e-42	145
TRE_0000111601-mRNA-1	1.99e-19	89.0
TRE_0000139301-mRNA-1	6.11e-55	183
TRE_0000140201-mRNA-1	5.12e-82	259
TRE_0000142601-mRNA-1	4.85e-69	210
TRE_0000142701-mRNA-1	6.74e-61	193
TRE_0000179201-mRNA-1	1.16e-36	129
TRE_0000182201-mRNA-1	2.51e-32	128
TRE_0000182301-mRNA-1	2.60e-44	159
TRE_0000200301-mRNA-1	2.31e-91	286
TRE_0000212001-mRNA-1	2.19e-160	479
TRE_0000219801-mRNA-1	5.71e-100	318
TRE_0000220001-mRNA-1	7.59e-49	180
TRE_0000238901-mRNA-1	2.43e-113	357
TRE_0000243001-mRNA-1	3.95e-52	175
TRE_0000253501-mRNA-1	2.18e-26	107
TRE_0000295201-mRNA-1	7.59e-13	72.4
TRE_0000297801-mRNA-1	5.45e-43	163
TRE_0000339101-mRNA-1	1.23e-209	592
TRE_0000346101-mRNA-1	2.51e-20	83.2
TRE_0000417301-mRNA-1	2.89e-33	127
TRE_0000422201-mRNA-1	1.37e-30	117
TRE_0000432201-mRNA-1	4.01e-26	102
TRE_0000472301-mRNA-1	8.60e-41	144
TRE_0000479301-mRNA-1	3.77e-191	554
TRE_0000520601-mRNA-1	2.74e-44	156
TRE_0000545801-mRNA-1	4.28e-73	233
TRE_0000559101-mRNA-1	5.47e-56	200
TRE_0000571701-mRNA-1	8.83e-94	301
TRE_0000571901-mRNA-1	1.17e-19	83.6
TRE_0000609201-mRNA-1	2.28e-69	236
TRE_0000617401-mRNA-1	2.03e-208	590
TRE_0000626901-mRNA-1	4.40e-60	206
TRE_0000638701-mRNA-1	3.32e-126	390
TRE_0000652301-mRNA-1	1.05e-55	191
TRE_0000653701-mRNA-1	4.68e-52	179
TRE_0000658101-mRNA-1	1.01e-47	157
TRE_0000658901-mRNA-1	4.86e-128	390
TRE_0000675701-mRNA-1	8.19e-65	214
TRE_0000759201-mRNA-1	7.78e-35	115
TRE_0000776301-mRNA-1	2.22e-19	82.4
TRE_0000790101-mRNA-1	9.16e-36	128
TRE_0000795501-mRNA-1	1.98e-47	153
TRE_0000939101-mRNA-1	1.54e-26	97.4
TRE_0000998601-mRNA-1	2.12e-60	195
TRE_0001015201-mRNA-1	1.27e-77	238
TRE_0001068001-mRNA-1	2.62e-144	412
TRE_0001112801-mRNA-1	1.01e-13	65.1
TRE_0001124001-mRNA-1	1.42e-30	120
TRE_0001128701-mRNA-1	7.05e-07	48.1
TRE_0001153401-mRNA-1	1.46e-11	68.6
TRE_0001160901-mRNA-1	6.42e-44	160
TRE_0001161001-mRNA-1	5.87e-47	161
TRE_0001199001-mRNA-1	1.72e-47	169
TRE_0001211501-mRNA-1	2.22e-05	48.1
TRE_0001270301-mRNA-1	4.62e-68	225
TRE_0001375701-mRNA-1	3.54e-27	101
TRE_0001437201-mRNA-1	1.20e-15	81.3
TRE_0001473501-mRNA-1	9.69e-71	221
TRE_0001491201-mRNA-1	7.19e-180	518
TRE_0001556301-mRNA-1	5.04e-166	494
TRE_0001572701-mRNA-1	1.04e-48	182
TRE_0001627601-mRNA-1	4.97e-09	54.3
TRE_0001631101-mRNA-1	8.73e-22	92.8
TRE_0001659501-mRNA-1	8.74e-60	191
TRE_0001731501-mRNA-1	1.58e-49	176
TRE_0001762501-mRNA-1	4.13e-188	547
TRE_0001801601-mRNA-1	1.57e-04	42.0
TRE_0001806101-mRNA-1	9.60e-59	185
TRE_0001919201-mRNA-1	2.06e-20	80.5
TRE_0001938901-mRNA-1	1.04e-186	538
TRE_0002044501-mRNA-1	1.23e-26	95.5
TRE_0002076201-mRNA-1	8.33e-12	61.2
TRE_0002186001-mRNA-1	1.41e-44	143
TRE_0002196801-mRNA-1	3.88e-75	231
