DILT_0000000901-mRNA-1	2.61E-13	72.8
DILT_0000016501-mRNA-1	2.52E-91	281
DILT_0000085401-mRNA-1	3.55E-43	161
DILT_0000213901-mRNA-1	8.84E-05	51.2
DILT_0000263701-mRNA-1	5.01E-05	53.1
DILT_0000264101-mRNA-1	3.41E-33	132
DILT_0000290101-mRNA-1	5.27E-72	256
DILT_0000300301-mRNA-1	9.28E-49	160
DILT_0000305301-mRNA-1	8.70E-93	298
DILT_0000349001-mRNA-1	1.38E-47	171
DILT_0000359301-mRNA-1	4.03E-11	73.2
DILT_0000362601-mRNA-1	2.64E-04	48.9
DILT_0000369001-mRNA-1	1.05E-09	69.7
DILT_0000402501-mRNA-1	1.06E-62	218
DILT_0000406101-mRNA-1	7.83E-14	79
DILT_0000526201-mRNA-1	1.35E-52	182
DILT_0000530801-mRNA-1	2.14E-69	231
DILT_0000578601-mRNA-1	2.03E-15	87.4
DILT_0000600401-mRNA-1	8.35E-36	136
DILT_0000605301-mRNA-1	1.76E-132	394
DILT_0000615301-mRNA-1	6.24E-45	162
DILT_0000618401-mRNA-1	2.41E-09	67.4
DILT_0000656501-mRNA-1	7.31E-59	202
DILT_0000679401-mRNA-1	3.04E-84	268
DILT_0000749701-mRNA-1	1.77E-06	51.6
DILT_0000785301-mRNA-1	3.12E-62	197
DILT_0000817101-mRNA-1	2.20E-49	162
DILT_0000849701-mRNA-1	2.22E-13	77.4
DILT_0000946901-mRNA-1	2.32E-149	439
DILT_0000961901-mRNA-1	4.22E-77	241
DILT_0000964301-mRNA-1	1.86E-61	199
DILT_0000974101-mRNA-1	6.84E-65	219
DILT_0001092601-mRNA-1	2.83E-26	107
DILT_0001204301-mRNA-1	2.26E-67	227
DILT_0001467401-mRNA-1	1.45E-40	143
DILT_0001644601-mRNA-1	1.49E-27	112
DILT_0001687701-mRNA-1	2.22E-14	78.6
DILT_0001701301-mRNA-1	2.37E-29	107
DILT_0001711801-mRNA-1	2.13E-35	130
DILT_0001875401-mRNA-1	1.06E-81	267
DILT_0001892801-mRNA-1	4.33E-08	53.9
DILT_0001975801-mRNA-1	5.84E-07	50.8
maker-E.canG7_contigs_6517-pred_gff_augustus_masked-gene-0.6-mRNA-1	3.86E-51	200
maker-E.canG7_contigs_7107-pred_gff_cdna2genome-gene-0.94-mRNA-1	6.00E-07	61.2
maker-E.canG7_contigs_0234-pred_gff_blastx-gene-0.99-mRNA-1	2.64E-14	83.6
maker-E.canG7_contigs_3364-snap-gene-1.48-mRNA-1	1.04E-56	208
maker-E.canG7_contigs_4941-pred_gff_blastx-gene-0.403-mRNA-1	3.88E-14	83.6
maker-E.canG7_contigs_9000-pred_gff_blastx-gene-0.325-mRNA-1	7.39E-66	223
maker-E.canG7_contigs_4744-pred_gff_augustus_masked-gene-2.213-mRNA-1	1.76E-162	495
maker-E.canG7_contigs_6231-snap-gene-0.60-mRNA-1	7.82E-104	327
maker-E.canG7_contigs_6225-pred_gff_blastx-gene-0.196-mRNA-1	2.09E-71	239
maker-E.canG7_contigs_6225-pred_gff_snap_masked-gene-0.27-mRNA-1	1.62E-49	197
maker-E.canG7_contigs_6871-pred_gff_blastx-gene-0.205-mRNA-1	4.82E-91	316
maker-E.canG7_contigs_2425-pred_gff_blastx-gene-0.200-mRNA-1	9.98E-71	237
maker-E.canG7_contigs_6758-pred_gff_cdna2genome-gene-0.134-mRNA-1	2.63E-142	429
maker-E.canG7_contigs_1140-augustus-gene-0.15-mRNA-1	5.54E-114	354
maker-E.canG7_contigs_8560-pred_gff_cdna2genome-gene-0.126-mRNA-1	2.50E-07	61.2
maker-E.canG7_contigs_1238-pred_gff_blastx-gene-0.188-mRNA-1	1.46E-10	70.5
maker-E.canG7_contigs_2844-pred_gff_cdna2genome-gene-0.79-mRNA-1	3.78E-07	58.2
maker-E.canG7_contigs_5702-snap-gene-0.34-mRNA-1	3.79E-10	70.5
maker-E.canG7_contigs_7794-pred_gff_cdna2genome-gene-0.89-mRNA-1	3.22E-27	124
maker-E.canG7_contigs_3399-snap-gene-0.18-mRNA-1	1.25E-55	206
maker-E.canG7_contigs_6077-pred_gff_augustus_masked-gene-0.10-mRNA-1	6.16E-229	695
maker-E.canG7_contigs_9257-pred_gff_augustus_masked-gene-0.8-mRNA-1	0	957
maker-E.canG7_contigs_5538-pred_gff_cdna2genome-gene-0.64-mRNA-1	8.80E-139	479
maker-E.canG7_contigs_0516-pred_gff_cdna2genome-gene-0.43-mRNA-1	1.60E-10	72.8
maker-E.canG7_contigs_8204-augustus-gene-0.7-mRNA-1	7.43E-15	87
maker-E.canG7_contigs_5159-pred_gff_cdna2genome-gene-0.29-mRNA-1	5.57E-98	306
maker-E.canG7_contigs_5159-pred_gff_tblastx-gene-0.19-mRNA-1	1.97E-63	218
maker-E.canG7_contigs_5377-pred_gff_blastx-gene-0.33-mRNA-1	2.05E-64	225
maker-E.canG7_contigs_0886-pred_gff_blastx-gene-0.32-mRNA-1	1.25E-62	221
maker-E.canG7_contigs_8694-pred_gff_snap_masked-gene-0.1-mRNA-1	2.56E-05	51.6
maker-E.canG7_contigs_4428-pred_gff_cdna2genome-gene-0.4-mRNA-1	3.12E-61	202
maker-E.canG7_contigs_4223-pred_gff_protein2genome-gene-0.8-mRNA-1	8.04E-05	52
EgrG_001156400	7.11E-65	226
EgrG_000975800	6.77E-08	64.3
EgrG_001066000	1.90E-15	88.6
EgrG_000671000	6.37E-143	452
EgrG_001040300	2.36E-105	330
EgrG_001119800	5.47E-70	235
EgrG_000984000	1.58E-129	394
EgrG_001096400	3.09E-50	179
EgrG_000916400	3.72E-110	342
EgrG_000984100	3.05E-130	391
EgrG_000506500	1.20E-69	241
EgrG_000719050	2.31E-136	414
EgrG_000763100	2.29E-17	93.2
EgrG_000670700	5.36E-71	238
EgrG_000645700	8.87E-146	449
EgrG_000591600	3.03E-65	221
EgrG_000738300	3.88E-14	83.6
EgrG_000668200	1.16E-62	220
EgrG_001048250.1	2.83E-09	67.4
EgrG_000043900	4.58E-38	140
EgrG_000063700	1.21E-06	60.1
EgrG_000485400	1.40E-04	52
EgrG_001065900	5.75E-07	60.5
EgrG_000869200	2.22E-05	54.3
EgrG_000462600	7.16E-63	222
EgrG_000993200	4.13E-07	61.2
EgrG_000739300	1.64E-139	481
EgrG_000506600	4.60E-67	229
EgrG_000869300	1.26E-64	219
EgrG_000849400	3.24E-23	113
EgrG_000526700	1.46E-10	70.5
EmuJ_000043900.1	4.45E-38	140
EmuJ_000044000.1	3.83E-97	297
EmuJ_000063700.1	5.42E-07	60.8
EmuJ_000093100.1	1.61E-10	70.9
EmuJ_000462600.1	9.97E-63	222
EmuJ_000485400.1	6.02E-05	53.1
EmuJ_000506500.1	1.20E-69	241
EmuJ_000506600.1	3.65E-64	220
EmuJ_000526700.1	4.59E-11	72
EmuJ_000591600.1	3.24E-71	242
EmuJ_000645700.1	7.57E-143	442
EmuJ_000668200.1	7.81E-64	224
EmuJ_000670700.1	1.27E-72	242
EmuJ_000719050.1	2.82E-134	409
EmuJ_000738300.1	1.69E-14	84.7
EmuJ_000739300.1	1.97E-141	485
EmuJ_000763100.1	7.37E-18	94.7
EmuJ_000849400.1	3.98E-26	121
EmuJ_000869200.1	2.22E-05	54.3
EmuJ_000869300.1	6.41E-65	220
EmuJ_000916400.1	2.61E-107	334
EmuJ_000975800.1	8.89E-08	63.9
EmuJ_000984000.1	2.38E-129	394
EmuJ_000984100.1	1.22E-129	390
EmuJ_000993200.1	2.37E-07	62
EmuJ_001040300.1	8.04E-109	339
EmuJ_001048230.1	2.78E-09	66.6
EmuJ_001065900.1	7.92E-07	60.1
EmuJ_001066000.1	6.31E-16	90.1
EmuJ_001096400.1	2.11E-50	179
EmuJ_001119800.1	3.89E-70	235
EmuJ_001156400.1	7.11E-65	226
Eoli_000044000.t1	6.24E-73	232
Eoli_000093100.t1	6.47E-10	68.6
Eoli_000165100.t1	2.08E-47	165
Eoli_000462600.t1	3.27E-15	78.2
Eoli_000506500.t1	5.36E-61	213
Eoli_000618700.t1	6.76E-34	134
Eoli_000645700.t1	1.39E-37	133
Eoli_000668200.t1	1.75E-41	154
Eoli_000670700.t1	4.70E-54	187
Eoli_000719050.t1	1.18E-117	365
Eoli_000763100.t1	3.40E-04	50.1
Eoli_000849400.t1	9.63E-15	80.1
Eoli_000984000.t1	1.24E-24	92.4
Eoli_001096400.t1	3.45E-51	181
Eoli_001119800.t1	2.06E-67	221
TTAC_0000099701-mRNA-1	8.06E-102	317
TTAC_0000113001-mRNA-1	5.28E-06	54.7
TTAC_0000144901-mRNA-1	8.54E-43	157
TTAC_0000160401-mRNA-1	2.39E-58	202
TTAC_0000197301-mRNA-1	7.75E-63	221
TTAC_0000214501-mRNA-1	6.20E-10	68.6
TTAC_0000220701-mRNA-1	2.36E-08	62.8
TTAC_0000257201-mRNA-1	4.27E-83	266
TTAC_0000300901-mRNA-1	2.66E-60	206
TTAC_0000337901-mRNA-1	7.07E-05	48.5
TTAC_0000347201-mRNA-1	2.52E-88	277
TTAC_0000369801-mRNA-1	7.71E-15	74.7
TTAC_0000392901-mRNA-1	1.17E-64	226
TTAC_0000443901-mRNA-1	1.45E-97	303
TTAC_0000448201-mRNA-1	1.96E-10	69.7
TTAC_0000500601-mRNA-1	2.84E-30	122
TTAC_0000554801-mRNA-1	1.05E-14	75.5
TTAC_0000602801-mRNA-1	1.01E-65	210
TTAC_0000611701-mRNA-1	1.67E-127	392
TTAC_0000667201-mRNA-1	5.02E-05	52.4
TTAC_0000684101-mRNA-1	7.69E-07	60.5
TTAC_0000705801-mRNA-1	6.76E-06	53.1
TTAC_0000706101-mRNA-1	1.30E-18	100
TTAC_0000722201-mRNA-1	6.58E-71	238
TTAC_0000722501-mRNA-1	4.42E-123	403
TTAC_0000733301-mRNA-1	6.57E-59	208
TTAC_0000769201-mRNA-1	2.12E-06	58.9
TTAC_0000802801-mRNA-1	1.19E-50	180
TTAC_0000833901-mRNA-1	6.67E-70	235
TTAC_0000835801-mRNA-1	2.07E-64	227
TTAC_0000837801-mRNA-1	9.32E-20	101
TTAC_0000874901-mRNA-1	7.32E-136	471
TTAC_0000922801-mRNA-1	5.08E-05	53.9
TTAC_0000943601-mRNA-1	1.91E-04	49.7
TTAC_0001062901-mRNA-1	1.13E-69	236
TTAC_0001123201-mRNA-1	3.16E-07	57.8
TTAC_0001141301-mRNA-1	1.56E-36	135
TTAC_0001158101-mRNA-1	4.67E-27	102
HDID_0000039701-mRNA-1	7.20E-09	65.5
HDID_0000041101-mRNA-1	5.10E-04	51.6
HDID_0000068801-mRNA-1	4.88E-95	326
HDID_0000131801-mRNA-1	3.59E-04	48.5
HDID_0000211201-mRNA-1	6.21E-06	50.4
HDID_0000233301-mRNA-1	2.66E-60	205
HDID_0000281901-mRNA-1	1.80E-09	68.6
HDID_0000317501-mRNA-1	7.75E-67	226
HDID_0000393001-mRNA-1	1.03E-06	56.2
HDID_0000423001-mRNA-1	1.96E-09	67
HDID_0000432701-mRNA-1	1.20E-112	339
HDID_0000450901-mRNA-1	9.09E-06	52
HDID_0000455201-mRNA-1	8.29E-27	117
HDID_0000470601-mRNA-1	8.29E-14	82.4
HDID_0000475501-mRNA-1	2.03E-04	46.2
HDID_0000516501-mRNA-1	1.44E-69	235
HDID_0000539801-mRNA-1	2.82E-31	125
HDID_0000626901-mRNA-1	1.11E-59	201
HDID_0000706101-mRNA-1	2.15E-74	253
HDID_0000719201-mRNA-1	1.70E-63	208
HDID_0000719401-mRNA-1	4.87E-65	212
HDID_0000724701-mRNA-1	4.65E-62	219
HDID_0000761301-mRNA-1	5.14E-120	367
HDID_0000777301-mRNA-1	2.37E-70	237
HDID_0000778201-mRNA-1	1.94E-22	112
HDID_0000816401-mRNA-1	7.42E-72	247
HDID_0000878501-mRNA-1	6.50E-14	83.6
HDID_0000883701-mRNA-1	4.25E-15	86.7
HDID_0000899401-mRNA-1	1.19E-17	94
HDID_0000909201-mRNA-1	4.56E-18	92.8
HDID_0000951001-mRNA-1	3.23E-203	604
HDID_0000957301-mRNA-1	9.44E-14	81.6
HDID_0000966101-mRNA-1	1.97E-68	224
HDID_0001081201-mRNA-1	1.02E-95	300
HDID_0001108601-mRNA-1	1.47E-28	105
HmN_000231800	2.45E-15	86.7
HmN_000380500.1	1.27E-151	466
HmN_000241200	7.49E-70	240
HmN_003037070.2	6.56E-10	70.9
HmN_000122500	8.36E-208	621
HmN_000055300	1.95E-10	70.1
HmN_000622800	2.85E-10	70.9
HmN_000453700	1.65E-13	81.3
HmN_000841800	1.03E-21	108
HmN_000776500.2	1.30E-94	325
HmN_003033740.2	9.93E-20	102
HmN_000493400	3.95E-05	54.7
HmN_000286800	6.69E-71	238
HmN_000451500	4.40E-64	225
HmN_002167300	2.44E-08	65.1
HmN_003037610	2.56E-119	367
HmN_003033750	8.70E-27	124
HmN_000393300.2	7.31E-62	220
HmN_003037080	1.16E-07	63.5
HmN_000344500	3.30E-123	375
HmN_002117600	9.69E-28	118
HmN_000486200	2.32E-07	62
HmN_000410700	1.29E-76	264
HmN_000924100	8.72E-14	82.4
HmN_000527900	2.25E-61	219
HmN_000318600	5.95E-70	240
HmN_000439000	2.28E-67	227
HmN_000250400	8.72E-71	238
HmN_000458300	7.69E-18	94.7
HmN_000809200.1	2.96E-16	89.7
HNAJ_0000000001-mRNA-1	3.03E-43	164
HNAJ_0000033201-mRNA-1	7.97E-09	66.2
HNAJ_0000093501-mRNA-1	1.38E-15	87.4
HNAJ_0000142101-mRNA-1	3.42E-67	226
HNAJ_0000183501-mRNA-1	5.62E-86	272
HNAJ_0000213601-mRNA-1	7.14E-98	334
HNAJ_0000262601-mRNA-1	4.67E-13	80.1
HNAJ_0000311501-mRNA-1	1.75E-43	150
HNAJ_0000317801-mRNA-1	8.39E-63	215
HNAJ_0000337101-mRNA-1	3.23E-87	283
HNAJ_0000370801-mRNA-1	1.70E-64	213
HNAJ_0000370901-mRNA-1	6.05E-33	127
HNAJ_0000396201-mRNA-1	2.73E-06	53.5
HNAJ_0000422501-mRNA-1	1.22E-71	240
HNAJ_0000439901-mRNA-1	1.36E-25	107
HNAJ_0000479401-mRNA-1	7.44E-04	45.8
HNAJ_0000496401-mRNA-1	8.95E-14	82.4
HNAJ_0000530601-mRNA-1	1.82E-30	120
HNAJ_0000551001-mRNA-1	3.55E-31	122
HNAJ_0000578001-mRNA-1	3.88E-51	184
HNAJ_0000686901-mRNA-1	1.41E-83	267
HNAJ_0000742601-mRNA-1	4.06E-12	77
HNAJ_0000753101-mRNA-1	6.02E-63	224
HNAJ_0000807301-mRNA-1	5.02E-14	82.4
HNAJ_0000924401-mRNA-1	1.17E-04	49.7
HNAJ_0000926601-mRNA-1	2.67E-117	358
HNAJ_0000929701-mRNA-1	2.25E-62	211
HNAJ_0000936301-mRNA-1	2.41E-70	237
HNAJ_0000946001-mRNA-1	4.41E-208	628
HNAJ_0000958001-mRNA-1	5.20E-65	212
HNAJ_0000993201-mRNA-1	5.06E-21	106
HNAJ_0001047201-mRNA-1	2.21E-43	155
HNAJ_0001073201-mRNA-1	5.74E-55	179
HNAJ_0001110001-mRNA-1	2.34E-04	51.6
HNAJ_0001212001-mRNA-1	3.03E-24	99
HNAJ_0001279401-mRNA-1	9.40E-07	55.8
HNAJ_0001291401-mRNA-1	1.32E-05	50.8
HNAJ_0001298101-mRNA-1	8.81E-14	67
HNAJ_0001310401-mRNA-1	3.92E-86	271
HNAJ_0001341601-mRNA-1	1.37E-19	97.4
HNAJ_0001361301-mRNA-1	1.68E-15	86.3
HNAJ_0001372901-mRNA-1	7.71E-23	100
MCU_000033-RA	8.39E-04	48.5
MCU_000233-RB	2.03E-09	68.2
MCU_000636-RA	3.01E-14	84
MCU_001223-RA	9.59E-72	240
MCU_001229-RA	5.76E-78	259
MCU_001256-RA	2.40E-124	381
MCU_002219-RA	1.61E-69	231
MCU_002530-RA	5.85E-76	256
MCU_002934-RA	4.31E-64	219
MCU_003274-RA	5.17E-13	79.7
MCU_003318-RA	2.66E-21	107
MCU_003496-RA	1.69E-75	247
MCU_004399-RA	1.06E-10	72
MCU_005543-RC	4.54E-67	230
MCU_005678-RA	1.47E-70	228
MCU_005679-RA	3.67E-53	177
MCU_006737-RA	4.31E-14	82.8
MCU_007023-RA	1.06E-71	231
MCU_007079-RB	1.39E-63	224
MCU_007220-RB	6.65E-12	77
MCU_007735-RA	2.10E-69	233
MCU_007736-RA	1.70E-73	243
MCU_007770-RA	9.09E-124	379
MCU_007979-RA	2.48E-23	112
MCU_008252-RA	8.47E-79	262
MCU_008819-RA	3.69E-37	128
MCU_009570-RA	9.93E-05	49.7
MCU_010531-RC	3.70E-132	398
MCU_010827-RA	1.03E-05	47.8
MCU_011313-RB	3.92E-126	385
MCU_012613-RB	8.17E-131	386
MCU_013693-RA	6.03E-30	116
SSLN_0000121301-mRNA-1	1.58E-59	202
SSLN_0000165201-mRNA-1	9.12E-10	58.5
SSLN_0000213901-mRNA-1	3.13E-14	83.2
SSLN_0000224901-mRNA-1	1.76E-11	74.7
SSLN_0000270501-mRNA-1	7.11E-126	391
SSLN_0000324901-mRNA-1	4.65E-256	830
SSLN_0000449601-mRNA-1	1.51E-35	153
SSLN_0000449701-mRNA-1	1.64E-04	52
SSLN_0000482301-mRNA-1	5.96E-05	53.1
SSLN_0000497001-mRNA-1	6.13E-94	289
SSLN_0000522301-mRNA-1	1.85E-107	329
SSLN_0000564001-mRNA-1	2.41E-111	342
SSLN_0000626301-mRNA-1	2.94E-67	227
SSLN_0000683101-mRNA-1	3.12E-67	230
SSLN_0000686801-mRNA-1	1.24E-64	223
SSLN_0000686901-mRNA-1	2.22E-68	232
SSLN_0000694801-mRNA-1	3.41E-06	57
SSLN_0000696601-mRNA-1	7.14E-65	219
SSLN_0001003501-mRNA-1	1.72E-119	385
SSLN_0001018201-mRNA-1	5.87E-76	251
SSLN_0001085601-mRNA-1	5.67E-121	366
SSLN_0001092301-mRNA-1	5.07E-125	373
SSLN_0001133301-mRNA-1	8.20E-61	211
SSLN_0001153901-mRNA-1	2.36E-51	184
SSLN_0001183601-mRNA-1	1.41E-08	60.1
SSLN_0001183801-mRNA-1	1.87E-09	63.9
SSLN_0001205601-mRNA-1	1.25E-04	49.7
SSLN_0001288001-mRNA-1	4.04E-25	107
SSLN_0001416901-mRNA-1	1.01E-15	87.8
SSLN_0001494501-mRNA-1	2.47E-34	132
SSLN_0001534401-mRNA-1	3.28E-16	89
SSLN_0001594501-mRNA-1	5.38E-61	204
SSLN_0001668201-mRNA-1	1.03E-13	81.6
SSLN_0001723901-mRNA-1	2.04E-49	179
SSLN_0001734101-mRNA-1	3.10E-152	446
SSLN_0001956901-mRNA-1	1.50E-41	155
SSLN_0001976001-mRNA-1	1.12E-54	192
SSLN_0002023501-mRNA-1	9.69E-14	70.9
SPER_0000017901-mRNA-1	4.82E-69	232
SPER_0000110401-mRNA-1	3.35E-50	172
SPER_0000175401-mRNA-1	1.22E-32	115
SPER_0000177501-mRNA-1	2.30E-12	67
SPER_0000405701-mRNA-1	7.44E-34	130
SPER_0000457701-mRNA-1	1.80E-39	148
SPER_0000521501-mRNA-1	2.28E-25	107
SPER_0000553701-mRNA-1	1.48E-38	144
SPER_0000578501-mRNA-1	3.20E-55	192
SPER_0000665801-mRNA-1	1.16E-65	228
SPER_0000753401-mRNA-1	4.70E-45	151
SPER_0000895501-mRNA-1	1.70E-43	161
SPER_0001047701-mRNA-1	1.18E-04	51.2
SPER_0001056501-mRNA-1	6.17E-20	99
SPER_0001098301-mRNA-1	5.46E-28	119
SPER_0001101401-mRNA-1	4.55E-23	89.7
SPER_0001131001-mRNA-1	7.28E-09	63.5
SPER_0001214701-mRNA-1	9.37E-05	50.1
SPER_0001220401-mRNA-1	1.45E-21	87
SPER_0001250501-mRNA-1	8.10E-55	195
SPER_0001271601-mRNA-1	1.20E-06	58.9
SPER_0001381501-mRNA-1	9.13E-59	208
SPER_0001393001-mRNA-1	3.57E-05	53.5
SPER_0001566201-mRNA-1	1.12E-19	95.1
SPER_0001662401-mRNA-1	1.77E-32	116
SPER_0001679301-mRNA-1	2.67E-07	57.8
SPER_0001804101-mRNA-1	9.26E-07	52.4
SPER_0001957501-mRNA-1	6.08E-57	194
SPER_0001961401-mRNA-1	4.67E-11	64.3
SPER_0001979501-mRNA-1	5.56E-26	100
SPER_0002078901-mRNA-1	7.76E-21	84.7
SPER_0002217301-mRNA-1	5.39E-41	161
SPER_0002270801-mRNA-1	1.34E-04	48.5
SPER_0002425001-mRNA-1	3.92E-12	65.1
SPER_0002491001-mRNA-1	1.38E-15	81.6
SPER_0002523001-mRNA-1	1.18E-23	102
SPER_0002630601-mRNA-1	9.63E-22	94
SPER_0002863701-mRNA-1	4.34E-36	137
SPER_0002951201-mRNA-1	9.15E-11	65.9
SPER_0003012201-mRNA-1	3.07E-08	55.8
SPER_0003019001-mRNA-1	3.25E-99	308
SPER_0003100201-mRNA-1	9.58E-18	84.3
SPER_0003109101-mRNA-1	1.46E-38	134
SPER_0003111801-mRNA-1	1.67E-30	124
SPER_0003163001-mRNA-1	5.61E-27	113
SPER_0003226301-mRNA-1	5.14E-11	65.9
SPER_0003294401-mRNA-1	1.47E-56	189
SPER_0003294701-mRNA-1	2.26E-20	94
SPER_0003345701-mRNA-1	1.63E-11	67.4
SPER_0003348701-mRNA-1	1.24E-08	58.9
SPER_0003420001-mRNA-1	1.51E-10	68.2
SPER_0003453001-mRNA-1	1.70E-42	158
SPER_0003481201-mRNA-1	1.42E-09	68.2
SPER_0003499201-mRNA-1	1.81E-60	209
SPER_0003503701-mRNA-1	3.29E-36	128
SPER_0003505101-mRNA-1	1.50E-40	141
SPER_0003667301-mRNA-1	9.85E-24	95.9
SPER_0003695301-mRNA-1	1.18E-53	177
SPER_0003707201-mRNA-1	3.38E-23	99.4
SPER_0003804001-mRNA-1	6.24E-11	62.4
SPER_0003813301-mRNA-1	1.34E-35	137
SPER_0003962601-mRNA-1	2.31E-44	167
TASK_0000010201-mRNA-1	9.32E-06	56.2
TASK_0000030801-mRNA-1	7.88E-100	339
TASK_0000032601-mRNA-1	5.27E-19	101
TASK_0000049901-mRNA-1	4.34E-14	82.4
TASK_0000079501-mRNA-1	3.97E-25	117
TASK_0000153601-mRNA-1	1.59E-51	191
TASK_0000161301-mRNA-1	9.40E-09	65.9
TASK_0000184501-mRNA-1	2.83E-68	234
TASK_0000278401-mRNA-1	8.07E-29	117
TASK_0000353501-mRNA-1	4.47E-141	426
TASK_0000425301-mRNA-1	3.68E-54	201
TASK_0000442501-mRNA-1	4.08E-07	61.2
TASK_0000460301-mRNA-1	3.14E-04	50.8
TASK_0000468201-mRNA-1	3.66E-99	311
TASK_0000510901-mRNA-1	5.13E-59	212
TASK_0000548501-mRNA-1	5.23E-15	85.5
TASK_0000555701-mRNA-1	4.70E-123	369
TASK_0000588601-mRNA-1	6.18E-71	238
TASK_0000689201-mRNA-1	3.44E-16	90.1
TASK_0000702201-mRNA-1	1.73E-71	241
TASK_0000767501-mRNA-1	4.65E-09	65.9
TASK_0000833401-mRNA-1	1.37E-175	541
TASK_0000833801-mRNA-1	5.65E-68	219
TASK_0000867301-mRNA-1	1.32E-04	53.5
TASK_0000901501-mRNA-1	9.60E-04	50.1
TASK_0000912801-mRNA-1	2.98E-06	47.8
TASK_0000912901-mRNA-1	3.12E-30	121
TASK_0000952501-mRNA-1	2.11E-49	176
TASK_0000963801-mRNA-1	2.15E-17	93.2
TASK_0000971201-mRNA-1	5.61E-105	356
TASK_0000998501-mRNA-1	9.61E-06	51.2
Tm1G000027	1.76E-07	62.8
Tm1G000965	5.37E-06	57
Tm1G001098	3.26E-69	240
Tm1G001099	1.94E-64	220
Tm1G001864	6.24E-75	259
Tm1G001992	2.86E-25	118
Tm1G002627	3.94E-15	85.9
Tm1G002801	1.34E-136	473
Tm1G003288	7.39E-10	68.9
Tm1G003415	4.48E-18	98.6
Tm1G003633	1.04E-140	425
Tm1G004222	2.15E-17	93.2
Tm1G004840	5.66E-11	63.5
Tm1G005057	6.07E-115	356
Tm1G005175	2.83E-97	310
Tm1G005184	1.19E-70	240
Tm1G005463	2.26E-07	61.6
Tm1G005520	9.20E-117	358
Tm1G005522	2.18E-128	388
Tm1G005589	4.40E-07	61.2
Tm3G008172	9.94E-19	94.7
Tm3G008174	1.69E-71	241
Tm3G008220	4.51E-23	99
Tm3G008625	6.21E-161	490
Tm3G009129	1.02E-72	248
Tm4G010013	2.40E-20	101
Tm4G010019	1.57E-32	130
Tm4G010040	1.91E-32	133
Tm4G010043	3.33E-41	165
Tm4G010050	2.07E-52	190
Tm4G010060	3.39E-07	60.1
Tm4G010063	4.39E-28	122
Tm4G010075	1.62E-07	59.7
Tm4G010085	1.68E-62	222
Tm4G010095	6.27E-36	155
Tm4G010098	2.65E-28	129
Tm5G011653	3.59E-71	238
Tm7G012925	1.25E-62	221
TSAs00001g00204m00001	2.15E-17	93.2
TSAs00002g00691m00001	2.16E-59	224
TSAs00002g00763m00001	2.56E-112	348
TSAs00005g01535m00001	8.82E-100	339
TSAs00005g01536m00001	5.08E-37	141
TSAs00007g01831m00001	9.32E-06	56.2
TSAs00008g02077m00001	1.21E-24	116
TSAs00014g03023m00001	4.68E-74	257
TSAs00019g03658m00001	5.23E-15	85.5
TSAs00027g04479m00001	6.49E-66	237
TSAs00028g04584m00001	1.23E-245	737
TSAs00034g05133m00001	6.01E-16	89.4
TSAs00037g05426m00001	3.59E-71	238
TSAs00039g05553m00001	1.51E-07	61.6
TSAs00042g05823m00001	4.25E-07	61.2
TSAs00044g05967m00001	6.10E-18	98.2
TSAs00045g06028m00001	1.39E-62	221
TSAs00047g06184m00001	1.36E-128	394
TSAs00047g06188m00001	1.42E-187	569
TSAs00065g07304m00001	7.28E-08	63.2
TSAs00069g07556m00001	5.02E-42	157
TSAs00072g07682m00001	2.41E-65	228
TSAs00074g07731m00001	1.96E-09	67
TSAs00075g07783m00001	1.12E-141	428
TSAs00093g08385m00001	1.76E-07	62.8
TSAs00101g08586m00001	1.83E-71	241
TSAs00101g08590m00001	6.81E-77	260
TSAs00101g08591m00001	6.80E-41	162
TSAs00113g08823m00001	2.08E-93	309
TSAs00166g09541m00001	8.05E-138	476
TSAs00210g09959m00001	2.69E-46	179
TSAs00222g10058m00001	7.97E-33	137
TSAs00355g10875m00001	1.51E-31	130
TSAs00378g10982m00001	2.01E-18	90.9
TSAs00407g11095m00001	1.26E-26	116
TSAs00758g12127m00001	1.92E-32	119
TSAs00810g12232m00001	2.16E-46	177
TSAs01229g12672m00001	1.11E-20	87.4
TsM_000836600	7.69E-70	234
TsM_000900200	7.11E-09	66.2
TsM_000021800	3.00E-38	147
TsM_000107700	1.49E-16	91.3
TsM_000975200	1.28E-07	62
TsM_000841200	1.48E-46	155
TsM_000926600	3.26E-69	240
TsM_000990300	2.32E-07	62.4
TsM_000974900	1.51E-57	193
TsM_000386700	4.27E-30	124
TsM_001236100	1.17E-27	108
TsM_000440800	6.97E-64	227
TsM_001229200	6.11E-04	43.1
TsM_000063500	7.48E-12	75.1
TsM_000892300	1.05E-114	355
TsM_000012300	2.82E-19	99
TsM_000124300	7.07E-06	56.6
TsM_000043700	3.53E-19	95.9
TsM_001041400	5.39E-07	60.8
TsM_000940900	2.71E-18	97.8
TsM_000193600	3.27E-60	207
TsM_000714100	3.64E-144	428
TsM_000887800	8.27E-10	68.2
TsM_000436900	3.16E-137	417
TsM_000927400	9.18E-04	50.1
TsM_000473000	1.66E-123	385
TsM_000940800	1.59E-16	92
TsM_000088700	5.77E-60	211
TsM_000776500	4.61E-49	164
TsM_000776300	3.77E-25	98.6
TsM_000473200	2.46E-18	84.7
TsM_000273200	2.31E-122	376
TsM_000144500	9.86E-29	123
TsM_001009100	1.62E-30	121
TsM_000442200	2.27E-96	303
TsM_000365700	4.45E-10	64.7
TsM_000870800	9.39E-68	243
TsM_000845500	7.73E-65	221
TsM_000926700	8.46E-65	226
TsM_001156900	3.54E-52	192
comp101105_c0_seq1.p1	2.54E-12	69.7
comp102249_c0_seq1.p1	1.82E-17	86.3
comp102249_c2_seq1.p1	6.98E-06	50.1
comp103752_c0_seq1.p1	1.56E-39	137
comp103997_c0_seq1.p1	7.87E-20	86.7
comp107949_c0_seq1.p1	6.27E-05	50.1
comp111408_c0_seq1.p1	2.44E-05	48.1
comp111870_c0_seq1.p1	2.83E-39	139
comp112266_c0_seq1.p2	8.39E-08	55.1
comp113562_c0_seq1.p1	2.56E-39	154
comp113562_c1_seq1.p1	5.54E-23	92
comp114101_c0_seq1.p1	2.36E-08	60.1
comp114101_c1_seq1.p1	2.23E-45	165
comp115104_c0_seq1.p1	3.25E-58	200
comp115104_c1_seq1.p1	1.06E-78	245
comp115826_c0_seq1.p1	1.33E-06	57
comp116123_c0_seq1.p1	1.63E-51	178
comp116123_c1_seq1.p1	5.29E-17	83.6
comp116585_c0_seq1.p1	8.91E-06	50.8
comp119375_c1_seq1.p1	7.78E-41	152
comp120503_c0_seq1.p1	2.77E-04	48.1
comp122841_c0_seq1.p1	7.37E-08	58.5
comp123766_c0_seq1.p1	9.70E-06	51.2
comp124051_c1_seq1.p1	2.02E-07	57.8
comp125683_c1_seq1.p1	6.04E-11	70.1
comp125855_c1_seq1.p1	5.26E-05	47.4
comp126864_c0_seq2.p1	1.50E-22	112
comp127555_c1_seq1.p1	1.67E-08	60.8
comp128064_c0_seq1.p1	9.21E-52	167
comp128064_c1_seq1.p1	4.15E-08	56.6
comp129031_c0_seq1.p1	4.58E-38	151
comp129392_c0_seq1.p1	6.52E-07	53.9
comp130084_c1_seq1.p1	5.92E-90	291
comp130745_c0_seq1.p1	3.91E-27	117
comp130745_c0_seq2.p2	3.74E-10	62.8
comp130844_c1_seq1.p1	7.61E-27	113
comp131058_c0_seq2.p1	4.85E-08	60.5
comp132661_c1_seq1.p1	9.52E-06	54.3
comp133373_c0_seq1.p1	7.03E-11	65.1
comp133995_c0_seq1.p1	1.85E-23	112
comp134670_c0_seq2.p1	5.52E-96	299
comp134670_c0_seq3.p1	3.34E-39	135
comp135003_c0_seq2.p1	1.10E-17	84.7
comp135003_c1_seq1.p1	1.02E-107	340
comp135174_c0_seq1.p1	5.71E-194	563
comp135889_c0_seq1.p1	2.34E-33	143
comp136088_c0_seq1.p1	7.97E-56	197
comp136329_c0_seq4.p1	6.48E-05	51.2
comp136416_c1_seq2.p1	3.54E-31	132
comp136835_c0_seq1.p1	1.12E-29	124
comp138125_c1_seq1.p1	8.15E-14	73.9
comp138125_c1_seq11.p1	1.09E-27	122
comp138125_c1_seq13.p1	6.11E-04	45.1
comp138125_c1_seq2.p1	4.36E-35	152
comp169569_c0_seq1.p1	1.44E-12	68.9
comp169756_c0_seq1.p1	5.02E-07	58.2
comp191518_c0_seq1.p1	5.46E-10	62
comp210921_c0_seq1.p1	1.42E-34	127
comp227832_c0_seq1.p1	7.16E-18	85.1
comp229965_c0_seq1.p1	1.42E-07	59.3
comp240838_c0_seq1.p1	9.09E-13	70.1
comp258512_c0_seq1.p1	7.69E-41	144
comp355283_c0_seq1.p1	1.94E-16	79.7
comp48165_c0_seq1.p1	1.70E-13	70.1
comp57703_c0_seq1.p1	2.06E-18	87.4
comp61867_c0_seq1.p1	1.72E-06	54.7
comp64520_c0_seq1.p1	3.89E-53	177
comp78900_c0_seq1.p1	6.32E-66	213
comp88982_c0_seq1.p1	1.51E-06	57
comp90909_c0_seq1.p1	1.04E-07	56.2
comp91569_c0_seq1.p1	3.24E-06	51.6
comp93142_c0_seq1.p2	8.75E-17	75.5
comp93142_c1_seq1.p1	1.42E-38	138
comp93496_c0_seq1.p1	1.72E-54	174
comp95086_c0_seq1.p1	2.71E-20	90.1
comp95086_c1_seq1.p1	2.70E-87	272
comp95865_c0_seq1.p1	5.48E-46	151
comp96049_c0_seq1.p1	1.18E-55	195
comp96050_c0_seq1.p1	8.31E-05	48.1
comp97004_c0_seq1.p1	1.02E-09	60.8
BOX15_Mlig015854g1	2.09E-152	451
BOX15_Mlig004065g1	9.39E-123	377
BOX15_Mlig031591g2	6.19E-56	202
BOX15_Mlig013723g1	1.83E-05	53.5
BOX15_Mlig007204g1	9.09E-05	54.3
BOX15_Mlig023951g1	2.41E-22	108
BOX15_Mlig003898g1	1.09E-56	201
BOX15_Mlig031004g1	4.79E-06	57.4
BOX15_Mlig031432g4	6.00E-14	82.8
BOX15_Mlig002395g4	3.64E-90	313
BOX15_Mlig007609g1	1.07E-06	58.9
BOX15_Mlig011325g2	9.50E-52	191
BOX15_Mlig022967g3	3.20E-17	94
BOX15_Mlig021793g2	4.00E-88	281
BOX15_Mlig003120g3	3.39E-18	95.9
BOX15_Mlig010678g1	2.26E-48	174
BOX15_Mlig007416g1	5.90E-06	50.4
BOX15_Mlig028584g3	7.40E-14	82
BOX15_Mlig028785g2	5.64E-57	205
BOX15_Mlig019094g1	5.90E-13	79
BOX15_Mlig024322g3	2.39E-07	61.6
BOX15_Mlig029271g2	5.57E-06	57
BOX15_Mlig006056g2	6.00E-07	61.2
BOX15_Mlig032051g1	2.00E-07	61.6
BOX15_Mlig015178g3	4.92E-18	95.5
BOX15_Mlig016990g2	1.02E-10	72.8
BOX15_Mlig014550g2	9.78E-06	56.2
BOX15_Mlig006976g1	1.56E-05	51.6
BOX15_Mlig031795g3	2.15E-41	164
BOX15_Mlig021130g3	3.69E-17	94
BOX15_Mlig000989g5	2.18E-16	90.9
BOX15_Mlig009538g1	3.49E-05	50.8
BOX15_Mlig000674g2	1.14E-104	341
BOX15_Mlig034115g2	1.02E-36	157
BOX15_Mlig013616g1	8.88E-52	191
BOX15_Mlig011411g1	2.19E-06	51.2
BOX15_Mlig004551g4	1.13E-10	72.4
BOX15_Mlig014244g1	3.56E-74	247
BOX15_Mlig024351g4	1.86E-30	130
BOX15_Mlig031804g2	2.44E-91	292
BOX15_Mlig020788g3	6.43E-57	217
BOX15_Mlig026429g3	2.16E-17	95.1
BOX15_Mlig033565g2	1.32E-09	68.6
BOX15_Mlig028680g1	4.53E-04	50.8
BOX15_Mlig027426g1	3.09E-26	120
BOX15_Mlig032568g1	7.59E-62	216
BOX15_Mlig009398g1	1.21E-173	505
BOX15_Mlig025449g1	2.59E-53	190
BOX15_Mlig020199g1	2.96E-15	87
BOX15_Mlig009170g1	8.08E-28	128
BOX15_Mlig000841g2	1.06E-70	240
BOX15_Mlig000209g3	6.18E-05	54.3
BOX15_Mlig000862g3	2.89E-190	550
BOX15_Mlig030741g1	1.79E-08	65.5
BOX15_Mlig026840g2	3.67E-61	207
BOX15_Mlig000841g6	1.21E-38	147
BOX15_Mlig002294g2	1.55E-35	146
BOX15_Mlig022707g1	6.60E-39	163
BOX15_Mlig005297g1	2.14E-42	174
BOX15_Mlig007166g1	7.25E-13	79
BOX15_Mlig020801g1	6.97E-04	50.8
BOX15_Mlig008197g1	1.92E-123	375
BOX15_Mlig033226g1	1.47E-32	135
BOX15_Mlig015771g1	4.20E-38	160
BOX15_Mlig013326g1	2.68E-06	52.4
BOX15_Mlig006075g1	2.56E-14	84.3
BOX15_Mlig000461g1	1.33E-174	509
BOX15_Mlig015474g3	7.81E-74	247
BOX15_Mlig032313g1	2.66E-77	264
BOX15_Mlig005955g1	3.21E-21	107
BOX15_Mlig010245g2	7.16E-09	66.2
BOX15_Mlig005363g2	1.22E-16	91.3
BOX15_Mlig016491g1	2.77E-17	85.9
BOX15_Mlig015393g1	7.50E-33	141
BOX15_Mlig017198g1	1.77E-07	62
BOX15_Mlig009331g1	1.94E-15	87
BOX15_Mlig011397g1	5.70E-13	79.3
BOX15_Mlig003611g1	4.84E-20	99.4
BOX15_Mlig024916g1	3.46E-06	57
BOX15_Mlig024348g1	6.10E-06	54.3
BOX15_Mlig018669g1	1.63E-15	87.4
BOX15_Mlig016426g1	2.51E-39	164
BOX15_Mlig012309g1	8.77E-40	166
BOX15_Mlig013241g1	1.42E-10	72
BOX15_Mlig018909g1	4.31E-12	76.3
BOX15_Mlig025217g1	2.15E-44	172
BOX15_Mlig015385g1	4.20E-18	95.9
BOX15_Mlig009517g1	1.17E-16	91.3
BOX15_Mlig028639g1	6.30E-13	79.3
BOX15_Mlig026767g5	6.19E-47	176
BOX15_Mlig004863g1	3.59E-81	272
BOX15_Mlig010186g1	4.64E-04	48.1
BOX15_Mlig001459g3	4.12E-04	50.4
BOX15_Mlig008883g4	1.14E-84	271
BOX15_Mlig016491g12	3.35E-26	108
BOX15_Mlig014011g1	1.89E-09	69.3
BOX15_Mlig026396g1	3.12E-10	68.9
BOX15_Mlig031664g1	2.72E-20	92.8
BOX15_Mlig009645g1	3.00E-05	54.7
BOX15_Mlig030622g1	5.76E-21	104
BOX15_Mlig025621g1	2.58E-13	80.5
BOX15_Mlig033810g1	4.18E-08	63.9
BOX15_Mlig007222g3	1.73E-21	106
BOX15_Mlig000966g1	1.52E-06	58.9
BOX15_Mlig015081g1	1.13E-07	62.8
BOX15_Mlig032482g1	1.54E-12	77.8
BOX15_Mlig031609g1	4.62E-06	57.8
BOX15_Mlig027167g2	5.58E-43	159
BOX15_Mlig022931g1	3.03E-11	73.6
BOX15_Mlig022345g1	3.09E-07	58.9
BOX15_Mlig010174g1	3.62E-162	481
BOX15_Mlig019166g1	2.78E-177	515
BOX15_Mlig023922g2	7.14E-204	584
BOX15_Mlig026138g2	1.04E-10	69.3
BOX15_Mlig006140g2	1.62E-27	110
BOX15_Mlig023547g1	7.64E-59	210
BOX15_Mlig012953g1	3.17E-08	64.3
BOX15_Mlig007558g1	3.81E-18	97.1
BOX15_Mlig014474g5	2.20E-08	63.2
BOX15_Mlig020283g2	1.06E-166	489
BOX15_Mlig021913g2	3.22E-38	156
BOX15_Mlig033047g1	1.75E-08	64.7
BOX15_Mlig002809g2	9.04E-08	62.8
BOX15_Mlig026586g1	6.36E-09	60.8
BOX15_Mlig002193g1	5.95E-06	57.8
BOX15_Mlig009716g1	2.86E-36	140
BOX15_Mlig015081g3	2.96E-07	60.1
BOX15_Mlig009716g2	1.15E-69	233
BOX15_Mlig015174g1	6.32E-164	481
BOX15_Mlig030616g2	1.84E-12	77.8
BOX15_Mlig021706g1	1.70E-06	54.7
BOX15_Mlig004814g1	7.64E-45	174
BOX15_Mlig020845g1	2.42E-114	377
BOX15_Mlig020704g1	9.60E-09	65.9
BOX15_Mlig008995g1	1.52E-05	54.7
BOX15_Mlig008995g3	3.20E-10	70.5
BOX15_Mlig006398g1	2.80E-04	52.8
BOX15_Mlig005119g9	3.50E-88	291
BOX15_Mlig011179g1	2.10E-29	123
BOX15_Mlig014979g1	1.20E-129	393
BOX15_Mlig025378g2	9.52E-08	62.8
BOX15_Mlig029354g1	9.44E-07	53.9
BOX15_Mlig005480g1	2.99E-33	129
SMEST000150001	4.77E-06	57.8
SMEST000209001	2.03E-20	84.7
SMEST000214001	1.80E-86	278
SMEST000638001	1.90E-14	83.6
SMEST000681001	1.93E-05	53.9
SMEST002556001	2.05E-19	92
SMEST002905001	1.29E-141	423
SMEST004049001	3.84E-06	57.4
SMEST005358002	1.63E-67	231
SMEST006108001	4.55E-09	62.4
SMEST006412001	1.55E-37	150
SMEST006949001	1.51E-45	182
SMEST008589002	5.59E-07	60.1
SMEST008719001	6.66E-57	221
SMEST008993001	2.37E-67	228
SMEST009914001	3.60E-18	95.9
SMEST011523001	1.01E-05	55.8
SMEST011525001	3.43E-11	73.2
SMEST011827001	1.54E-147	438
SMEST012532004	3.21E-08	63.9
SMEST013072001	1.59E-05	55.5
SMEST013147002	3.00E-13	80.1
SMEST014741002	4.81E-151	451
SMEST015256002	1.99E-58	206
SMEST015383001	7.32E-138	414
SMEST016391001	6.79E-06	56.2
SMEST016405001	3.35E-47	172
SMEST016707001	7.66E-10	70.1
SMEST016710001	5.78E-18	94.7
SMEST016913001	6.17E-09	66.2
SMEST017657001	2.50E-08	63.9
SMEST017668001	3.59E-07	60.5
SMEST017678001	1.82E-09	67.8
SMEST018336002	3.04E-124	371
SMEST018611012	2.51E-47	194
SMEST018611013	2.33E-47	194
SMEST019202001	1.43E-07	62
SMEST019203001	8.09E-58	200
SMEST020604001	2.33E-09	67.4
SMEST020658005	9.19E-20	100
SMEST020665001	1.87E-147	437
SMEST020676001	6.83E-06	53.9
SMEST021568001	4.51E-66	230
SMEST021654001	3.11E-12	76.6
SMEST021796001	3.51E-09	65.9
SMEST022851001	3.03E-126	409
SMEST022994001	1.05E-08	63.9
SMEST022995001	1.14E-06	58.9
SMEST022997001	9.40E-14	81.3
SMEST022999001	3.11E-13	79.7
SMEST023242002	2.46E-92	298
SMEST023360001	4.18E-61	216
SMEST023742004	5.25E-41	159
SMEST023742006	2.45E-40	165
SMEST024217002	6.83E-12	74.3
SMEST024270001	3.29E-16	89.4
SMEST026005001	1.28E-159	469
SMEST027550001	6.40E-50	180
SMEST027888003	6.64E-04	50.4
SMEST028094001	1.11E-14	84.7
SMEST028455001	1.29E-143	433
SMEST028687001	8.41E-15	85.1
SMEST029017001	4.72E-06	57
SMEST029022001	1.67E-18	97.1
SMEST029213001	3.63E-148	443
SMEST031120001	4.48E-09	64.7
SMEST031120002	3.79E-11	72
SMEST031561004	1.98E-153	452
SMEST032616001	7.96E-05	52.4
SMEST032691001	1.04E-79	259
SMEST034894001	1.38E-07	62
SMEST034930001	1.05E-37	160
SMEST035185001	6.12E-12	75.9
SMEST037019002	4.64E-59	223
SMEST037124001	2.32E-75	249
SMEST037525001	1.04E-07	62.4
SMEST039581001	8.65E-07	59.7
SMEST039749001	1.24E-09	67.4
SMEST040082001	2.72E-78	266
SMEST040424001	1.36E-10	72.4
SMEST041696001	1.08E-09	67
SMEST041729001	1.15E-12	77
SMEST041740001	2.36E-08	62.8
SMEST041796001	9.77E-09	63.2
SMEST041818001	2.66E-07	59.7
SMEST041829001	4.89E-09	65.1
SMEST041885001	2.82E-78	254
SMEST041886001	4.27E-74	244
SMEST041912001	4.56E-11	71.6
SMEST041914002	3.14E-11	72
SMEST043119001	1.69E-07	62
SMEST043379001	6.42E-14	84
SMEST043840001	3.19E-38	151
SMEST044381001	1.20E-14	84.7
SMEST045054001	4.31E-18	95.5
SMEST045131001	1.04E-11	75.1
SMEST045280001	3.05E-56	204
SMEST047329001	1.05E-22	109
SMEST047372002	6.20E-39	141
SMEST047472002	3.68E-50	173
SMEST047581001	8.18E-19	98.2
SMEST048391002	2.54E-118	359
SMEST048395001	5.73E-41	162
SMEST049231001	2.39E-07	62.4
SMEST049467001	1.80E-87	306
SMEST052669002	1.14E-39	155
SMEST053382001	3.74E-07	60.5
SMEST053390001	1.05E-07	62.4
SMEST053391001	5.45E-05	53.5
SMEST053446003	3.87E-52	195
SMEST053477002	4.02E-33	132
SMEST055022002	2.63E-161	497
SMEST056126002	5.73E-17	92
SMEST056721001	1.26E-115	358
SMEST060702001	4.05E-07	60.8
SMEST061291002	5.39E-22	106
SMEST061291010	3.34E-26	119
SMEST061503001	9.77E-140	419
SMEST061905001	4.15E-75	249
SMEST061997002	5.56E-38	155
SMEST062815001	3.08E-10	69.7
SMEST064187001	1.43E-18	96.7
SMEST064433001	1.58E-13	79
SMEST064435001	7.16E-09	64.3
SMEST064442001	2.83E-06	56.2
SMEST064521001	1.62E-139	421
SMEST064655002	1.63E-36	141
SMEST064656003	3.15E-33	134
SMEST064696001	1.05E-13	82.4
SMEST065489002	3.24E-29	131
SMEST065907001	4.28E-22	109
SMEST066647002	1.01E-08	65.5
SMEST066647004	6.63E-09	65.5
SMEST068777001	1.32E-138	417
SMEST069054001	4.29E-10	69.7
SMEST069074001	1.18E-08	65.1
SMEST069521001	1.20E-16	82.4
SMEST069526001	2.68E-11	67.4
SMEST069533002	2.32E-31	137
SMEST069544001	3.03E-14	76.6
SMEST069546001	2.57E-07	61.2
SMEST069611001	4.53E-22	107
SMEST069788001	2.06E-47	169
SMEST069967002	3.51E-78	258
SMEST071005001	4.40E-70	237
SMEST071641001	3.63E-80	270
SMEST071734001	7.75E-49	197
SMEST072389001	3.20E-16	89.4
SMEST072895001	4.36E-15	85.9
SMEST073148001	1.03E-04	52.8
SMEST073173009	2.00E-34	148
SMEST073183001	2.43E-30	130
SMEST073189006	1.44E-13	82
SMEST073204003	6.66E-16	83.6
SMEST073231003	4.27E-26	117
SMEST073267001	1.51E-12	77.4
SMEST073518001	5.53E-59	211
SMEST074769001	4.60E-14	82
SMEST075970001	5.55E-47	174
SMEST077071002	4.67E-39	152
SMEST077704001	2.80E-72	239
SMEST078360001	3.86E-15	86.3
SMEST079502001	1.46E-05	55.5
SMEST079503001	1.85E-05	55.1
SMEST080345004	2.07E-10	67.8
SMEST080356001	1.38E-10	66.6
SMEST080367001	2.44E-25	120
SMEST080411004	2.58E-22	108
SMEST080891001	8.12E-41	144
SMEST080891003	1.27E-40	144
SMEST080892001	3.87E-05	52.4
SMEST081650001	2.59E-13	80.5
SMEST081715001	1.04E-14	84.7
SMEST081862001	2.23E-20	103
Gbulla1a000159T1	6.28E-17	91.7
Gbulla1a000252T1	4.41E-131	396
Gbulla1a000380T1	6.19E-41	161
Gbulla1a000897T1	6.82E-04	48.9
Gbulla1a001153T1	2.66E-72	249
Gbulla1a001487T1	4.26E-17	92.4
Gbulla1a001833T1	1.17E-04	52.8
Gbulla1a001918T1	1.73E-103	322
Gbulla1a001972T1	2.14E-74	248
Gbulla1a002093T1	4.36E-79	261
Gbulla1a002102T1	7.28E-63	219
Gbulla1a002129T1	1.14E-90	293
Gbulla1a002141T2	6.14E-15	85.5
Gbulla1a002141T4	9.03E-19	99
Gbulla1a002145T3	6.31E-81	266
Gbulla1a002154T1	4.35E-105	329
Gbulla1a002248T2	3.66E-59	209
Gbulla1a002262T2	5.18E-50	180
Gbulla1a002262T4	4.55E-48	175
Gbulla1a002336T1	9.52E-51	180
Gbulla1a002360T1	7.64E-55	212
Gbulla1a002564T1	5.48E-59	209
Gbulla1a002566T1	2.60E-62	216
Gbulla1a002718T1	1.79E-20	103
Gbulla1a002744T1	3.11E-36	135
Gbulla1a002910T1	1.36E-04	52.8
Gbulla1a003271T6	1.38E-09	68.2
Gbulla1a003352T1	1.15E-54	194
Gbulla1a003715T1	1.70E-07	61.6
Gbulla1a003730T1	1.15E-09	68.6
Gbulla1a003745T2	3.23E-32	137
Gbulla1a003904T2	5.63E-10	69.3
Gbulla1a004179T2	9.36E-127	389
Gbulla1a004230T1	5.46E-111	343
Gbulla1a004605T1	1.19E-14	84.3
Gbulla1a004720T1	4.76E-70	234
Gbulla1a005014T1	3.34E-40	150
Gbulla1a005228T1	3.26E-08	63.9
Gbulla1a005242T1	1.66E-46	186
Gbulla1a005242T2	1.71E-47	190
Gbulla1a005258T2	3.22E-48	192
Gbulla1a005288T1	3.79E-91	294
Gbulla1a005860T1	4.50E-16	83.6
Gbulla1a006073T1	2.47E-27	124
Gbulla1a006919T2	6.96E-147	437
Gbulla1a006945T1	5.24E-18	95.5
Gbulla1a006986T1	2.86E-93	294
Gbulla1a007298T1	1.65E-97	305
Gbulla1a007505T1	3.96E-64	220
Gbulla1a007594T1	1.34E-37	138
Gbulla1a007915T1	1.63E-05	54.3
Gbulla1a008310T1	6.98E-53	194
Gbulla1a008542T3	9.11E-124	382
Gbulla1a008898T1	5.11E-04	47
Gbulla1a008900T1	1.60E-63	223
Gbulla1a009062T1	5.66E-69	233
Gbulla1a009554T1	1.05E-86	295
Gbulla1a009664T1	1.36E-76	262
Gbulla1a009686T3	4.90E-27	116
Gbulla1a009754T1	1.52E-74	246
Gbulla1a009763T1	1.53E-73	241
Gbulla1a009767T1	1.24E-17	89.7
Gbulla1a009838T1	1.11E-05	54.3
Gbulla1a009842T1	2.33E-07	58.5
Gbulla1a009849T1	6.86E-39	157
Gbulla1a010006T1	5.13E-61	215
Gbulla1a010332T1	4.83E-10	67.4
Gbulla1a010489T1	2.83E-67	229
Gbulla1a010498T1	8.46E-66	228
Gbulla1a010653T1	2.12E-35	146
Gbulla1a010749T2	3.21E-60	210
genemark-scf7180006947446-processed-gene-0.4-mRNA-1	7.00E-47	169
genemark-scf7180006947509-processed-gene-0.0-mRNA-1	5.96E-71	236
genemark-scf7180006947626-processed-gene-0.3-mRNA-1	1.88E-59	209
genemark-scf7180006948030-processed-gene-0.0-mRNA-1	6.23E-33	129
genemark-scf7180006949156-processed-gene-0.2-mRNA-1	1.78E-139	420
genemark-scf7180006949356-processed-gene-0.31-mRNA-1	3.27E-38	145
genemark-scf7180006949874-processed-gene-0.0-mRNA-1	9.02E-23	92.4
genemark-scf7180006950185-processed-gene-0.3-mRNA-1	1.53E-88	287
genemark-scf7180006950468-processed-gene-0.4-mRNA-1	1.91E-103	328
genemark-scf7180006950725-processed-gene-0.7-mRNA-1	4.55E-49	184
genemark-scf7180006950902-processed-gene-0.0-mRNA-1	4.45E-05	49.7
genemark-scf7180006951062-processed-gene-0.1-mRNA-1	6.52E-74	254
genemark-scf7180006951248-processed-gene-0.13-mRNA-1	5.30E-52	184
genemark-scf7180006951876-processed-gene-0.1-mRNA-1	7.24E-81	260
genemark-scf7180006952450-processed-gene-0.6-mRNA-1	1.01E-30	136
genemark-scf7180006952571-processed-gene-0.8-mRNA-1	8.33E-78	255
genemark-scf7180006952778-processed-gene-0.1-mRNA-1	2.09E-63	217
genemark-scf7180006953170-processed-gene-0.2-mRNA-1	4.02E-08	61.6
genemark-scf7180006953275-processed-gene-0.1-mRNA-1	1.34E-99	331
genemark-scf7180006953283-processed-gene-0.3-mRNA-1	1.91E-52	191
genemark-scf7180006953283-processed-gene-0.4-mRNA-1	3.77E-71	235
genemark-scf7180006953384-processed-gene-0.9-mRNA-1	4.82E-13	79.3
genemark-scf7180006953439-processed-gene-1.18-mRNA-1	5.68E-18	95.1
genemark-scf7180006953440-processed-gene-0.5-mRNA-1	1.13E-87	278
maker-scf7180006947379-snap-gene-0.52-mRNA-1	3.47E-81	256
maker-scf7180006947718-snap-gene-0.10-mRNA-1	3.55E-104	335
maker-scf7180006948385-snap-gene-0.22-mRNA-1	1.48E-131	411
maker-scf7180006950185-snap-gene-0.44-mRNA-1	2.48E-06	50.8
maker-scf7180006950185-snap-gene-0.45-mRNA-1	1.75E-102	332
maker-scf7180006950427-snap-gene-0.13-mRNA-1	7.57E-06	55.1
maker-scf7180006951118-snap-gene-0.8-mRNA-1	9.11E-08	61.2
maker-scf7180006951430-snap-gene-0.16-mRNA-1	3.49E-50	182
maker-scf7180006952079-snap-gene-0.26-mRNA-1	3.57E-50	177
maker-scf7180006952566-snap-gene-0.22-mRNA-1	1.28E-52	189
maker-scf7180006952568-snap-gene-0.48-mRNA-1	1.22E-125	381
maker-scf7180006952601-snap-gene-0.38-mRNA-1	8.55E-47	179
maker-scf7180006952609-snap-gene-0.52-mRNA-1	7.61E-07	58.5
maker-scf7180006952735-snap-gene-0.73-mRNA-1	3.92E-86	278
maker-scf7180006952878-snap-gene-0.90-mRNA-1	7.55E-131	394
maker-scf7180006952878-snap-gene-0.91-mRNA-1	3.04E-127	385
maker-scf7180006952885-snap-gene-0.51-mRNA-1	8.45E-113	358
maker-scf7180006953028-snap-gene-0.159-mRNA-1	3.87E-107	332
maker-scf7180006953179-snap-gene-0.42-mRNA-1	2.21E-66	230
maker-scf7180006953212-snap-gene-0.34-mRNA-1	3.86E-112	348
maker-scf7180006953238-snap-gene-0.67-mRNA-1	6.12E-137	410
maker-scf7180006953355-snap-gene-0.59-mRNA-1	1.91E-15	87.4
maker-scf7180006953359-snap-gene-0.98-mRNA-1	9.07E-56	202
snap_masked-scf7180006947291-processed-gene-0.4-mRNA-1	4.38E-07	60.1
snap_masked-scf7180006947467-processed-gene-0.10-mRNA-1	1.24E-66	228
snap_masked-scf7180006947467-processed-gene-0.11-mRNA-1	5.04E-70	238
snap_masked-scf7180006947596-processed-gene-0.3-mRNA-1	5.28E-43	171
snap_masked-scf7180006947596-processed-gene-0.8-mRNA-1	1.89E-17	85.5
snap_masked-scf7180006947916-processed-gene-0.1-mRNA-1	5.19E-11	72.4
snap_masked-scf7180006948218-processed-gene-0.4-mRNA-1	5.57E-23	101
snap_masked-scf7180006948344-processed-gene-0.1-mRNA-1	4.70E-04	47.4
snap_masked-scf7180006948427-processed-gene-0.1-mRNA-1	6.51E-16	73.9
snap_masked-scf7180006948555-processed-gene-0.24-mRNA-1	1.77E-55	195
snap_masked-scf7180006948596-processed-gene-0.3-mRNA-1	2.18E-04	50.8
snap_masked-scf7180006948867-processed-gene-0.1-mRNA-1	4.49E-12	68.9
snap_masked-scf7180006949080-processed-gene-0.1-mRNA-1	7.10E-04	46.6
snap_masked-scf7180006949437-processed-gene-0.1-mRNA-1	8.51E-06	49.7
snap_masked-scf7180006950266-processed-gene-0.8-mRNA-1	9.27E-20	84.3
snap_masked-scf7180006950335-processed-gene-0.4-mRNA-1	1.03E-04	48.1
snap_masked-scf7180006950392-processed-gene-0.2-mRNA-1	5.29E-61	212
snap_masked-scf7180006950728-processed-gene-0.8-mRNA-1	4.29E-04	47.4
snap_masked-scf7180006950810-processed-gene-0.7-mRNA-1	1.73E-07	57.8
snap_masked-scf7180006951049-processed-gene-0.2-mRNA-1	1.41E-06	53.5
snap_masked-scf7180006951295-processed-gene-0.1-mRNA-1	1.08E-39	145
snap_masked-scf7180006952033-processed-gene-0.2-mRNA-1	7.22E-13	75.5
snap_masked-scf7180006952484-processed-gene-0.9-mRNA-1	2.33E-32	138
snap_masked-scf7180006952645-processed-gene-0.5-mRNA-1	1.72E-05	52.4
snap_masked-scf7180006952792-processed-gene-0.16-mRNA-1	4.77E-22	97.1
snap_masked-scf7180006952808-processed-gene-0.16-mRNA-1	2.39E-16	90.9
snap_masked-scf7180006953275-processed-gene-0.4-mRNA-1	8.40E-14	73.2
snap_masked-scf7180006953351-processed-gene-0.14-mRNA-1	2.66E-16	90.5
GW921790.1.p1	2.59E-32	128
GW922465.1.p1	6.08E-05	52
TRINITY_DN14495_c0_g1_i7.p1	2.90E-10	71.6
TRINITY_DN278_c0_g1_i12.p1	2.18E-21	108
TRINITY_DN583_c0_g1_i5.p1	2.25E-11	74.3
TRINITY_DN2169_c0_g2_i2.p1	1.20E-09	68.6
TRINITY_DN4712_c0_g1_i4.p1	4.56E-10	70.1
TRINITY_DN372_c0_g2_i12.p1	2.32E-143	431
TRINITY_DN261_c2_g1_i2.p1	7.25E-04	50.4
TRINITY_DN1783_c0_g2_i1.p1	2.39E-62	218
TRINITY_DN2544_c0_g1_i1.p1	1.71E-13	80.5
TRINITY_DN82683_c0_g3_i1.p1	4.38E-67	230
TRINITY_DN629_c2_g1_i1.p1	1.13E-125	383
TRINITY_DN2223_c0_g1_i2.p1	8.42E-73	247
TRINITY_DN1143_c0_g1_i13.p1	7.00E-104	328
TRINITY_DN3501_c1_g1_i5.p1	1.08E-32	134
TRINITY_DN2969_c0_g1_i4.p2	8.44E-162	490
TRINITY_DN2675_c0_g1_i3.p1	6.50E-76	253
TRINITY_DN1070_c2_g1_i1.p1	1.09E-54	192
TRINITY_DN4163_c0_g1_i4.p1	1.53E-118	362
TRINITY_DN182_c2_g1_i1.p2	6.63E-122	366
TRINITY_DN61669_c0_g1_i1.p1	1.93E-11	73.6
TRINITY_DN1875_c1_g1_i4.p1	6.08E-06	56.2
TRINITY_DN1871_c1_g1_i2.p1	4.36E-112	338
TRINITY_DN362_c0_g1_i10.p2	8.33E-16	86.7
TRINITY_DN806_c0_g1_i1.p2	3.86E-92	293
TRINITY_DN751_c1_g1_i1.p1	1.95E-80	256
TRINITY_DN669_c0_g1_i2.p1	2.31E-06	57
TRINITY_DN4729_c0_g1_i5.p1	3.89E-38	142
TRINITY_DN1396_c0_g1_i18.p1	1.03E-06	57.4
TRINITY_DN1954_c0_g1_i5.p1	3.44E-59	201
TRINITY_DN2691_c0_g2_i3.p1	7.05E-07	56.2
TRINITY_DN1153_c0_g3_i2.p1	8.85E-06	54.7
TRINITY_DN64951_c0_g1_i8.p1	1.70E-71	232
TRINITY_DN2102_c0_g1_i5.p2	4.51E-27	117
TRINITY_DN1976_c0_g1_i12.p5	2.61E-18	91.3
TRINITY_DN1703_c0_g1_i13.p2	2.36E-32	129
TRINITY_DN1153_c0_g1_i12.p2	5.27E-04	48.9
TRINITY_DN15235_c0_g1_i1.p1	2.46E-77	244
TRINITY_DN4638_c0_g1_i8.p2	1.79E-08	62
TRINITY_DN3433_c0_g1_i2.p3	5.71E-16	84
TRINITY_DN27939_c0_g5_i1.p1	3.91E-52	183
TRINITY_DN3616_c0_g2_i1.p2	3.00E-05	50.1
TRINITY_DN27939_c0_g3_i1.p1	2.40E-36	132
TRINITY_DN379_c0_g1_i1.p2	9.68E-63	209
TRINITY_DN16160_c0_g1_i1.p1	3.93E-18	85.5
TRINITY_DN234_c2_g1_i1.p1	1.35E-08	61.6
TRINITY_DN51691_c0_g1_i3.p3	1.15E-41	151
TRINITY_DN34116_c0_g1_i4.p1	6.03E-05	50.4
TRINITY_DN5050_c0_g2_i1.p2	1.48E-20	96.3
TRINITY_DN1049_c1_g1_i1.p1	9.76E-06	52.4
TRINITY_DN3616_c0_g4_i1.p2	5.86E-04	46.2
TRINITY_DN804_c0_g1_i2.p3	5.98E-06	48.5
TRINITY_DN28391_c0_g1_i1.p1	7.70E-32	115
TRINITY_DN83_c0_g1_i10.p11	2.15E-16	80.9
TRINITY_DN12455_c0_g1_i1.p6	2.95E-13	69.7
TRINITY_DN1622_c4_g1_i1.p3	1.55E-26	102
TRINITY_DN749_c0_g1_i11.p5	1.37E-14	74.3
TRINITY_DN7744_c0_g2_i2__g.23912	1.96E-99	332
TRINITY_DN13592_c0_g1_i1__g.60716	2.70E-04	52
TRINITY_DN5425_c0_g1_i1__g.40156	1.37E-15	87.8
TRINITY_DN4145_c0_g2_i1__g.10088	7.35E-08	63.2
TRINITY_DN14071_c0_g1_i1__g.60845	6.58E-23	110
TRINITY_DN716_c0_g1_i1__g.58183	1.71E-82	273
TRINITY_DN19966_c0_g1_i1__g.61958	4.34E-12	75.9
TRINITY_DN8792_c0_g1_i1__g.33803	3.96E-69	234
TRINITY_DN33888_c0_g1_i1__g.64743	2.68E-60	211
TRINITY_DN8938_c0_g4_i1__g.61008	3.19E-09	66.2
TRINITY_DN3243_c0_g1_i4__g.66303	3.19E-66	224
TRINITY_DN37218_c0_g1_i1__g.36314	7.74E-55	197
TRINITY_DN2960_c0_g1_i2__g.35977	3.43E-122	372
TRINITY_DN298_c0_g1_i1__g.23052	2.98E-04	48.1
TRINITY_DN3260_c0_g1_i1__g.66213	2.63E-108	333
TRINITY_DN1941_c0_g1_i3__g.19028	1.75E-89	297
TRINITY_DN126_c2_g1_i2__g.46942	1.32E-55	197
TRINITY_DN3723_c0_g1_i3__g.49168	7.89E-28	121
TRINITY_DN6760_c0_g1_i1__g.49574	5.26E-47	173
TRINITY_DN6232_c1_g2_i4__g.24725	9.94E-08	56.2
TRINITY_DN507_c0_g1_i2__g.63278	8.51E-63	215
TRINITY_DN5582_c1_g3_i5__g.69730	9.08E-33	126
TRINITY_DN8232_c0_g1_i2__g.56161	2.72E-34	138
TRINITY_DN4692_c0_g1_i2__g.70196	6.61E-41	157
TRINITY_DN6550_c0_g1_i1__g.55273	5.92E-19	95.1
TRINITY_DN3248_c1_g1_i2__g.66350	1.21E-92	286
TRINITY_DN3001_c1_g1_i1__g.67382	9.75E-05	51.6
TRINITY_DN2822_c0_g2_i8__g.54467	8.69E-49	172
TRINITY_DN13615_c0_g1_i1__g.43723	1.72E-24	108
TRINITY_DN5079_c0_g3_i1__g.56417	2.99E-64	212
TRINITY_DN8117_c0_g1_i1__g.66884	2.24E-45	162
TRINITY_DN1902_c0_g3_i3__g.19165	1.47E-20	95.1
TRINITY_DN1311_c0_g1_i1__g.7625	3.46E-23	105
TRINITY_DN8539_c0_g1_i1__g.69445	5.21E-30	124
TRINITY_DN303_c0_g2_i3__g.3180	3.97E-29	122
TRINITY_DN1911_c0_g2_i1__g.19186	2.96E-33	131
TRINITY_DN24093_c0_g1_i1__g.38691	3.40E-28	120
TRINITY_DN63_c0_g2_i1__g.14919	1.85E-27	117
TRINITY_DN22685_c0_g5_i1__g.67755	2.27E-28	120
TRINITY_DN49_c0_g3_i1__g.16714	2.11E-04	49.7
TRINITY_DN5676_c0_g1_i1__g.24440	1.91E-16	84.7
TRINITY_DN8855_c1_g1_i2__g.36190	9.55E-20	94
TRINITY_DN3902_c0_g2_i1__g.57064	8.08E-29	121
TRINITY_DN2792_c1_g2_i2__g.39260	3.70E-53	185
TRINITY_DN5079_c0_g1_i15__g.56416	4.04E-07	57.4
TRINITY_DN10154_c0_g1_i1__g.14041	3.51E-37	144
TRINITY_DN12228_c0_g1_i1__g.68744	3.57E-23	103
TRINITY_DN26577_c0_g1_i1__g.26673	1.22E-04	49.7
TRINITY_DN11631_c0_g3_i1__g.62207	9.63E-58	195
TRINITY_DN8117_c0_g2_i1__g.66885	3.51E-35	137
TRINITY_DN24524_c0_g1_i1__g.14079	3.91E-05	50.4
TRINITY_DN2802_c0_g1_i1__g.53889	4.32E-05	50.4
TRINITY_DN1265_c2_g1_i3__g.35425	5.47E-07	54.3
TRINITY_DN16889_c0_g2_i3__g.26277	2.91E-51	170
TRINITY_DN14288_c0_g2_i1__g.35492	8.64E-19	86.3
TRINITY_DN7998_c0_g1_i1__g.59641	3.58E-20	90.5
TRINITY_DN16498_c0_g1_i1__g.48816	8.96E-08	57.4
TRINITY_DN3902_c0_g4_i1__g.57062	4.07E-05	48.1
TRINITY_DN472_c0_g1_i1__g.31413	1.11E-12	67.8
TRINITY_DN8539_c0_g2_i1__g.69447	6.62E-08	55.8
TRINITY_DN22685_c0_g4_i1__g.67753	3.64E-12	67
TRINITY_DN14288_c0_g3_i1__g.35493	2.62E-30	118
TRINITY_DN18821_c0_g2_i1__g.55338	7.91E-05	47.8
TRINITY_DN37418_c0_g1_i1__g.62372	1.57E-28	114
TRINITY_DN3623_c0_g1_i1__g.53133	9.25E-24	94
TRINITY_DN665_c0_g1_i1__g.72320	4.22E-04	45.4
TRINITY_DN1426_c0_g1_i6__g.50543	1.01E-05	48.5
TRINITY_DN1733_c0_g2_i2__g.73152	3.55E-05	48.1
TRINITY_DN28700_c0_g1_i1__g.24501	1.14E-26	101
TRINITY_DN14288_c0_g4_i1__g.35491	3.59E-04	45.1
TRINITY_DN8415_c0_g3_i2__g.74673	1.04E-06	52
E_nip_trans_10209_m.65142	2.34E-67	233
E_nip_trans_20683_m.157969	1.05E-24	94
E_nip_trans_10270_m.65597	6.66E-14	83.6
E_nip_trans_35232_m.247532	1.59E-43	164
E_nip_trans_35676_m.249542	1.33E-17	95.1
E_nip_trans_10778_m.71231	1.48E-08	63.2
E_nip_trans_61825_m.386466	3.42E-09	62.8
E_nip_trans_42277_m.293819	1.15E-06	58.9
E_nip_trans_68515_m.438439	3.90E-04	48.5
PXEA_0000038301-mRNA-1	1.33E-05	54.3
PXEA_0000045401-mRNA-1	4.18E-04	45.1
PXEA_0000069901-mRNA-1	6.75E-07	54.3
PXEA_0000081701-mRNA-1	2.70E-07	48.9
PXEA_0000138301-mRNA-1	6.91E-20	84
PXEA_0000261701-mRNA-1	4.63E-09	61.6
PXEA_0000356301-mRNA-1	2.80E-15	86.3
PXEA_0000378801-mRNA-1	3.10E-08	64.3
PXEA_0000421301-mRNA-1	7.84E-09	57.4
PXEA_0000436301-mRNA-1	1.35E-13	70.5
PXEA_0000468501-mRNA-1	3.96E-26	103
PXEA_0000513501-mRNA-1	7.97E-04	48.1
PXEA_0000568401-mRNA-1	9.33E-14	65.5
PXEA_0000569701-mRNA-1	1.35E-04	44.7
PXEA_0000602101-mRNA-1	5.25E-92	279
PXEA_0000636701-mRNA-1	2.73E-06	52.8
PXEA_0000725601-mRNA-1	7.10E-20	82
PXEA_0000882501-mRNA-1	3.99E-10	58.5
PXEA_0000886401-mRNA-1	1.27E-26	105
PXEA_0000917101-mRNA-1	4.94E-08	51.2
PXEA_0000966001-mRNA-1	1.42E-05	47.8
PXEA_0001047801-mRNA-1	4.62E-24	103
PXEA_0001049501-mRNA-1	2.97E-16	74.7
PXEA_0001055801-mRNA-1	1.08E-14	73.2
PXEA_0001180301-mRNA-1	1.15E-27	109
PXEA_0001199101-mRNA-1	2.59E-31	114
PXEA_0001219301-mRNA-1	5.72E-33	132
PXEA_0001247501-mRNA-1	2.50E-18	78.2
PXEA_0001265801-mRNA-1	1.02E-30	113
PXEA_0001280601-mRNA-1	1.16E-60	197
PXEA_0001299301-mRNA-1	1.86E-09	65.5
PXEA_0001313801-mRNA-1	2.23E-49	172
PXEA_0001318101-mRNA-1	1.81E-10	72
PXEA_0001345701-mRNA-1	3.41E-04	46.6
PXEA_0001359201-mRNA-1	1.88E-06	51.2
PXEA_0001412801-mRNA-1	3.22E-07	52.4
PXEA_0001430001-mRNA-1	3.38E-07	59.3
PXEA_0001460401-mRNA-1	5.54E-05	47.4
PXEA_0001506701-mRNA-1	1.38E-19	84
PXEA_0001566501-mRNA-1	2.40E-09	58.2
PXEA_0001632701-mRNA-1	3.10E-05	50.1
PXEA_0001658801-mRNA-1	2.86E-24	94.4
PXEA_0001669901-mRNA-1	4.92E-32	127
PXEA_0001720801-mRNA-1	2.89E-16	72
PXEA_0001755601-mRNA-1	6.41E-09	65.9
PXEA_0001762501-mRNA-1	7.07E-05	51.6
PXEA_0001775901-mRNA-1	1.05E-46	171
PXEA_0002032001-mRNA-1	6.75E-08	62.8
PXEA_0002072001-mRNA-1	2.58E-10	61.6
PXEA_0002076901-mRNA-1	1.60E-33	129
PXEA_0002097601-mRNA-1	3.79E-10	70.5
PXEA_0002330101-mRNA-1	2.16E-06	53.9
PXEA_0002398301-mRNA-1	6.39E-08	55.1
PXEA_0002579201-mRNA-1	3.77E-09	57.8
PXEA_0002595701-mRNA-1	3.91E-20	82.8
PXEA_0002611401-mRNA-1	5.39E-57	209
PXEA_0002663301-mRNA-1	1.15E-120	366
PXEA_0002675601-mRNA-1	2.45E-18	90.9
PXEA_0002694601-mRNA-1	1.52E-04	48.5
PXEA_0002725201-mRNA-1	2.33E-07	54.3
PXEA_0002874301-mRNA-1	6.00E-103	317
PXEA_0002896101-mRNA-1	2.94E-04	45.4
PXEA_0002905301-mRNA-1	1.25E-12	65.9
PXEA_0002922301-mRNA-1	3.70E-18	84
PXEA_0003038301-mRNA-1	1.38E-04	50.8
PXEA_0003191101-mRNA-1	3.66E-07	60.8
PXEA_0003321101-mRNA-1	2.46E-23	90.5
PXEA_0003394901-mRNA-1	5.75E-61	213
PXEA_0003397201-mRNA-1	1.47E-26	113
PXEA_0003437101-mRNA-1	9.90E-69	231
PXEA_0003502701-mRNA-1	3.56E-31	117
PXEA_0003537501-mRNA-1	1.03E-25	99.8
PXEA_0003561701-mRNA-1	4.97E-52	188
PXEA_0003563801-mRNA-1	3.24E-05	50.1
PXEA_0003663001-mRNA-1	2.03E-04	49.7
PXEA_0003711701-mRNA-1	4.39E-10	58.2
PXEA_0003746701-mRNA-1	4.22E-22	90.5
augustus_masked-agouti_scaf_310-processed-gene-0.2-mRNA-1	7.22E-68	230
augustus_masked-jcf7180000219633-processed-gene-1.11-mRNA-1	2.27E-19	99
augustus_masked-jcf7180000225870-processed-gene-0.2-mRNA-1	1.66E-68	228
augustus_masked-jcf7180000276596-processed-gene-0.2-mRNA-1	7.61E-11	72.4
augustus_masked-jcf7180000277226-processed-gene-0.0-mRNA-1	2.78E-09	67.8
maker-agouti_scaf_1050-snap-gene-0.0-mRNA-1	2.48E-04	50.8
maker-agouti_scaf_1131-snap-gene-0.5-mRNA-1	1.99E-08	64.7
maker-agouti_scaf_322-snap-gene-0.1-mRNA-1	2.37E-07	60.8
maker-agouti_scaf_914-augustus-gene-0.19-mRNA-1	2.20E-135	417
maker-jcf7180000219501-snap-gene-0.13-mRNA-1	2.26E-77	260
maker-jcf7180000224771-augustus-gene-0.10-mRNA-1	9.29E-07	58.9
maker-jcf7180000226722-augustus-gene-0.0-mRNA-1	2.55E-73	254
maker-jcf7180000227101-snap-gene-0.1-mRNA-1	2.21E-47	178
maker-jcf7180000231542-augustus-gene-0.1-mRNA-1	5.86E-21	100
maker-jcf7180000234692-augustus-gene-0.0-mRNA-1	8.16E-15	82
maker-jcf7180000257220-snap-gene-0.0-mRNA-1	7.95E-32	135
maker-jcf7180000275465-snap-gene-0.7-mRNA-1	6.48E-36	154
maker-jcf7180000277087-augustus-gene-0.6-mRNA-1	3.20E-04	51.2
snap_masked-jcf7180000224386-processed-gene-0.1-mRNA-1	8.79E-68	231
CSKR_100060-T1	7.27E-53	192
CSKR_100332-T1	4.16E-04	50.8
CSKR_100445-T1	6.02E-11	72.8
CSKR_100484-T1	1.05E-71	243
CSKR_100656-T1	2.16E-73	256
CSKR_100822-T1	1.16E-75	264
CSKR_102333-T1	1.42E-07	63.2
CSKR_104473-T1	4.16E-06	57.4
CSKR_105969-T1	3.12E-38	143
CSKR_105970-T1	9.58E-29	118
CSKR_106284-T1	1.48E-66	227
CSKR_107128-T1	2.09E-05	56.2
CSKR_108891-T1	2.89E-130	420
CSKR_109717-T1	2.38E-128	392
CSKR_109736-T1	6.22E-96	310
CSKR_109823-T1	4.49E-50	165
CSKR_109824-T1	8.62E-26	110
CSKR_110046-T1	1.93E-11	74.7
CSKR_110200-T1	1.88E-34	150
CSKR_110516-T1	8.80E-34	140
CSKR_110807-T1	1.74E-62	228
CSKR_110812-T1	3.30E-41	165
CSKR_110817-T1	2.83E-14	80.5
CSKR_111023-T1	1.11E-33	132
CSKR_111665-T1	2.02E-18	96.3
CSKR_111805-T1	1.45E-59	210
CSKR_112300-T1	3.94E-69	233
CSKR_112340-T1	1.06E-28	124
CSKR_112524-T1	4.03E-04	48.5
CSKR_112526-T1	2.12E-15	86.3
CSKR_112592-T1	1.55E-74	248
CSKR_112593-T1	1.18E-71	241
CSKR_113136-T1	8.78E-07	60.1
CSKR_113237-T1	8.94E-19	97.8
CSKR_113749-T1	6.64E-21	104
CSKR_114067-T1	4.00E-89	294
CSKR_202359-T1	5.96E-04	50.8
CSKR_202691-T1	1.68E-150	483
CSKR_202736-T1	6.36E-55	192
CSKR_202771-T1	6.43E-06	57
CSKR_202856-T1	1.95E-16	90.9
ECPE_0000041601-mRNA-1	5.68E-45	148
ECPE_0000113701-mRNA-1	1.96E-04	48.1
ECPE_0000207701-mRNA-1	7.05E-48	179
ECPE_0000208001-mRNA-1	1.64E-25	121
ECPE_0000209701-mRNA-1	1.58E-65	224
ECPE_0000222701-mRNA-1	3.80E-09	67.4
ECPE_0000233601-mRNA-1	5.96E-09	67
ECPE_0000233901-mRNA-1	2.39E-05	55.5
ECPE_0000235101-mRNA-1	2.43E-13	80.9
ECPE_0000237301-mRNA-1	2.56E-04	50.8
ECPE_0000239801-mRNA-1	8.69E-09	66.6
ECPE_0000244801-mRNA-1	3.06E-40	150
ECPE_0000244901-mRNA-1	3.68E-15	77.4
ECPE_0000249501-mRNA-1	1.11E-25	99.4
ECPE_0000249601-mRNA-1	9.95E-51	175
ECPE_0000265901-mRNA-1	7.74E-26	116
ECPE_0000279801-mRNA-1	7.10E-47	162
ECPE_0000295201-mRNA-1	3.15E-28	131
ECPE_0000299401-mRNA-1	5.16E-15	85.5
ECPE_0000303801-mRNA-1	7.05E-93	318
ECPE_0000312101-mRNA-1	1.83E-91	319
ECPE_0000322401-mRNA-1	9.06E-11	73.2
ECPE_0000326201-mRNA-1	1.02E-37	129
ECPE_0000426701-mRNA-1	1.16E-35	144
ECPE_0000472801-mRNA-1	6.98E-06	48.5
ECPE_0000473701-mRNA-1	1.03E-20	103
ECPE_0000473801-mRNA-1	5.72E-24	112
ECPE_0000475001-mRNA-1	1.58E-34	140
ECPE_0000480701-mRNA-1	1.62E-07	50.4
ECPE_0000480801-mRNA-1	7.69E-39	155
ECPE_0000521101-mRNA-1	1.03E-58	213
ECPE_0000557001-mRNA-1	4.99E-04	48.5
ECPE_0000672501-mRNA-1	8.33E-27	123
ECPE_0000689801-mRNA-1	7.01E-24	114
ECPE_0000758201-mRNA-1	2.58E-68	231
ECPE_0000779701-mRNA-1	4.18E-27	114
ECPE_0000788501-mRNA-1	1.79E-60	213
ECPE_0000806801-mRNA-1	3.07E-15	85.5
ECPE_0000831901-mRNA-1	1.72E-05	46.6
ECPE_0000868601-mRNA-1	5.76E-04	49.3
ECPE_0000874801-mRNA-1	9.31E-36	141
ECPE_0000909701-mRNA-1	3.73E-05	47.8
ECPE_0000919301-mRNA-1	4.16E-07	58.5
ECPE_0000923401-mRNA-1	3.30E-18	93.6
ECPE_0000935901-mRNA-1	2.45E-70	233
ECPE_0000963501-mRNA-1	1.08E-52	175
ECPE_0001051601-mRNA-1	2.30E-25	110
ECPE_0001139201-mRNA-1	4.75E-25	118
ECPE_0001252201-mRNA-1	1.23E-21	103
ECPE_0001366901-mRNA-1	8.50E-74	246
ECPE_0001473401-mRNA-1	3.49E-04	51.2
ECPE_0001593301-mRNA-1	8.55E-32	129
ECPE_0001722101-mRNA-1	8.49E-37	130
ECPE_0001740501-mRNA-1	7.90E-15	75.5
ECPE_0001753801-mRNA-1	7.82E-15	75.5
FGIG_01388	1.26E-05	55.8
FGIG_01541	5.14E-68	226
FGIG_02289	1.01E-20	103
FGIG_02589	1.01E-70	246
FGIG_02590	2.79E-88	286
FGIG_03054	2.45E-08	64.7
FGIG_03226	9.52E-122	373
FGIG_03227	4.02E-05	48.1
FGIG_03301	5.88E-75	256
FGIG_03463	1.60E-35	148
FGIG_03466	5.96E-10	68.2
FGIG_04082	2.94E-71	247
FGIG_04240	5.26E-52	192
FGIG_04241	1.25E-66	233
FGIG_04398	9.14E-36	152
FGIG_04701	4.53E-38	160
FGIG_04702	9.98E-79	282
FGIG_05051	1.80E-10	68.6
FGIG_05312	6.20E-09	62.8
FGIG_05554	1.71E-07	62.4
FGIG_05559	1.03E-31	115
FGIG_05560	4.57E-21	92.4
FGIG_05892	4.12E-06	57
FGIG_06005	1.82E-11	75.1
FGIG_06053	9.71E-09	62.4
FGIG_06054	8.72E-14	79.7
FGIG_06186	8.93E-26	110
FGIG_06187	6.63E-12	72.8
FGIG_06644	1.09E-53	193
FGIG_06659	7.64E-32	137
FGIG_06661	1.66E-26	124
FGIG_06849	1.08E-17	87
FGIG_06850	4.91E-39	147
FGIG_07823	1.47E-137	428
FGIG_08212	8.64E-68	231
FGIG_08629	7.61E-63	203
FGIG_09057	1.74E-13	79.3
FGIG_09726	6.69E-09	66.2
FGIG_10124	8.37E-06	55.8
FGIG_10750	2.74E-11	72.8
FGIG_10773	3.62E-47	182
FGIG_10984	8.60E-21	89.7
FGIG_11629	4.25E-12	76.3
augustus_masked-scaffold10x_598_pilon-processed-gene-1.200-mRNA-1	5.43E-05	52
maker-scaffold10x_100_pilon-snap-gene-0.1-mRNA-1	1.42E-26	122
maker-scaffold10x_1086_pilon-pred_gff_StringTie-gene-0.30-mRNA-1	6.17E-68	231
maker-scaffold10x_111_pilon-augustus-gene-0.6-mRNA-1	7.13E-97	314
maker-scaffold10x_111_pilon-snap-gene-0.71-mRNA-1	9.63E-129	395
maker-scaffold10x_125_pilon-augustus-gene-0.74-mRNA-1	1.50E-07	62.4
maker-scaffold10x_1322_pilon-snap-gene-0.10-mRNA-1	5.49E-18	95.5
maker-scaffold10x_1326_pilon-snap-gene-0.57-mRNA-1	1.45E-04	51.2
maker-scaffold10x_1420_pilon-snap-gene-0.54-mRNA-1	3.02E-67	233
maker-scaffold10x_1829_pilon-snap-gene-0.28-mRNA-1	1.89E-15	87.4
maker-scaffold10x_1972_pilon-snap-gene-0.29-mRNA-1	2.48E-93	295
maker-scaffold10x_1972_pilon-snap-gene-0.30-mRNA-1	1.05E-66	232
maker-scaffold10x_240_pilon-snap-gene-0.20-mRNA-1	1.17E-34	150
maker-scaffold10x_24_pilon-augustus-gene-0.6-mRNA-1	1.46E-06	58.2
maker-scaffold10x_256_pilon-snap-gene-0.12-mRNA-1	2.64E-125	407
maker-scaffold10x_330_pilon-snap-gene-0.88-mRNA-1	5.70E-08	63.9
maker-scaffold10x_345_pilon-augustus-gene-0.44-mRNA-1	1.94E-139	424
maker-scaffold10x_370_pilon-snap-gene-0.41-mRNA-1	7.23E-08	63.9
maker-scaffold10x_492_pilon-augustus-gene-0.4-mRNA-1	4.15E-53	191
maker-scaffold10x_493_pilon-snap-gene-1.25-mRNA-1	9.52E-31	134
maker-scaffold10x_498_pilon-snap-gene-0.4-mRNA-1	4.37E-04	49.3
maker-scaffold10x_598_pilon-augustus-gene-1.139-mRNA-1	8.54E-42	162
maker-scaffold10x_602_pilon-pred_gff_StringTie-gene-0.15-mRNA-1	3.49E-16	89.7
maker-scaffold10x_609_pilon-snap-gene-0.7-mRNA-1	1.34E-28	125
maker-scaffold10x_637_pilon-augustus-gene-0.35-mRNA-1	1.81E-26	114
maker-scaffold10x_691_pilon-snap-gene-0.46-mRNA-1	2.74E-08	64.7
maker-scaffold10x_712_pilon-snap-gene-0.7-mRNA-1	2.49E-77	262
maker-scaffold10x_730_pilon-snap-gene-0.76-mRNA-1	8.72E-71	246
maker-scaffold10x_794_pilon-augustus-gene-0.64-mRNA-1	1.27E-70	230
maker-scaffold10x_894_pilon-augustus-gene-0.86-mRNA-1	4.30E-72	250
maker-scaffold10x_908_pilon-snap-gene-1.158-mRNA-1	9.90E-68	221
maker-scaffold10x_908_pilon-snap-gene-1.174-mRNA-1	2.25E-11	65.9
maker-scaffold10x_90_pilon-augustus-gene-0.113-mRNA-1	3.42E-26	117
maker-scaffold10x_90_pilon-snap-gene-0.102-mRNA-1	1.92E-19	90.9
maker-scaffold10x_90_pilon-snap-gene-0.98-mRNA-1	6.85E-82	281
maker-scaffold10x_925_pilon-snap-gene-0.5-mRNA-1	3.30E-22	108
snap_masked-scaffold10x_2623_pilon-processed-gene-0.3-mRNA-1	1.68E-08	65.1
snap_masked-scaffold10x_513_pilon-processed-gene-1.78-mRNA-1	9.95E-13	79.3
FBUS_00206	4.38E-08	60.5
FBUS_00288	2.16E-04	52.4
FBUS_00558	1.11E-10	72
FBUS_00785	2.32E-05	54.3
FBUS_00950	5.33E-24	113
FBUS_01426	1.09E-18	97.8
FBUS_01599	4.78E-27	114
FBUS_01600	2.52E-39	149
FBUS_02208	4.30E-09	67
FBUS_02209	2.64E-24	108
FBUS_02255	3.80E-10	70.9
FBUS_02328	1.06E-68	232
FBUS_02512	1.22E-20	103
FBUS_02513	1.99E-38	161
FBUS_02514	1.32E-79	280
FBUS_02528	7.67E-71	246
FBUS_02647	5.41E-19	98.6
FBUS_02767	2.05E-118	365
FBUS_02777	6.70E-76	261
FBUS_02809	1.11E-13	82.4
FBUS_03035	1.92E-88	293
FBUS_03615	2.08E-39	163
FBUS_03768	3.63E-23	109
FBUS_03795	1.03E-108	342
FBUS_03796	2.13E-98	317
FBUS_03872	2.11E-35	147
FBUS_04006	7.54E-124	403
FBUS_04043	2.22E-46	177
FBUS_04495	7.30E-67	238
FBUS_04736	1.95E-07	62.4
FBUS_05118	7.29E-26	122
FBUS_05120	7.93E-28	130
FBUS_05335	1.56E-36	146
FBUS_05372	9.42E-14	82
FBUS_05431	1.94E-14	74.3
FBUS_05551	2.20E-08	64.3
FBUS_05811	5.58E-05	53.1
FBUS_05912	6.80E-78	261
FBUS_06108	6.54E-67	229
FBUS_06597	5.04E-14	83.6
FBUS_07000	1.95E-17	94.7
FBUS_07501	7.92E-14	81.6
FBUS_07927	1.23E-04	49.3
FBUS_08443	7.44E-32	134
FBUS_08796	2.63E-60	215
FBUS_09115	5.95E-52	188
FBUS_11148	9.54E-22	86.7
FBUS_11313	6.57E-68	231
FBUS_11854	1.34E-98	306
CRM22_000207	2.12E-34	144
CRM22_001344	4.63E-37	150
CRM22_001410	8.49E-05	53.1
CRM22_001648	2.93E-128	415
CRM22_002079.1	8.67E-06	57.4
CRM22_002585	7.26E-71	237
CRM22_002586	5.57E-75	249
CRM22_002607	5.72E-53	193
CRM22_002701	1.63E-06	58.9
CRM22_002711.2	2.86E-07	62
CRM22_002991.2	5.12E-64	222
CRM22_003453	1.48E-66	227
CRM22_003618	4.71E-18	95.1
CRM22_003849	8.81E-76	265
CRM22_004075.2	2.87E-04	50.4
CRM22_004510.1	2.56E-29	126
CRM22_004510.2	3.28E-53	194
CRM22_004601	8.90E-68	229
CRM22_004828	4.06E-71	226
CRM22_004829	7.11E-37	140
CRM22_005099	7.89E-11	72.8
CRM22_005310.1	2.89E-73	256
CRM22_005430	6.66E-89	294
CRM22_006152.2	8.51E-36	145
CRM22_006179	2.73E-29	126
CRM22_006211.5	3.36E-130	398
CRM22_006310.1	2.39E-05	55.8
CRM22_006310.2	1.48E-05	55.8
CRM22_007018	1.46E-148	456
CRM22_007029	3.87E-07	61.2
CRM22_007218.1	3.02E-08	63.5
CRM22_009199	1.78E-71	246
CRM22_009406	9.79E-13	79
CRM22_009422.1	8.50E-15	85.5
CRM22_009542	2.51E-04	51.6
CRM22_009721	5.45E-59	209
CRM22_010139	5.10E-20	101
CRM22_010246.1	2.96E-66	228
CRM22_010246.2	4.26E-68	232
CRM22_010247.2	4.32E-58	209
CRM22_010277.1	2.48E-94	306
CRM22_010535	1.55E-19	100
CRM22_010922	7.87E-06	47.8
CRM22_010924	1.01E-08	58.2
CRM22_011292	3.07E-09	67.4
T265_00747	3.28E-71	231
T265_01528	1.10E-11	75.5
T265_01690	2.63E-06	58.5
T265_02533	6.51E-17	91.3
T265_03675	2.19E-04	51.6
T265_03886	4.66E-71	244
T265_04919	1.30E-11	73.9
T265_04920	1.34E-08	62.8
T265_05530	1.96E-04	52
T265_05648	3.00E-94	310
T265_05667	4.79E-132	404
T265_05735	4.86E-09	67
T265_06210	2.13E-36	148
T265_06211	6.92E-61	214
T265_06223	7.83E-75	249
T265_06225	5.41E-71	237
T265_06312	1.50E-04	50.1
T265_06813	5.40E-54	195
T265_07724	3.83E-32	136
T265_07728	7.92E-19	98.6
T265_08541	6.29E-69	230
T265_10270	2.43E-70	244
T265_10302	5.31E-07	60.5
T265_10352	2.52E-04	48.9
T265_10354	2.97E-06	55.8
T265_12012	3.96E-18	87.8
T265_12626	1.48E-21	102
T265_12893	1.44E-16	83.6
T265_13009	6.94E-30	131
T265_13118	2.19E-58	206
T265_13190	6.53E-65	212
T265_13422	2.78E-08	63.5
T265_13679	5.42E-08	63.5
T265_13838	1.31E-62	221
T265_13973	8.83E-21	95.1
T265_14323	1.21E-15	87.8
T265_14364	1.03E-63	230
T265_14536	1.58E-13	79.3
T265_14724	6.18E-98	318
T265_15588	2.55E-73	256
T265_16029	7.18E-04	45.8
DEA37_0000062	1.63E-19	99.4
DEA37_0000235	1.28E-17	87
DEA37_0001308	1.12E-15	85.1
DEA37_0002114	9.01E-30	120
DEA37_0002115	7.31E-39	149
DEA37_0002622	1.04E-10	64.7
DEA37_0002623	5.44E-22	107
DEA37_0002624	1.63E-47	157
DEA37_0002704	8.07E-78	245
DEA37_0003890	1.80E-10	65.9
DEA37_0004462	2.43E-04	48.9
DEA37_0004464	1.47E-13	80.5
DEA37_0005114	1.21E-90	279
DEA37_0005115	1.73E-08	60.1
DEA37_0005117	1.83E-17	85.5
DEA37_0005192	9.46E-69	233
DEA37_0007079	3.59E-27	119
DEA37_0007182	4.19E-20	100
DEA37_0007322	1.50E-09	68.2
DEA37_0007576	5.13E-08	62
DEA37_0007907	2.38E-12	77.4
DEA37_0008185	2.72E-66	227
DEA37_0008606	1.94E-24	113
DEA37_0008608	7.67E-17	91.7
DEA37_0008611	5.99E-27	119
DEA37_0008752	2.38E-11	66.2
DEA37_0009235	1.07E-04	53.1
DEA37_0009266	3.75E-06	58.2
DEA37_0009581	9.11E-63	222
DEA37_0009670	1.36E-05	53.9
DEA37_0010008	5.44E-11	72.8
DEA37_0010404	9.88E-62	213
DEA37_0011209	1.62E-147	445
DEA37_0011560	4.25E-71	238
DEA37_0011576	3.43E-21	93.2
DEA37_0011578	1.63E-48	177
DEA37_0011753	7.34E-06	56.6
DEA37_0012378	3.52E-09	67
DEA37_0013022	1.21E-11	75.5
DEA37_0013057	3.10E-17	92.8
DEA37_0013087	4.71E-07	57.8
DEA37_0013337	7.11E-138	438
DEA37_0014300	4.08E-06	50.4
DEA37_0014302	3.33E-63	207
DEA37_0014955	2.97E-92	293
DEA37_0014957	6.18E-05	45.4
DC041_0000575	1.26E-20	96.3
DC041_0000656	3.77E-38	144
DC041_0000691	1.20E-15	89
DC041_0000760	1.41E-32	144
DC041_0001742	5.91E-06	51.6
DC041_0002539	2.43E-04	45.8
DC041_0002543	4.64E-26	103
DC041_0002544	1.37E-40	156
DC041_0003523	4.15E-67	228
DC041_0003524	4.10E-46	171
DC041_0003969	2.64E-07	60.1
DC041_0003983	1.05E-216	681
DC041_0004136	4.93E-29	128
DC041_0004563	3.52E-65	223
DC041_0004614	6.18E-22	90.1
DC041_0004624	1.77E-37	133
DC041_0004745	5.13E-59	219
DC041_0005042	5.45E-40	159
DC041_0005325	1.97E-66	246
DC041_0006296	1.76E-04	50.8
DC041_0006550	1.44E-05	55.8
DC041_0006773	1.87E-31	133
DC041_0006782	2.89E-58	204
DC041_0006783	2.42E-42	166
DC041_0006807	1.18E-21	101
DC041_0006865	3.58E-16	89.7
DC041_0006933	9.23E-04	49.3
DC041_0007292	1.65E-60	214
DC041_0007293	2.78E-72	249
DC041_0008558	4.22E-04	47
DC041_0008559	1.72E-04	50.4
DC041_0008560	2.57E-04	48.5
DC041_0008876	9.35E-29	120
DC041_0009168	9.65E-07	57.8
DC041_0009852	2.77E-13	80.9
DC041_0010234	4.99E-04	46.6
DC041_0010235	1.75E-04	50.1
DC041_0010345	4.34E-53	198
DC041_0010377	1.95E-70	240
DC041_0010992	2.43E-119	384
DC041_0011588	5.84E-09	57.4
DC041_0012271	2.62E-43	163
SCUD_0000012601-mRNA-1	1.95E-44	166
SCUD_0000023701-mRNA-1	2.04E-62	204
SCUD_0000222601-mRNA-1	1.46E-05	55.8
SCUD_0000282801-mRNA-1	2.12E-04	47.8
SCUD_0000323701-mRNA-1	4.11E-17	87.4
SCUD_0000424801-mRNA-1	2.42E-29	120
SCUD_0000543201-mRNA-1	7.47E-12	65.9
SCUD_0000582601-mRNA-1	1.44E-24	98.2
SCUD_0000736701-mRNA-1	3.19E-89	290
SCUD_0000736801-mRNA-1	1.14E-58	210
SCUD_0000780101-mRNA-1	2.08E-04	47
SCUD_0000794301-mRNA-1	9.48E-54	196
SCUD_0000802801-mRNA-1	1.49E-35	154
SCUD_0000893501-mRNA-1	1.41E-04	50.4
SCUD_0000903301-mRNA-1	1.31E-08	64.3
SCUD_0000953601-mRNA-1	2.68E-07	60.1
SCUD_0001014901-mRNA-1	2.36E-65	228
SCUD_0001019001-mRNA-1	1.01E-49	182
SCUD_0001019201-mRNA-1	6.54E-68	231
SCUD_0001120301-mRNA-1	4.32E-25	109
SCUD_0001127201-mRNA-1	1.83E-05	50.8
SCUD_0001186701-mRNA-1	1.67E-04	44.7
SCUD_0001192101-mRNA-1	1.23E-05	53.1
SCUD_0001200101-mRNA-1	4.63E-04	47.8
SCUD_0001203201-mRNA-1	2.61E-21	99.8
SCUD_0001235401-mRNA-1	5.99E-29	120
SCUD_0001247001-mRNA-1	1.25E-04	49.3
SCUD_0001385201-mRNA-1	1.05E-43	164
SCUD_0001389301-mRNA-1	5.92E-39	145
SCUD_0001419901-mRNA-1	6.54E-17	92
SCUD_0001452501-mRNA-1	7.88E-26	112
SCUD_0001465501-mRNA-1	3.81E-21	92.8
SCUD_0001544601-mRNA-1	1.26E-16	85.9
SCUD_0001545501-mRNA-1	9.40E-07	57.8
SCUD_0001707701-mRNA-1	3.28E-19	94.7
SCUD_0001707801-mRNA-1	1.02E-29	127
SCUD_0001748501-mRNA-1	3.02E-42	146
SCUD_0001805601-mRNA-1	1.42E-09	67
SCUD_0001813101-mRNA-1	1.18E-10	63.9
SCUD_0001828501-mRNA-1	1.03E-70	240
SCUD_0001860701-mRNA-1	3.21E-57	193
SCUD_0001876601-mRNA-1	4.07E-38	146
SCUD_0001896101-mRNA-1	1.60E-13	77.4
SCUD_0002047801-mRNA-1	1.72E-13	80.9
SCUD_0002050201-mRNA-1	9.99E-49	171
SCUD_0002072201-mRNA-1	6.08E-44	158
SCUD_0002141701-mRNA-1	1.36E-19	90.9
SCUD_0002226601-mRNA-1	1.96E-81	263
SCUD_0002252401-mRNA-1	7.66E-12	62
SCUD_0002268201-mRNA-1	5.65E-18	81.6
MS3_0011647.1	2.58E-71	242
MS3_0011718.1	6.91E-04	51.2
MS3_0011794.1	4.47E-58	211
MS3_0011806.1	1.79E-07	60.5
MS3_0011807.1	2.97E-04	50.4
MS3_0012065.1	1.21E-65	228
MS3_0012268.1	2.02E-78	272
MS3_0013394.1	5.19E-40	167
MS3_0013845.1	1.43E-20	100
MS3_0014938.1	6.19E-13	79.7
MS3_0015225.1	5.35E-69	243
MS3_0015312.1	2.92E-105	326
MS3_0015347.1	7.45E-123	392
MS3_0015402.1	2.18E-17	93.6
MS3_0015499.1	2.75E-06	58.2
MS3_0015774.1	8.68E-17	91.7
MS3_0015857.1	1.75E-07	62
MS3_0016111.1	4.59E-105	359
MS3_0016276.1	9.60E-43	159
MS3_0016976.1	5.32E-74	256
MS3_0017353.1	3.15E-07	60.8
MS3_0017490.1	2.62E-43	163
MS3_0017600.1	3.93E-265	839
MS3_0018301.1	3.23E-51	197
MS3_0019175.1	9.53E-28	124
MS3_0019220.1	3.13E-04	49.3
MS3_0019327.1	3.28E-37	142
MS3_0019988.1	3.88E-48	167
MS3_0019989.1	1.05E-04	47
MS3_0020041.1	5.23E-09	66.2
MS3_0020253.1	3.09E-06	57.4
MS3_0020326.1	1.56E-67	228
MS3_0020329.1	7.82E-07	58.9
MS3_0020669.1	1.57E-66	216
MS3_0020873.1	3.85E-09	67.4
EWB00_000689	1.52E-85	289
EWB00_000903	2.42E-34	149
EWB00_000959	1.15E-25	112
EWB00_000994	2.26E-04	50.1
EWB00_001287	1.56E-64	222
EWB00_001803	2.84E-08	63.9
EWB00_001959.1	5.04E-66	233
EWB00_002033	8.92E-04	46.6
EWB00_002747	1.14E-09	68.6
EWB00_002806	1.71E-14	84.3
EWB00_003130	2.60E-63	223
EWB00_003131	9.60E-67	233
EWB00_003132	5.26E-62	219
EWB00_004230	3.03E-06	57.8
EWB00_004630	5.58E-73	246
EWB00_005092	1.28E-79	251
EWB00_005770	1.67E-31	139
EWB00_006004	1.64E-17	94
EWB00_006065	1.60E-120	372
EWB00_006254	4.66E-18	95.5
EWB00_006346.1	9.88E-26	114
EWB00_006495	3.74E-76	262
EWB00_006661	1.32E-101	327
EWB00_006662.1	7.45E-94	303
EWB00_006662.2	1.83E-125	387
EWB00_007595	6.94E-21	91.7
EWB00_007597	3.11E-40	156
EWB00_008387	1.25E-64	226
EWB00_008559	8.27E-09	66.2
EWB00_008662.3	6.77E-33	140
EWB00_008986	2.73E-70	239
EWB00_009408	7.87E-143	472
EWB00_009623	9.81E-67	245
EWB00_010225	4.16E-50	178
EWB00_010226	6.91E-69	232
EWB00_011150	6.85E-12	76.3
Smp_012000.1	9.69E-33	140
Smp_015630.1	1.68E-66	225
Smp_031680.1	4.91E-119	371
Smp_037960.1	2.02E-66	231
Smp_052630.1	1.67E-09	68.6
Smp_083980.1	2.04E-17	93.6
Smp_093210.1	1.47E-16	90.9
Smp_096480.1	5.11E-69	233
Smp_104890.1	5.44E-68	234
Smp_135040.1	5.99E-07	61.2
Smp_139330.1	9.21E-98	317
Smp_140920.2	2.15E-122	392
Smp_141570.1	1.42E-43	164
Smp_142700.2	2.88E-63	223
Smp_144110.1	7.14E-15	85.9
Smp_157790.1	3.55E-86	286
Smp_162680.1	4.68E-16	89.4
Smp_170810.1	2.49E-10	71.2
Smp_176310.1	4.72E-74	256
Smp_180570.1	2.11E-71	248
Smp_246130.1	1.98E-116	362
Smp_305740.1	3.16E-72	244
Smp_306240.2	3.94E-63	221
Smp_321840.1	1.69E-15	84
Smp_322850.1	8.34E-36	151
Smp_332020.1	6.59E-68	239
Smp_333670.1	4.16E-29	130
Smp_334250.3	6.97E-04	51.6
Smp_334630.1	2.78E-06	58.2
Smp_334730.1	6.62E-68	238
Smp_336620.1	1.28E-08	65.5
Smp_337330.1	2.38E-25	115
Smp_342000.1	3.12E-07	61.2
Smp_346800.1	4.29E-04	48.9
Smp_347630.1	7.30E-69	251
SMRZ_0000025001-mRNA-1	2.65E-05	55.1
SMRZ_0000161101-mRNA-1	3.54E-07	58.9
SMRZ_0000234201-mRNA-1	1.05E-05	54.3
SMRZ_0000303201-mRNA-1	6.73E-06	51.6
SMRZ_0000310901-mRNA-1	2.47E-43	163
SMRZ_0000365101-mRNA-1	3.92E-69	231
SMRZ_0000365401-mRNA-1	8.89E-48	178
SMRZ_0000399701-mRNA-1	6.30E-11	64.7
SMRZ_0000399801-mRNA-1	4.09E-57	212
SMRZ_0000428401-mRNA-1	7.51E-70	238
SMRZ_0000429601-mRNA-1	1.51E-59	202
SMRZ_0000470101-mRNA-1	3.50E-12	74.3
SMRZ_0000511701-mRNA-1	3.29E-23	104
SMRZ_0000642801-mRNA-1	3.80E-17	82
SMRZ_0000682301-mRNA-1	6.09E-43	161
SMRZ_0000755801-mRNA-1	5.48E-08	58.5
SMRZ_0000801101-mRNA-1	2.35E-21	92
SMRZ_0000818001-mRNA-1	4.15E-146	444
SMRZ_0000878401-mRNA-1	3.44E-15	86.7
SMRZ_0000960301-mRNA-1	1.20E-38	142
SMRZ_0000971901-mRNA-1	1.46E-04	50.8
SMRZ_0000972101-mRNA-1	1.29E-34	124
SMRZ_0000981701-mRNA-1	1.29E-48	177
SMRZ_0001099201-mRNA-1	2.08E-04	47
SMRZ_0001156601-mRNA-1	2.77E-06	57
SMRZ_0001172101-mRNA-1	7.50E-41	147
SMRZ_0001205901-mRNA-1	1.98E-17	89
SMRZ_0001226201-mRNA-1	2.43E-31	126
SMRZ_0001230001-mRNA-1	9.45E-12	68.9
SMRZ_0001280501-mRNA-1	3.14E-65	227
SMRZ_0001309301-mRNA-1	2.04E-62	198
SMRZ_0001344001-mRNA-1	6.79E-24	97.8
SMRZ_0001555601-mRNA-1	2.56E-34	144
SMRZ_0001596201-mRNA-1	1.52E-75	251
SMRZ_0001596301-mRNA-1	9.13E-116	358
SMRZ_0001647201-mRNA-1	2.40E-62	220
SMRZ_0001690901-mRNA-1	3.36E-04	47.8
SMRZ_0001709001-mRNA-1	3.96E-19	92.4
SMRZ_0001753301-mRNA-1	1.62E-04	50.4
SMRZ_0001845001-mRNA-1	6.36E-13	79.7
SMRZ_0002038901-mRNA-1	1.28E-35	144
SMRZ_0002043301-mRNA-1	3.10E-43	166
SMRZ_0002117001-mRNA-1	5.22E-05	48.9
SMRZ_0002311001-mRNA-1	1.11E-11	62
SMRZ_0002319201-mRNA-1	8.51E-33	137
SMRZ_0002392101-mRNA-1	3.15E-100	320
SMRZ_0002534601-mRNA-1	2.41E-59	194
SMTD_0000000101-mRNA-1	2.60E-40	168
SMTD_0000013601-mRNA-1	3.46E-18	89.7
SMTD_0000026501-mRNA-1	1.18E-13	82
SMTD_0000143801-mRNA-1	4.04E-18	85.9
SMTD_0000341601-mRNA-1	3.22E-04	49.7
SMTD_0000392501-mRNA-1	1.27E-04	50.4
SMTD_0000543301-mRNA-1	2.85E-06	56.6
SMTD_0000579401-mRNA-1	9.26E-04	48.5
SMTD_0000613001-mRNA-1	4.93E-29	128
SMTD_0000635201-mRNA-1	1.83E-11	63.2
SMTD_0000664601-mRNA-1	6.31E-12	62.4
SMTD_0000685401-mRNA-1	1.30E-77	257
SMTD_0000692601-mRNA-1	8.17E-17	91.7
SMTD_0000721401-mRNA-1	1.55E-13	77.8
SMTD_0000721501-mRNA-1	7.69E-43	160
SMTD_0000735101-mRNA-1	5.04E-86	288
SMTD_0000756901-mRNA-1	4.03E-54	192
SMTD_0000802401-mRNA-1	2.73E-70	239
SMTD_0000824901-mRNA-1	1.15E-65	228
SMTD_0000850001-mRNA-1	1.84E-04	48.5
SMTD_0000893901-mRNA-1	7.89E-20	97.4
SMTD_0000924401-mRNA-1	1.57E-62	217
SMTD_0000927101-mRNA-1	2.60E-05	50.4
SMTD_0000952701-mRNA-1	3.71E-37	132
SMTD_0001012701-mRNA-1	6.30E-40	146
SMTD_0001031001-mRNA-1	3.14E-64	219
SMTD_0001056601-mRNA-1	2.48E-39	137
SMTD_0001147301-mRNA-1	4.47E-54	171
SMTD_0001220101-mRNA-1	5.27E-05	53.9
SMTD_0001280301-mRNA-1	9.38E-20	92.4
SMTD_0001360501-mRNA-1	3.31E-39	144
SMTD_0001424401-mRNA-1	3.57E-09	62.8
SMTD_0001453601-mRNA-1	3.25E-29	122
SMTD_0001470301-mRNA-1	1.46E-80	260
SMTD_0001495401-mRNA-1	5.81E-08	57
SMTD_0001539301-mRNA-1	5.77E-11	60.1
SMTD_0001618901-mRNA-1	2.76E-04	47
SMTD_0001631401-mRNA-1	3.08E-04	45.4
SMTD_0001716501-mRNA-1	1.01E-18	79.3
SMTD_0001741301-mRNA-1	9.29E-73	242
SMTD_0001783501-mRNA-1	7.47E-33	131
SMTD_0001809201-mRNA-1	8.81E-06	53.5
SMTD_0001881401-mRNA-1	8.57E-68	229
SMTD_0001892701-mRNA-1	9.40E-07	57.8
SMTD_0001912001-mRNA-1	5.54E-35	131
SMTD_0001919101-mRNA-1	1.42E-61	192
SMTD_0002063701-mRNA-1	2.15E-04	47.4
SMTD_0002066001-mRNA-1	1.32E-04	50.1
SMTD_0002132901-mRNA-1	9.71E-08	51.6
SMTD_0002152601-mRNA-1	1.02E-24	97.4
SMTD_0002196501-mRNA-1	1.16E-04	45.8
SMTD_0002244101-mRNA-1	3.02E-04	42.7
SMTD_0002250801-mRNA-1	7.45E-05	50.4
SROB_0000129601-mRNA-1	7.23E-09	59.3
SROB_0000129901-mRNA-1	1.56E-111	348
SROB_0000150001-mRNA-1	1.17E-21	105
SROB_0000164601-mRNA-1	8.17E-26	99.8
SROB_0000164701-mRNA-1	6.55E-54	170
SROB_0000190501-mRNA-1	6.01E-62	215
SROB_0000267301-mRNA-1	2.30E-47	176
SROB_0000290801-mRNA-1	1.10E-74	243
SROB_0000295301-mRNA-1	9.69E-15	85.5
SROB_0000299301-mRNA-1	7.98E-04	46.6
SROB_0000299601-mRNA-1	6.45E-09	66.6
SROB_0000338801-mRNA-1	1.32E-66	227
SROB_0000339901-mRNA-1	5.97E-10	63.2
SROB_0000398301-mRNA-1	1.06E-39	139
SROB_0000398401-mRNA-1	4.67E-54	191
SROB_0000412601-mRNA-1	2.56E-69	228
SROB_0000431101-mRNA-1	1.01E-04	52
SROB_0000464001-mRNA-1	1.07E-53	177
SROB_0000475501-mRNA-1	1.58E-68	229
SROB_0000479401-mRNA-1	8.95E-21	92.4
SROB_0000531601-mRNA-1	5.79E-10	68.9
SROB_0000558601-mRNA-1	2.08E-04	47.8
SROB_0000643001-mRNA-1	8.65E-16	84.7
SROB_0000793401-mRNA-1	2.23E-04	48.9
SROB_0000804701-mRNA-1	2.79E-16	75.5
SROB_0000862401-mRNA-1	4.27E-56	200
SROB_0000876901-mRNA-1	1.66E-04	46.6
SROB_0000879301-mRNA-1	1.05E-15	88.2
SROB_0001075401-mRNA-1	5.20E-14	74.7
SROB_0001192901-mRNA-1	3.26E-09	59.7
SROB_0001219001-mRNA-1	5.61E-55	201
SROB_0001329601-mRNA-1	7.11E-29	120
SROB_0001442101-mRNA-1	6.67E-06	54.7
SROB_0001563001-mRNA-1	8.97E-07	59.7
SROB_0001568101-mRNA-1	4.02E-04	48.5
SROB_0001609501-mRNA-1	2.07E-15	82.8
SROB_0001619801-mRNA-1	4.58E-08	62
SROB_0001651301-mRNA-1	2.46E-24	111
SROB_0001673601-mRNA-1	1.61E-40	154
SROB_0001678201-mRNA-1	1.10E-07	55.8
SROB_0001693301-mRNA-1	9.39E-08	58.2
SROB_0001878301-mRNA-1	1.80E-50	186
SROB_0001933801-mRNA-1	4.60E-16	77.8
SROB_0001967201-mRNA-1	9.72E-11	63.9
SROB_0002045101-mRNA-1	3.31E-32	125
SROB_0002081001-mRNA-1	1.36E-31	117
SROB_0002100601-mRNA-1	3.33E-04	49.7
SROB_0002118801-mRNA-1	2.76E-15	77
SROB_0002169401-mRNA-1	1.29E-49	166
SROB_0002238801-mRNA-1	6.00E-32	112
TRE_0000090401-mRNA-1	8.29E-06	50.8
TRE_0000140201-mRNA-1	2.31E-04	50.4
TRE_0000142601-mRNA-1	4.01E-04	47.4
TRE_0000142701-mRNA-1	2.28E-04	47.4
TRE_0000182201-mRNA-1	8.38E-34	137
TRE_0000182301-mRNA-1	6.16E-34	132
TRE_0000200301-mRNA-1	2.11E-07	59.7
TRE_0000212001-mRNA-1	4.82E-08	63.9
TRE_0000220001-mRNA-1	1.76E-09	68.2
TRE_0000243001-mRNA-1	1.63E-06	55.8
TRE_0000297801-mRNA-1	2.75E-26	114
TRE_0000346101-mRNA-1	2.59E-05	48.9
TRE_0000417301-mRNA-1	4.92E-09	62.8
TRE_0000422201-mRNA-1	5.61E-24	103
TRE_0000479301-mRNA-1	2.33E-06	58.2
TRE_0000520601-mRNA-1	7.84E-04	48.5
TRE_0000545801-mRNA-1	2.66E-24	105
TRE_0000609201-mRNA-1	3.36E-48	185
TRE_0000617401-mRNA-1	6.41E-71	240
TRE_0000638701-mRNA-1	3.44E-33	141
TRE_0000653701-mRNA-1	8.42E-30	119
TRE_0000658101-mRNA-1	3.23E-46	159
TRE_0000658901-mRNA-1	6.28E-70	233
TRE_0000675701-mRNA-1	2.57E-32	130
TRE_0000759201-mRNA-1	1.01E-21	85.9
TRE_0000776301-mRNA-1	4.12E-05	49.3
TRE_0000790101-mRNA-1	8.06E-04	45.8
TRE_0000795501-mRNA-1	8.98E-26	108
TRE_0000939101-mRNA-1	4.09E-05	47.8
TRE_0000998601-mRNA-1	6.47E-06	53.5
TRE_0001015201-mRNA-1	9.92E-64	202
TRE_0001068001-mRNA-1	1.98E-49	175
TRE_0001112801-mRNA-1	7.40E-04	43.9
TRE_0001124001-mRNA-1	1.38E-18	90.1
TRE_0001128701-mRNA-1	7.07E-04	43.5
TRE_0001160901-mRNA-1	8.67E-04	48.5
TRE_0001161001-mRNA-1	6.82E-06	53.9
TRE_0001270301-mRNA-1	4.37E-04	50.1
TRE_0001375701-mRNA-1	1.40E-04	45.4
TRE_0001437201-mRNA-1	4.13E-13	77.4
TRE_0001473501-mRNA-1	2.55E-41	149
TRE_0001491201-mRNA-1	1.36E-69	235
TRE_0001556301-mRNA-1	4.33E-11	73.9
TRE_0001572701-mRNA-1	7.55E-04	50.1
TRE_0001627601-mRNA-1	4.35E-10	57.4
TRE_0001631101-mRNA-1	4.15E-23	100
TRE_0001659501-mRNA-1	6.56E-18	88.2
TRE_0001762501-mRNA-1	3.63E-06	57.8
TRE_0001801601-mRNA-1	8.98E-08	54.7
TRE_0001919201-mRNA-1	3.94E-11	57.4
TRE_0002044501-mRNA-1	4.37E-18	77.8
TRE_0002076201-mRNA-1	1.40E-11	66.2
TRE_0002186001-mRNA-1	2.04E-24	97.8
TRE_0002196801-mRNA-1	1.95E-04	48.9
DILT_0000031701-mRNA-1	7.96E-92	287
DILT_0000361801-mRNA-1	2.20E-76	248
DILT_0001059501-mRNA-1	2.63E-58	206
DILT_0001223101-mRNA-1	7.47E-43	154
DILT_0001318901-mRNA-1	1.14E-49	173
DILT_0001527901-mRNA-1	3.51E-34	130
DILT_0001682601-mRNA-1	3.83E-69	227
maker-E.canG7_contigs_7107-pred_gff_cdna2genome-gene-1.212-mRNA-1	8.20E-80	258
maker-E.canG7_contigs_6006-pred_gff_blastx-gene-0.237-mRNA-1	4.94E-111	338
maker-E.canG7_contigs_3694-snap-gene-0.34-mRNA-1	4.35E-59	208
EgrG_000839300	7.88E-109	332
EgrG_000977600	2.00E-77	252
EgrG_000815100	5.02E-53	191
EmuJ_000815100.1	6.68E-56	199
EmuJ_000839300.1	3.19E-109	333
EmuJ_000977600.1	6.44E-79	256
Eoli_000815100.t1	9.61E-20	89.4
Eoli_000839300.t1	1.16E-68	226
TTAC_0000226701-mRNA-1	9.40E-80	257
TTAC_0000497301-mRNA-1	1.13E-98	304
TTAC_0000792501-mRNA-1	5.83E-58	204
HDID_0000072701-mRNA-1	1.10E-54	196
HDID_0000268001-mRNA-1	8.82E-112	340
HDID_0000996001-mRNA-1	1.02E-73	240
HDID_0000996101-mRNA-1	4.57E-39	147
HmN_000557000	8.38E-100	308
HmN_000740800	2.25E-73	241
HmN_000691000	5.51E-56	200
HmN_000740700	8.80E-70	229
HNAJ_0000119501-mRNA-1	3.46E-61	206
HNAJ_0000119601-mRNA-1	1.34E-24	106
HNAJ_0000202101-mRNA-1	5.54E-55	197
HNAJ_0000326401-mRNA-1	9.13E-113	343
MCU_003006-RA	4.88E-82	264
MCU_003006-RC	5.82E-77	248
MCU_008505-RA	1.17E-91	286
MCU_012573-RA	2.77E-09	60.8
SSLN_0000484301-mRNA-1	1.50E-56	202
SSLN_0000619801-mRNA-1	1.50E-46	165
SSLN_0000779301-mRNA-1	3.60E-88	278
SSLN_0001283501-mRNA-1	8.88E-76	246
SSLN_0001387701-mRNA-1	5.44E-97	304
SPER_0000896401-mRNA-1	2.01E-81	258
SPER_0001011701-mRNA-1	1.40E-77	248
SPER_0001303601-mRNA-1	7.16E-12	65.5
SPER_0002358801-mRNA-1	2.99E-09	58.2
SPER_0002358901-mRNA-1	1.68E-41	151
SPER_0003031501-mRNA-1	7.17E-62	213
SPER_0003470201-mRNA-1	1.02E-43	154
TASK_0000043501-mRNA-1	9.77E-59	206
TASK_0000517901-mRNA-1	5.29E-108	330
TASK_0000674001-mRNA-1	4.36E-76	248
Tm1G005475	4.98E-74	242
TSAs00008g02169m00001	5.29E-108	330
TSAs00065g07290m00001	1.05E-83	268
TSAs00180g09711m00001	2.67E-58	205
TsM_000577800	1.50E-107	329
TsM_000842800	2.20E-09	58.5
TsM_001187100	5.23E-58	204
TsM_000842900	6.22E-54	187
comp121836_c2_seq1.p1	1.49E-71	231
comp125061_c0_seq1.p1	4.83E-29	112
comp125061_c1_seq1.p1	6.63E-19	86.3
comp125061_c2_seq1.p1	7.45E-32	118
comp129721_c0_seq1.p1	1.52E-109	335
comp133517_c0_seq10.p1	1.81E-116	352
comp133517_c0_seq12.p1	1.52E-86	270
comp133517_c0_seq6.p1	1.15E-128	382
comp133517_c0_seq8.p1	4.78E-73	236
BOX15_Mlig019017g2	6.11E-84	270
BOX15_Mlig019017g3	9.53E-81	267
BOX15_Mlig014818g1	4.78E-112	343
BOX15_Mlig018619g1	4.61E-132	392
BOX15_Mlig027460g2	4.03E-106	327
SMEST010795001	1.95E-109	337
SMEST020579002	1.66E-52	179
SMEST028996002	1.98E-111	338
SMEST037592001	2.83E-92	289
SMEST044174001	9.82E-108	336
SMEST046729001	2.75E-93	292
SMEST046751001	1.59E-82	265
SMEST046895001	7.14E-97	302
Gbulla1a000859T1	7.84E-103	318
Gbulla1a000906T3	1.03E-98	307
Gbulla1a002034T1	2.36E-31	126
Gbulla1a002061T1	5.86E-101	314
Gbulla1a002900T1	2.76E-72	242
Gbulla1a005749T1	6.72E-110	340
Gbulla1a005770T1	4.21E-107	334
genemark-scf7180006951261-processed-gene-0.9-mRNA-1	3.97E-107	331
genemark-scf7180006952644-processed-gene-0.14-mRNA-1	1.19E-46	164
genemark-scf7180006953309-processed-gene-0.1-mRNA-1	1.08E-29	117
maker-scf7180006950709-snap-gene-0.42-mRNA-1	1.69E-66	221
maker-scf7180006951048-snap-gene-0.16-mRNA-1	6.69E-37	140
maker-scf7180006951261-augustus-gene-0.126-mRNA-1	3.92E-97	306
snap_masked-scf7180006950328-processed-gene-0.19-mRNA-1	7.01E-69	243
snap_masked-scf7180006951380-processed-gene-0.12-mRNA-1	6.17E-32	131
snap_masked-scf7180006953309-processed-gene-0.9-mRNA-1	1.98E-105	325
TRINITY_DN935_c0_g1_i3.p1	5.32E-75	261
TRINITY_DN129_c0_g1_i2.p2	7.81E-103	320
TRINITY_DN22278_c0_g1_i10.p1	4.31E-99	310
TRINITY_DN5050_c0_g1_i6.p2	3.71E-92	291
TRINITY_DN22443_c0_g2_i1.p1	3.98E-105	322
TRINITY_DN1820_c1_g1_i1.p1	9.69E-22	90.5
TRINITY_DN91357_c1_g1_i1.p2	1.57E-18	87
TRINITY_DN8890_c0_g1_i2__g.36236	8.52E-73	245
TRINITY_DN3325_c0_g1_i1__g.27981	1.07E-93	297
TRINITY_DN1837_c1_g1_i1__g.5196	7.90E-80	257
PXEA_0000286901-mRNA-1	4.68E-47	173
PXEA_0002615101-mRNA-1	1.33E-105	333
PXEA_0003221501-mRNA-1	2.39E-112	342
augustus_masked-agouti_scaf_271-processed-gene-0.10-mRNA-1	1.34E-114	351
maker-agouti_scaf_959-augustus-gene-1.6-mRNA-1	1.18E-38	142
maker-agouti_scaf_959-snap-gene-1.1-mRNA-1	6.09E-76	248
maker-jcf7180000232964-snap-gene-0.1-mRNA-1	2.46E-81	260
maker-jcf7180000272047-augustus-gene-0.1-mRNA-1	4.56E-92	288
snap_masked-jcf7180000223389-processed-gene-0.4-mRNA-1	4.53E-92	289
CSKR_102705-T1	7.19E-113	347
CSKR_105941-T1	3.18E-66	219
CSKR_112689-T1	4.52E-60	211
CSKR_112690-T1	7.47E-61	210
ECPE_0000319501-mRNA-1	4.67E-59	207
ECPE_0000397401-mRNA-1	1.32E-41	162
ECPE_0000525901-mRNA-1	5.48E-118	360
ECPE_0000826801-mRNA-1	5.62E-40	147
FGIG_01755	2.71E-83	268
FGIG_03945	5.11E-103	315
FGIG_03946	1.95E-37	141
FGIG_08187	2.27E-59	205
FGIG_08252	2.48E-56	202
maker-scaffold10x_238_pilon-snap-gene-0.101-mRNA-1	6.13E-104	321
maker-scaffold10x_238_pilon-snap-gene-0.93-mRNA-1	5.46E-107	329
maker-scaffold10x_270_pilon-pred_gff_StringTie-gene-0.50-mRNA-1	2.54E-116	356
snap_masked-scaffold10x_1597_pilon-processed-gene-0.78-mRNA-1	4.63E-59	209
FBUS_00881	3.44E-58	207
FBUS_00882	2.66E-59	205
FBUS_03627	4.42E-114	350
FBUS_04894	4.58E-95	298
FBUS_04895	3.33E-108	333
CRM22_002620	1.09E-58	217
CRM22_002621	2.20E-59	206
CRM22_003306	5.72E-112	345
CRM22_009039	2.36E-105	324
T265_00119	7.20E-59	216
T265_00120	1.63E-60	209
T265_00386	7.19E-113	347
T265_07025	2.38E-05	47
T265_14191	1.92E-82	260
DEA37_0000790	1.99E-29	115
DEA37_0001507	1.36E-48	182
DEA37_0005634	5.25E-62	227
DEA37_0008133	2.16E-116	356
DC041_0000353	3.84E-62	208
DC041_0003705	8.21E-110	342
DC041_0004272	1.91E-35	136
DC041_0008432	1.57E-109	339
DC041_0010302	2.63E-45	170
SCUD_0000173201-mRNA-1	1.66E-18	91.3
SCUD_0000715501-mRNA-1	2.79E-18	82.8
SCUD_0000842201-mRNA-1	1.01E-150	469
SCUD_0000842401-mRNA-1	2.00E-33	131
MS3_0013173.1	3.09E-63	218
MS3_0013287.1	1.57E-109	339
MS3_0013288.1	1.86E-111	346
MS3_0017078.1	4.93E-48	177
EWB00_005380	2.66E-33	130
EWB00_005381	2.75E-166	505
EWB00_008088	8.70E-49	182
EWB00_009839.3	9.86E-109	332
Smp_311480.2	1.02E-113	350
Smp_311490.1	6.95E-114	352
Smp_333600.1	9.27E-107	327
Smp_341500.1	3.56E-50	182
SMRZ_0000563001-mRNA-1	1.57E-109	339
SMRZ_0000710401-mRNA-1	2.50E-43	165
SMRZ_0000776801-mRNA-1	4.01E-110	343
SMRZ_0001444901-mRNA-1	2.84E-17	82
SMRZ_0001445001-mRNA-1	1.24E-40	148
SMTD_0000617001-mRNA-1	2.93E-51	184
SMTD_0000660901-mRNA-1	1.17E-17	80.9
SMTD_0001462301-mRNA-1	3.56E-110	343
SMTD_0001860801-mRNA-1	5.79E-18	89.7
SROB_0000135901-mRNA-1	1.33E-14	79.3
SROB_0000207101-mRNA-1	3.91E-12	67.4
SROB_0000754901-mRNA-1	2.63E-62	206
SROB_0000933301-mRNA-1	4.92E-114	352
SROB_0001198801-mRNA-1	4.07E-113	348
TRE_0000111601-mRNA-1	1.14E-09	63.2
TRE_0000179201-mRNA-1	2.71E-18	82.8
TRE_0000339101-mRNA-1	1.06E-108	335
TRE_0000472301-mRNA-1	1.40E-34	131
TRE_0000571701-mRNA-1	3.16E-48	181
TRE_0001731501-mRNA-1	5.93E-28	118
TRE_0001938901-mRNA-1	2.15E-90	292
