DILT_0000000901-mRNA-1	7.82E-16	78.2
DILT_0000016501-mRNA-1	4.89E-88	275
DILT_0000021301-mRNA-1	7.27E-47	167
DILT_0000085401-mRNA-1	2.62E-47	169
DILT_0000163601-mRNA-1	4.57E-06	48.1
DILT_0000178401-mRNA-1	3.06E-04	43.9
DILT_0000213901-mRNA-1	1.07E-06	56.2
DILT_0000263701-mRNA-1	6.19E-04	46.2
DILT_0000264101-mRNA-1	3.68E-50	174
DILT_0000290101-mRNA-1	1.71E-80	272
DILT_0000300301-mRNA-1	5.37E-59	185
DILT_0000305301-mRNA-1	5.27E-104	323
DILT_0000349001-mRNA-1	7.71E-45	162
DILT_0000359301-mRNA-1	2.68E-20	98.6
DILT_0000362601-mRNA-1	9.83E-04	44.7
DILT_0000369001-mRNA-1	1.34E-22	106
DILT_0000402501-mRNA-1	3.57E-66	224
DILT_0000406101-mRNA-1	1.42E-15	81.3
DILT_0000526201-mRNA-1	3.46E-82	254
DILT_0000530801-mRNA-1	3.87E-71	231
DILT_0000578601-mRNA-1	5.48E-19	95.9
DILT_0000600401-mRNA-1	1.24E-32	125
DILT_0000605301-mRNA-1	3.76E-141	423
DILT_0000615301-mRNA-1	6.16E-48	166
DILT_0000618401-mRNA-1	7.51E-21	100
DILT_0000656501-mRNA-1	1.38E-63	213
DILT_0000679401-mRNA-1	5.42E-87	276
DILT_0000749701-mRNA-1	2.59E-07	47.8
DILT_0000785301-mRNA-1	1.18E-60	196
DILT_0000817101-mRNA-1	5.74E-53	169
DILT_0000849701-mRNA-1	7.46E-17	83.6
DILT_0000946901-mRNA-1	2.45E-159	477
DILT_0000961901-mRNA-1	5.85E-81	260
DILT_0000964301-mRNA-1	2.26E-62	213
DILT_0000974101-mRNA-1	2.63E-74	239
DILT_0001092601-mRNA-1	4.85E-33	123
DILT_0001204301-mRNA-1	6.11E-73	240
DILT_0001222201-mRNA-1	1.85E-52	173
DILT_0001467401-mRNA-1	1.09E-41	148
DILT_0001622301-mRNA-1	6.08E-05	44.3
DILT_0001644601-mRNA-1	7.73E-27	107
DILT_0001687701-mRNA-1	3.13E-10	63.5
DILT_0001701301-mRNA-1	2.43E-27	106
DILT_0001711801-mRNA-1	1.85E-35	132
DILT_0001763301-mRNA-1	1.51E-04	42.7
DILT_0001875401-mRNA-1	1.45E-79	265
DILT_0001892801-mRNA-1	2.34E-08	52
DILT_0001975801-mRNA-1	1.24E-10	58.5
maker-E.canG7_contigs_6517-pred_gff_augustus_masked-gene-0.6-mRNA-1	1.80E-87	298
maker-E.canG7_contigs_7107-pred_gff_cdna2genome-gene-0.94-mRNA-1	4.28E-09	65.1
maker-E.canG7_contigs_0234-pred_gff_blastx-gene-0.99-mRNA-1	2.05E-27	120
maker-E.canG7_contigs_3364-snap-gene-1.48-mRNA-1	3.05E-89	293
maker-E.canG7_contigs_4941-pred_gff_blastx-gene-0.403-mRNA-1	1.89E-31	132
maker-E.canG7_contigs_9000-pred_gff_blastx-gene-0.325-mRNA-1	4.89E-78	252
maker-E.canG7_contigs_4744-pred_gff_augustus_masked-gene-2.213-mRNA-1	1.89E-163	503
maker-E.canG7_contigs_6231-snap-gene-0.60-mRNA-1	4.68E-105	327
maker-E.canG7_contigs_6225-pred_gff_blastx-gene-0.196-mRNA-1	2.38E-74	244
maker-E.canG7_contigs_6225-pred_gff_snap_masked-gene-0.27-mRNA-1	6.83E-68	249
maker-E.canG7_contigs_6871-pred_gff_blastx-gene-0.205-mRNA-1	1.42E-99	332
maker-E.canG7_contigs_2425-pred_gff_blastx-gene-0.200-mRNA-1	9.83E-78	252
maker-E.canG7_contigs_6758-pred_gff_cdna2genome-gene-0.134-mRNA-1	9.78E-149	443
maker-E.canG7_contigs_1140-augustus-gene-0.15-mRNA-1	6.05E-123	375
maker-E.canG7_contigs_8560-pred_gff_cdna2genome-gene-0.126-mRNA-1	8.05E-134	413
maker-E.canG7_contigs_1238-pred_gff_blastx-gene-0.188-mRNA-1	3.15E-21	101
maker-E.canG7_contigs_2844-pred_gff_cdna2genome-gene-0.79-mRNA-1	8.76E-32	125
maker-E.canG7_contigs_5702-snap-gene-0.34-mRNA-1	6.68E-28	122
maker-E.canG7_contigs_7794-pred_gff_cdna2genome-gene-0.89-mRNA-1	5.99E-22	106
maker-E.canG7_contigs_3399-snap-gene-0.18-mRNA-1	3.53E-89	291
maker-E.canG7_contigs_6077-pred_gff_augustus_masked-gene-0.10-mRNA-1	1.89E-220	669
maker-E.canG7_contigs_9257-pred_gff_augustus_masked-gene-0.8-mRNA-1	0	979
maker-E.canG7_contigs_5538-pred_gff_cdna2genome-gene-0.64-mRNA-1	3.86E-156	530
maker-E.canG7_contigs_0516-pred_gff_cdna2genome-gene-0.43-mRNA-1	1.49E-09	66.6
maker-E.canG7_contigs_8204-augustus-gene-0.7-mRNA-1	7.33E-17	90.1
maker-E.canG7_contigs_5159-pred_gff_cdna2genome-gene-0.29-mRNA-1	1.49E-97	302
maker-E.canG7_contigs_5159-pred_gff_tblastx-gene-0.19-mRNA-1	2.94E-62	211
maker-E.canG7_contigs_5377-pred_gff_blastx-gene-0.33-mRNA-1	2.25E-69	234
maker-E.canG7_contigs_0886-pred_gff_blastx-gene-0.32-mRNA-1	2.55E-69	235
maker-E.canG7_contigs_8694-pred_gff_snap_masked-gene-0.1-mRNA-1	4.04E-10	62.8
maker-E.canG7_contigs_4428-pred_gff_cdna2genome-gene-0.4-mRNA-1	2.06E-59	199
maker-E.canG7_contigs_4223-pred_gff_protein2genome-gene-0.8-mRNA-1	4.71E-13	73.9
EgrG_001156400	7.35E-71	238
EgrG_000975800	4.28E-09	65.1
EgrG_001066000	2.19E-15	85.1
EgrG_000671000	3.64E-183	556
EgrG_001040300	1.00E-106	331
EgrG_001119800	9.83E-78	252
EgrG_000984000	4.52E-132	397
EgrG_001096400	7.57E-59	198
EgrG_000916400	4.24E-120	365
EgrG_000984100	8.37E-130	388
EgrG_000506500	1.08E-74	246
EgrG_000719050	2.41E-142	424
EgrG_000763100	5.16E-30	128
EgrG_000670700	8.67E-76	248
EgrG_000645700	1.90E-151	454
EgrG_000857600	2.48E-07	59.3
EgrG_000591600	1.31E-103	316
EgrG_000738300	1.23E-32	135
EgrG_000668200	8.30E-70	236
EgrG_001048250.1	3.13E-131	399
EgrG_000043900	3.62E-40	151
EgrG_000063700	6.46E-12	73.9
EgrG_000251500	1.06E-06	52.8
EgrG_001065900	6.76E-09	63.5
EgrG_000869200	1.06E-07	58.2
EgrG_000462600	7.21E-125	381
EgrG_000993200	4.75E-132	408
EgrG_000739300	2.15E-157	530
EgrG_000506600	1.09E-72	239
EgrG_000869300	4.36E-99	306
EgrG_000849400	4.51E-20	100
EgrG_000526700	1.78E-20	99.4
EmuJ_000043900.1	3.51E-40	151
EmuJ_000044000.1	5.02E-95	291
EmuJ_000063700.1	1.04E-13	79.7
EmuJ_000093100.1	7.33E-22	103
EmuJ_000251500.1	1.80E-08	57.8
EmuJ_000251600.1	3.06E-06	50.4
EmuJ_000462600.1	7.21E-125	381
EmuJ_000506500.1	1.52E-74	246
EmuJ_000506600.1	4.98E-70	232
EmuJ_000526700.1	2.36E-21	102
EmuJ_000591600.1	1.55E-122	372
EmuJ_000645700.1	4.75E-149	448
EmuJ_000668200.1	2.05E-71	241
EmuJ_000670700.1	1.03E-75	248
EmuJ_000719050.1	2.41E-142	424
EmuJ_000738300.1	5.63E-32	134
EmuJ_000739300.1	1.33E-158	533
EmuJ_000763100.1	1.55E-30	129
EmuJ_000849400.1	7.38E-22	106
EmuJ_000857600.1	1.95E-10	69.3
EmuJ_000869200.1	1.06E-07	58.2
EmuJ_000869300.1	1.09E-99	307
EmuJ_000916400.1	5.37E-118	360
EmuJ_000975800.1	7.40E-09	64.3
EmuJ_000984000.1	1.71E-132	398
EmuJ_000984100.1	6.71E-129	385
EmuJ_000993200.1	1.10E-133	412
EmuJ_001040300.1	4.79E-110	340
EmuJ_001048230.1	6.74E-122	364
EmuJ_001065900.1	9.33E-09	63.2
EmuJ_001066000.1	1.31E-18	94.4
EmuJ_001096400.1	5.98E-61	203
EmuJ_001119800.1	1.38E-77	251
EmuJ_001156400.1	2.82E-70	237
Eoli_000044000.t1	1.29E-70	228
Eoli_000063700.t1	2.04E-05	50.4
Eoli_000093100.t1	3.30E-18	91.7
Eoli_000165100.t1	5.34E-47	162
Eoli_000462600.t1	2.53E-36	134
Eoli_000506500.t1	3.36E-63	214
Eoli_000526700.t1	5.49E-06	52
Eoli_000618700.t1	9.44E-35	134
Eoli_000645700.t1	1.90E-41	137
Eoli_000668200.t1	3.56E-42	154
Eoli_000670700.t1	6.43E-55	188
Eoli_000719050.t1	4.01E-126	382
Eoli_000738300.t1	1.07E-04	47
Eoli_000763100.t1	1.78E-06	52.8
Eoli_000849400.t1	1.51E-12	70.9
Eoli_000869200.t1	1.11E-07	52
Eoli_000984000.t1	1.72E-23	94.4
Eoli_001096400.t1	5.27E-61	203
Eoli_001119800.t1	2.29E-78	246
TTAC_0000099701-mRNA-1	1.99E-103	319
TTAC_0000113001-mRNA-1	3.01E-13	73.6
TTAC_0000144901-mRNA-1	1.83E-46	163
TTAC_0000160401-mRNA-1	2.00E-84	266
TTAC_0000197301-mRNA-1	1.02E-68	233
TTAC_0000214501-mRNA-1	1.18E-22	106
TTAC_0000220701-mRNA-1	1.33E-19	94
TTAC_0000257201-mRNA-1	7.51E-87	281
TTAC_0000300901-mRNA-1	6.49E-94	290
TTAC_0000337901-mRNA-1	5.21E-09	57.8
TTAC_0000347201-mRNA-1	5.22E-85	268
TTAC_0000369801-mRNA-1	9.30E-17	73.6
TTAC_0000392901-mRNA-1	4.51E-69	229
TTAC_0000443901-mRNA-1	1.84E-99	303
TTAC_0000448201-mRNA-1	8.12E-17	85.9
TTAC_0000500601-mRNA-1	1.93E-30	120
TTAC_0000554801-mRNA-1	3.57E-14	71.2
TTAC_0000602801-mRNA-1	1.11E-64	207
TTAC_0000610001-mRNA-1	9.42E-04	47.4
TTAC_0000611701-mRNA-1	1.73E-134	406
TTAC_0000684101-mRNA-1	5.85E-131	407
TTAC_0000685901-mRNA-1	1.18E-07	57.8
TTAC_0000692901-mRNA-1	1.10E-08	60.1
TTAC_0000705801-mRNA-1	1.14E-11	67
TTAC_0000706101-mRNA-1	1.26E-17	92.4
TTAC_0000722201-mRNA-1	8.26E-75	246
TTAC_0000722501-mRNA-1	7.03E-157	493
TTAC_0000733301-mRNA-1	2.28E-123	377
TTAC_0000769201-mRNA-1	1.55E-11	72
TTAC_0000802801-mRNA-1	3.13E-64	211
TTAC_0000833901-mRNA-1	1.04E-75	247
TTAC_0000835801-mRNA-1	8.56E-71	240
TTAC_0000837801-mRNA-1	3.57E-19	95.5
TTAC_0000874901-mRNA-1	5.89E-157	529
TTAC_0000922801-mRNA-1	2.50E-128	391
TTAC_0000943601-mRNA-1	1.10E-04	47.4
TTAC_0001062901-mRNA-1	8.88E-73	243
TTAC_0001123201-mRNA-1	8.45E-16	79.7
TTAC_0001141301-mRNA-1	6.12E-45	155
TTAC_0001158101-mRNA-1	2.14E-25	103
HDID_0000039701-mRNA-1	4.93E-14	79
HDID_0000068801-mRNA-1	8.87E-101	335
HDID_0000131801-mRNA-1	5.67E-09	59.7
HDID_0000154601-mRNA-1	1.48E-06	53.1
HDID_0000211201-mRNA-1	5.39E-15	72.4
HDID_0000233301-mRNA-1	7.78E-90	279
HDID_0000281901-mRNA-1	3.09E-14	80.5
HDID_0000317501-mRNA-1	1.02E-80	259
HDID_0000393001-mRNA-1	3.45E-12	69.3
HDID_0000423001-mRNA-1	4.06E-23	107
HDID_0000432701-mRNA-1	8.64E-112	350
HDID_0000450901-mRNA-1	4.93E-13	70.1
HDID_0000455201-mRNA-1	4.42E-32	125
HDID_0000470601-mRNA-1	1.50E-19	97.4
HDID_0000475501-mRNA-1	4.15E-07	51.2
HDID_0000516501-mRNA-1	1.57E-75	246
HDID_0000539801-mRNA-1	2.38E-60	199
HDID_0000596501-mRNA-1	9.21E-04	42.4
HDID_0000626901-mRNA-1	1.27E-60	205
HDID_0000706101-mRNA-1	7.78E-129	389
HDID_0000719201-mRNA-1	2.22E-66	224
HDID_0000719401-mRNA-1	9.88E-67	228
HDID_0000724701-mRNA-1	2.64E-67	229
HDID_0000761301-mRNA-1	2.60E-119	363
HDID_0000777301-mRNA-1	4.29E-75	246
HDID_0000778201-mRNA-1	9.88E-25	114
HDID_0000816401-mRNA-1	6.81E-77	257
HDID_0000878501-mRNA-1	1.76E-19	97.4
HDID_0000883701-mRNA-1	3.53E-31	131
HDID_0000899401-mRNA-1	1.24E-28	125
HDID_0000909201-mRNA-1	1.76E-16	85.1
HDID_0000951001-mRNA-1	1.40E-162	494
HDID_0000957301-mRNA-1	1.15E-26	118
HDID_0000966101-mRNA-1	3.00E-79	238
HDID_0000992701-mRNA-1	7.48E-10	60.8
HDID_0001026701-mRNA-1	7.18E-94	291
HDID_0001081201-mRNA-1	8.95E-96	299
HDID_0001108601-mRNA-1	7.21E-30	114
HmN_000231800	1.70E-24	112
HmN_000380500.1	7.05E-160	478
HmN_000241200	8.02E-131	394
HmN_003037070.2	7.11E-11	70.9
HmN_000122500	2.70E-175	533
HmN_000055300	8.53E-23	106
HmN_000622800	3.32E-15	83.6
HmN_000453700	2.66E-19	96.7
HmN_000841800	2.53E-24	114
HmN_000776500.2	2.44E-98	328
HmN_003033740.2	7.40E-22	104
HmN_000493400	3.47E-06	55.1
HmN_000008300	1.78E-04	50.1
HmN_000286800	9.09E-77	251
HmN_000451500	1.87E-66	227
HmN_002167300	2.06E-15	84.7
HmN_003037610	3.82E-126	382
HmN_003033750	1.60E-25	117
HmN_000393300.2	3.26E-118	364
HmN_003037080	2.57E-08	61.2
HmN_000344500	5.34E-121	367
HmN_002117600	3.15E-131	399
HmN_000616400	1.17E-10	69.3
HmN_000486200	2.38E-136	420
HmN_000410700	1.12E-117	368
HmN_000924100	1.38E-33	138
HmN_000527900	4.52E-63	215
HmN_000318600	5.94E-78	259
HmN_000439000	1.32E-78	253
HmN_000250400	2.61E-74	244
HmN_000458300	7.28E-35	142
HmN_000809200.1	8.41E-29	125
HNAJ_0000000001-mRNA-1	1.36E-47	164
HNAJ_0000033201-mRNA-1	8.20E-16	85.5
HNAJ_0000060801-mRNA-1	8.46E-04	45.1
HNAJ_0000093501-mRNA-1	1.05E-24	112
HNAJ_0000142101-mRNA-1	4.13E-79	255
HNAJ_0000155201-mRNA-1	1.83E-108	341
HNAJ_0000183501-mRNA-1	4.50E-89	280
HNAJ_0000213601-mRNA-1	4.51E-102	338
HNAJ_0000220001-mRNA-1	1.49E-04	49.3
HNAJ_0000262601-mRNA-1	5.59E-14	80.1
HNAJ_0000311501-mRNA-1	2.92E-46	165
HNAJ_0000317801-mRNA-1	1.60E-63	218
HNAJ_0000337101-mRNA-1	1.18E-84	281
HNAJ_0000347901-mRNA-1	5.92E-05	49.3
HNAJ_0000370801-mRNA-1	8.64E-108	322
HNAJ_0000370901-mRNA-1	2.73E-35	140
HNAJ_0000396201-mRNA-1	3.72E-13	70.5
HNAJ_0000422501-mRNA-1	6.46E-77	251
HNAJ_0000439901-mRNA-1	4.18E-27	103
HNAJ_0000496401-mRNA-1	2.34E-34	140
HNAJ_0000530601-mRNA-1	1.83E-33	126
HNAJ_0000551001-mRNA-1	2.39E-31	122
HNAJ_0000571101-mRNA-1	1.16E-45	158
HNAJ_0000578001-mRNA-1	1.36E-81	256
HNAJ_0000594701-mRNA-1	8.81E-08	55.1
HNAJ_0000686901-mRNA-1	4.64E-94	289
HNAJ_0000742601-mRNA-1	1.37E-17	91.3
HNAJ_0000753101-mRNA-1	4.88E-72	244
HNAJ_0000807301-mRNA-1	1.89E-21	102
HNAJ_0000847701-mRNA-1	5.17E-10	60.5
HNAJ_0000924401-mRNA-1	1.48E-10	67.8
HNAJ_0000926601-mRNA-1	8.05E-116	352
HNAJ_0000929701-mRNA-1	6.99E-94	289
HNAJ_0000936301-mRNA-1	1.57E-75	246
HNAJ_0000946001-mRNA-1	2.42E-184	563
HNAJ_0000958001-mRNA-1	7.68E-65	222
HNAJ_0000993201-mRNA-1	2.90E-22	106
HNAJ_0001007601-mRNA-1	1.75E-06	51.6
HNAJ_0001047201-mRNA-1	4.42E-57	184
HNAJ_0001073201-mRNA-1	2.48E-53	183
HNAJ_0001110001-mRNA-1	5.83E-06	53.5
HNAJ_0001212001-mRNA-1	3.56E-26	106
HNAJ_0001279401-mRNA-1	3.45E-06	52
HNAJ_0001291401-mRNA-1	1.67E-08	56.6
HNAJ_0001298101-mRNA-1	1.23E-13	68.2
HNAJ_0001310401-mRNA-1	5.18E-99	310
HNAJ_0001341601-mRNA-1	3.54E-20	96.3
HNAJ_0001361301-mRNA-1	9.86E-24	108
HNAJ_0001372901-mRNA-1	2.48E-21	93.2
MCU_000233-RB	2.82E-133	401
MCU_000247-RA	8.21E-39	132
MCU_000247-RB	7.19E-75	240
MCU_000247-RC	7.85E-33	117
MCU_000636-RA	3.83E-33	137
MCU_001223-RA	1.29E-78	254
MCU_001229-RA	5.57E-88	293
MCU_001256-RA	5.59E-128	387
MCU_002219-RA	1.52E-76	246
MCU_002530-RA	3.56E-114	358
MCU_002808-RD	2.21E-09	65.9
MCU_002934-RA	3.17E-72	238
MCU_003274-RA	2.70E-21	102
MCU_003318-RA	2.46E-22	105
MCU_003496-RA	1.01E-78	253
MCU_004399-RA	1.34E-30	130
MCU_005543-RC	3.63E-76	252
MCU_005678-RA	2.10E-73	243
MCU_005679-RA	4.25E-56	197
MCU_006737-RA	4.50E-30	129
MCU_006949-RA	5.71E-06	52.4
MCU_007023-RA	3.58E-72	233
MCU_007079-RB	5.73E-126	383
MCU_007220-RB	1.54E-12	76.3
MCU_007735-RA	2.51E-70	230
MCU_007736-RA	2.95E-81	259
MCU_007770-RA	3.82E-130	391
MCU_007979-RA	3.91E-22	107
MCU_008252-RA	5.13E-128	386
MCU_008819-RA	4.98E-33	124
MCU_009570-RA	2.99E-78	250
MCU_009805-RA	1.78E-47	169
MCU_010531-RC	1.02E-131	395
MCU_010827-RA	1.94E-08	52.8
MCU_011313-RB	4.37E-129	390
MCU_012613-RB	3.71E-135	397
MCU_013693-RA	8.52E-34	120
SSLN_0000121301-mRNA-1	1.76E-67	222
SSLN_0000165201-mRNA-1	3.21E-07	50.1
SSLN_0000213901-mRNA-1	2.14E-17	90.1
SSLN_0000224901-mRNA-1	3.12E-24	111
SSLN_0000270501-mRNA-1	5.61E-141	427
SSLN_0000314901-mRNA-1	8.64E-51	173
SSLN_0000324901-mRNA-1	4.40E-292	924
SSLN_0000449601-mRNA-1	3.15E-45	178
SSLN_0000449701-mRNA-1	2.68E-05	49.3
SSLN_0000497001-mRNA-1	6.77E-96	296
SSLN_0000522301-mRNA-1	5.46E-102	310
SSLN_0000564001-mRNA-1	8.80E-112	337
SSLN_0000626301-mRNA-1	1.33E-74	244
SSLN_0000683101-mRNA-1	1.26E-74	246
SSLN_0000686801-mRNA-1	9.95E-68	224
SSLN_0000686901-mRNA-1	2.60E-73	239
SSLN_0000694801-mRNA-1	1.38E-08	61.2
SSLN_0000694901-mRNA-1	1.97E-04	43.9
SSLN_0000696601-mRNA-1	8.37E-88	275
SSLN_0000777501-mRNA-1	1.44E-08	60.5
SSLN_0000856601-mRNA-1	2.17E-09	59.3
SSLN_0001003501-mRNA-1	8.49E-124	394
SSLN_0001018201-mRNA-1	5.73E-86	274
SSLN_0001085601-mRNA-1	1.37E-120	362
SSLN_0001092301-mRNA-1	4.02E-128	389
SSLN_0001126601-mRNA-1	4.52E-07	56.2
SSLN_0001133301-mRNA-1	1.19E-66	222
SSLN_0001153901-mRNA-1	5.27E-81	258
SSLN_0001183601-mRNA-1	1.92E-06	50.8
SSLN_0001183801-mRNA-1	8.94E-12	68.9
SSLN_0001192601-mRNA-1	2.73E-36	132
SSLN_0001205601-mRNA-1	9.98E-08	55.1
SSLN_0001288001-mRNA-1	4.82E-29	115
SSLN_0001416901-mRNA-1	1.13E-31	133
SSLN_0001494501-mRNA-1	3.79E-33	128
SSLN_0001534401-mRNA-1	1.35E-13	76.3
SSLN_0001594501-mRNA-1	2.20E-66	218
SSLN_0001668201-mRNA-1	1.84E-28	124
SSLN_0001723901-mRNA-1	3.19E-92	288
SSLN_0001734101-mRNA-1	1.23E-159	478
SSLN_0001956901-mRNA-1	5.94E-45	162
SSLN_0001976001-mRNA-1	7.29E-60	204
SSLN_0002023501-mRNA-1	4.16E-12	67
SPER_0000017901-mRNA-1	3.47E-73	239
SPER_0000110401-mRNA-1	3.86E-53	179
SPER_0000175401-mRNA-1	5.89E-31	116
SPER_0000177501-mRNA-1	1.27E-10	61.6
SPER_0000405701-mRNA-1	2.96E-32	123
SPER_0000457701-mRNA-1	8.63E-41	149
SPER_0000521501-mRNA-1	2.04E-29	116
SPER_0000553701-mRNA-1	1.59E-38	142
SPER_0000578501-mRNA-1	5.62E-60	200
SPER_0000665801-mRNA-1	8.26E-68	222
SPER_0000753401-mRNA-1	2.25E-46	162
SPER_0000895501-mRNA-1	7.31E-46	163
SPER_0001047701-mRNA-1	1.71E-08	60.8
SPER_0001056501-mRNA-1	9.02E-21	98.6
SPER_0001098301-mRNA-1	6.49E-28	115
SPER_0001101401-mRNA-1	1.76E-29	106
SPER_0001131001-mRNA-1	1.07E-08	58.5
SPER_0001214701-mRNA-1	2.55E-07	53.9
SPER_0001220401-mRNA-1	7.03E-29	106
SPER_0001250501-mRNA-1	7.38E-58	197
SPER_0001271601-mRNA-1	4.95E-15	82.4
SPER_0001381501-mRNA-1	6.92E-64	223
SPER_0001566201-mRNA-1	8.77E-21	88.6
SPER_0001662401-mRNA-1	1.87E-32	122
SPER_0001679301-mRNA-1	2.24E-07	55.1
SPER_0001804101-mRNA-1	4.61E-06	48.9
SPER_0001937201-mRNA-1	1.44E-08	60.5
SPER_0001957501-mRNA-1	2.19E-66	214
SPER_0001961401-mRNA-1	1.61E-10	60.1
SPER_0001979501-mRNA-1	3.68E-27	106
SPER_0002078901-mRNA-1	9.33E-27	103
SPER_0002217301-mRNA-1	3.14E-44	167
SPER_0002425001-mRNA-1	1.02E-11	61.2
SPER_0002491001-mRNA-1	2.91E-16	80.1
SPER_0002523001-mRNA-1	1.69E-22	92.4
SPER_0002630601-mRNA-1	2.38E-33	121
SPER_0002863701-mRNA-1	8.34E-62	194
SPER_0002951201-mRNA-1	2.20E-13	70.5
SPER_0003012201-mRNA-1	1.01E-09	60.8
SPER_0003019001-mRNA-1	1.01E-100	319
SPER_0003100201-mRNA-1	5.32E-43	148
SPER_0003109101-mRNA-1	3.72E-46	155
SPER_0003111801-mRNA-1	5.98E-35	132
SPER_0003163001-mRNA-1	3.36E-32	122
SPER_0003226301-mRNA-1	6.17E-09	60.8
SPER_0003294401-mRNA-1	1.64E-55	187
SPER_0003294701-mRNA-1	7.12E-24	101
SPER_0003345701-mRNA-1	1.17E-14	73.2
SPER_0003348701-mRNA-1	2.05E-10	61.2
SPER_0003420001-mRNA-1	5.47E-11	66.2
SPER_0003453001-mRNA-1	5.21E-41	152
SPER_0003481201-mRNA-1	8.79E-16	84.7
SPER_0003499201-mRNA-1	4.32E-62	212
SPER_0003503701-mRNA-1	9.33E-35	129
SPER_0003505101-mRNA-1	9.52E-43	155
SPER_0003667301-mRNA-1	9.33E-34	121
SPER_0003695301-mRNA-1	1.52E-51	172
SPER_0003707201-mRNA-1	1.57E-24	100
SPER_0003804001-mRNA-1	2.22E-27	104
SPER_0003813301-mRNA-1	1.66E-33	127
SPER_0003962601-mRNA-1	7.22E-52	185
TASK_0000030801-mRNA-1	1.25E-104	345
TASK_0000032601-mRNA-1	2.03E-18	96.3
TASK_0000049901-mRNA-1	1.37E-26	117
TASK_0000079501-mRNA-1	4.28E-24	113
TASK_0000153601-mRNA-1	3.84E-57	202
TASK_0000161301-mRNA-1	2.30E-16	87.4
TASK_0000184501-mRNA-1	1.31E-75	251
TASK_0000274301-mRNA-1	1.29E-10	64.3
TASK_0000278401-mRNA-1	1.05E-34	122
TASK_0000298801-mRNA-1	3.59E-04	42
TASK_0000353501-mRNA-1	1.05E-148	441
TASK_0000425301-mRNA-1	2.12E-86	286
TASK_0000442501-mRNA-1	2.81E-132	409
TASK_0000460301-mRNA-1	1.15E-93	300
TASK_0000468201-mRNA-1	1.12E-103	322
TASK_0000510901-mRNA-1	9.83E-120	368
TASK_0000514001-mRNA-1	8.79E-04	47.4
TASK_0000548501-mRNA-1	5.59E-29	125
TASK_0000555701-mRNA-1	2.23E-118	357
TASK_0000588601-mRNA-1	1.34E-76	249
TASK_0000689201-mRNA-1	7.63E-32	133
TASK_0000702201-mRNA-1	8.94E-74	243
TASK_0000767501-mRNA-1	7.90E-23	106
TASK_0000833401-mRNA-1	1.87E-170	522
TASK_0000833801-mRNA-1	2.12E-70	239
TASK_0000867301-mRNA-1	2.68E-11	72
TASK_0000901501-mRNA-1	8.29E-06	52
TASK_0000912801-mRNA-1	4.99E-11	60.1
TASK_0000912901-mRNA-1	3.09E-37	134
TASK_0000952501-mRNA-1	1.11E-76	249
TASK_0000963801-mRNA-1	9.75E-29	125
TASK_0000971201-mRNA-1	6.78E-127	411
TASK_0000998501-mRNA-1	1.16E-04	45.4
Tm1G000027	1.78E-13	79
Tm1G001098	2.04E-72	239
Tm1G001099	6.32E-68	225
Tm1G001864	2.78E-115	362
Tm1G001939	1.72E-05	53.1
Tm1G001992	1.62E-22	108
Tm1G002627	4.14E-29	125
Tm1G002801	5.64E-158	535
Tm1G003288	2.41E-133	404
Tm1G003415	1.47E-18	96.7
Tm1G003633	2.45E-148	440
Tm1G003652	8.79E-04	47.4
Tm1G004222	1.60E-29	127
Tm1G004840	8.58E-14	71.2
Tm1G005057	6.29E-123	374
Tm1G005175	7.66E-105	350
Tm1G005184	1.37E-72	261
Tm1G005463	1.45E-09	66.6
Tm1G005520	1.63E-120	365
Tm1G005522	1.25E-128	385
Tm1G005589	9.86E-132	409
Tm3G008172	7.92E-23	107
Tm3G008174	8.71E-74	243
Tm3G008220	8.92E-26	112
Tm3G008625	2.77E-169	501
Tm3G009129	1.25E-121	371
Tm4G010013	5.23E-26	115
Tm4G010019	4.34E-34	131
Tm4G010040	2.58E-36	141
Tm4G010043	2.39E-47	180
Tm4G010050	6.51E-59	217
Tm4G010060	1.07E-07	58.9
Tm4G010063	7.43E-41	156
Tm4G010075	7.42E-16	81.6
Tm4G010085	3.45E-71	259
Tm4G010095	1.01E-53	208
Tm4G010098	5.21E-45	177
Tm4G010520	2.04E-06	54.3
Tm5G011653	7.66E-77	249
Tm7G012925	1.36E-68	233
TSAs00001g00204m00001	9.75E-29	125
TSAs00002g00691m00001	5.95E-89	300
TSAs00002g00763m00001	1.60E-110	341
TSAs00005g01535m00001	1.45E-102	340
TSAs00005g01536m00001	7.50E-35	132
TSAs00008g02011m00001	1.92E-10	69.3
TSAs00008g02077m00001	4.63E-23	109
TSAs00014g03023m00001	2.27E-114	359
TSAs00019g03658m00001	5.59E-29	125
TSAs00027g04479m00001	2.30E-115	367
TSAs00028g04584m00001	1.83E-243	728
TSAs00034g05133m00001	1.40E-31	132
TSAs00037g05426m00001	7.66E-77	249
TSAs00039g05553m00001	5.52E-22	103
TSAs00042g05823m00001	5.51E-132	409
TSAs00044g05967m00001	7.92E-18	94.4
TSAs00045g06028m00001	1.61E-123	377
TSAs00047g06184m00001	7.38E-132	395
TSAs00047g06188m00001	1.02E-185	559
TSAs00065g07304m00001	8.41E-10	67.4
TSAs00069g07556m00001	5.86E-51	177
TSAs00072g07682m00001	1.85E-70	237
TSAs00074g07731m00001	1.88E-22	105
TSAs00075g07783m00001	1.05E-148	441
TSAs00093g08385m00001	1.96E-14	82
TSAs00101g08586m00001	9.41E-74	243
TSAs00101g08590m00001	9.63E-93	316
TSAs00101g08591m00001	1.22E-47	181
TSAs00113g08823m00001	1.47E-91	323
TSAs00128g09110m00001	2.41E-04	42
TSAs00166g09541m00001	5.42E-156	529
TSAs00210g09959m00001	3.91E-52	197
TSAs00222g10058m00001	1.58E-40	166
TSAs00355g10875m00001	5.05E-34	145
TSAs00378g10982m00001	3.45E-24	102
TSAs00407g11095m00001	4.17E-37	144
TSAs00758g12127m00001	3.70E-35	127
TSAs00810g12232m00001	4.31E-55	209
TSAs01229g12672m00001	4.39E-23	92
TsM_000836600	4.78E-77	251
TsM_000900200	9.26E-16	85.5
TsM_000021800	1.59E-49	177
TsM_000107700	9.08E-33	136
TsM_000975200	1.55E-22	105
TsM_000841200	8.67E-57	179
TsM_000926600	2.04E-72	239
TsM_000990300	4.48E-14	80.9
TsM_000974900	1.24E-61	214
TsM_000386700	9.15E-32	115
TsM_001236100	4.59E-32	114
TsM_000440800	2.71E-70	237
TsM_001229200	3.09E-07	50.4
TsM_000063500	8.26E-26	114
TsM_000892300	5.00E-122	372
TsM_000012300	9.65E-31	130
TsM_000043700	7.44E-19	92.4
TsM_001041400	1.13E-131	402
TsM_000940900	3.57E-18	94.4
TsM_000193600	3.58E-91	285
TsM_000714100	1.38E-147	435
TsM_000084400	1.47E-07	57.8
TsM_000887800	4.08E-23	107
TsM_000436900	3.38E-146	436
TsM_000927400	4.50E-118	365
TsM_000473000	2.49E-126	387
TsM_000940800	2.87E-19	97.4
TsM_000088700	2.60E-122	375
TsM_000776500	1.41E-52	182
TsM_000776300	2.13E-27	108
TsM_000473200	2.71E-20	87.8
TsM_000273200	1.18E-131	396
TsM_000144500	1.78E-38	149
TsM_001009100	3.28E-40	157
TsM_000442200	1.23E-94	293
TsM_000365700	2.98E-09	59.3
TsM_000870800	2.94E-71	249
TsM_000845500	8.92E-101	310
TsM_000926700	5.27E-67	224
TsM_001156900	3.52E-57	201
TsM_000341800	2.86E-05	46.6
TsM_000739100	4.01E-15	77.8
comp101105_c0_seq1.p1	2.53E-15	70.9
comp101562_c0_seq1.p1	1.44E-04	43.9
comp102249_c0_seq1.p1	5.23E-41	150
comp102249_c2_seq1.p1	6.25E-15	73.2
comp103752_c0_seq1.p1	1.05E-41	151
comp103997_c0_seq1.p1	7.74E-24	98.2
comp107949_c0_seq1.p1	2.06E-14	76.3
comp111408_c0_seq1.p1	1.18E-04	43.5
comp111870_c0_seq1.p1	2.49E-43	152
comp112266_c0_seq1.p2	4.15E-20	87.4
comp113562_c0_seq1.p1	4.58E-39	150
comp113562_c1_seq1.p1	1.85E-25	102
comp114101_c0_seq1.p1	1.46E-28	115
comp114101_c1_seq1.p1	3.42E-79	250
comp115104_c0_seq1.p1	6.63E-80	251
comp115104_c1_seq1.p1	2.18E-91	277
comp115826_c0_seq1.p1	8.94E-11	66.6
comp115999_c0_seq1.p1	3.61E-04	42.7
comp116123_c0_seq1.p1	1.68E-52	180
comp116123_c1_seq1.p1	2.25E-21	92.8
comp116585_c0_seq1.p1	1.73E-04	44.3
comp118768_c0_seq1.p1	5.38E-04	42.4
comp119375_c1_seq1.p1	4.18E-51	171
comp119876_c0_seq1.p1	2.71E-04	44.3
comp120503_c0_seq1.p1	3.24E-45	157
comp120503_c0_seq3.p1	3.67E-23	89.4
comp122841_c0_seq1.p1	8.05E-11	64.3
comp123271_c0_seq1.p1	9.76E-04	43.1
comp123425_c0_seq3.p1	1.24E-05	51.2
comp123766_c0_seq1.p1	2.65E-10	61.6
comp124051_c1_seq1.p1	1.14E-07	53.9
comp125683_c1_seq1.p1	2.69E-13	74.3
comp125855_c1_seq1.p1	7.14E-05	44.3
comp126864_c0_seq2.p1	1.76E-22	105
comp127555_c1_seq1.p1	4.16E-12	68.6
comp128064_c0_seq1.p1	1.64E-54	177
comp128064_c1_seq1.p1	9.67E-14	72
comp129031_c0_seq1.p1	5.81E-51	182
comp129392_c0_seq1.p1	1.31E-07	53.1
comp130084_c1_seq1.p1	1.64E-92	293
comp130745_c0_seq1.p1	6.07E-39	149
comp130745_c0_seq2.p2	7.34E-12	67.8
comp130844_c1_seq1.p1	1.88E-33	129
comp131058_c0_seq2.p1	4.37E-15	80.9
comp132661_c0_seq2.p1	3.84E-05	46.6
comp132661_c1_seq1.p1	2.41E-13	74.3
comp133373_c0_seq1.p1	1.15E-19	87.4
comp133373_c0_seq4.p1	6.94E-11	65.1
comp133995_c0_seq1.p1	3.54E-25	116
comp134670_c0_seq2.p1	4.33E-99	315
comp134670_c0_seq3.p1	1.56E-45	160
comp135003_c0_seq2.p1	3.26E-17	79
comp135003_c1_seq1.p1	5.25E-113	348
comp135174_c0_seq1.p1	7.86E-220	639
comp135889_c0_seq1.p1	1.66E-40	160
comp136088_c0_seq1.p1	5.83E-60	207
comp136329_c0_seq2.p1	6.87E-04	45.4
comp136329_c0_seq4.p1	8.34E-10	61.6
comp136416_c1_seq2.p1	6.50E-40	152
comp136835_c0_seq1.p1	8.46E-46	168
comp138125_c1_seq1.p1	2.05E-30	113
comp138125_c1_seq11.p1	3.32E-54	196
comp138125_c1_seq13.p1	4.96E-05	45.4
comp138125_c1_seq16.p1	7.27E-12	73.2
comp138125_c1_seq2.p1	7.70E-70	253
comp138125_c1_seq5.p1	8.45E-08	53.9
comp169569_c0_seq1.p1	2.13E-23	97.1
comp169756_c0_seq1.p1	5.13E-15	79.3
comp191518_c0_seq1.p1	4.63E-06	48.1
comp210921_c0_seq1.p1	3.32E-47	160
comp227832_c0_seq1.p1	3.26E-47	163
comp229965_c0_seq1.p1	1.79E-13	70.9
comp236355_c0_seq1.p1	8.52E-05	43.9
comp240838_c0_seq1.p1	4.31E-27	108
comp258512_c0_seq1.p1	2.23E-42	146
comp355283_c0_seq1.p1	1.90E-13	68.6
comp48165_c0_seq1.p1	5.06E-21	87.4
comp52191_c0_seq1.p1	1.91E-24	100
comp57703_c0_seq1.p1	1.07E-17	82.4
comp60507_c0_seq1.p1	2.81E-05	45.8
comp61867_c0_seq1.p1	9.08E-13	70.1
comp64520_c0_seq1.p1	3.23E-62	196
comp78900_c0_seq1.p1	2.65E-67	216
comp88982_c0_seq1.p1	1.08E-108	325
comp90909_c0_seq1.p1	4.11E-15	74.7
comp91569_c0_seq1.p1	9.22E-12	64.7
comp92246_c0_seq1.p1	1.17E-13	68.9
comp92704_c0_seq1.p1	1.67E-04	43.9
comp93142_c0_seq1.p2	4.86E-15	70.1
comp93142_c1_seq1.p1	1.36E-39	139
comp93496_c0_seq1.p1	2.58E-57	187
comp95086_c0_seq1.p1	2.84E-23	95.1
comp95086_c1_seq1.p1	8.93E-88	279
comp95865_c0_seq1.p1	1.58E-55	182
comp96049_c0_seq1.p1	3.78E-58	197
comp96050_c0_seq1.p1	2.35E-04	43.9
comp97004_c0_seq1.p1	1.43E-22	94.7
BOX15_Mlig015854g1	1.60E-155	457
BOX15_Mlig004065g1	2.25E-124	378
BOX15_Mlig031591g2	1.86E-111	345
BOX15_Mlig013723g1	3.13E-09	62.4
BOX15_Mlig007204g1	5.62E-11	71.2
BOX15_Mlig023951g1	5.97E-38	151
BOX15_Mlig003898g1	1.25E-50	184
BOX15_Mlig031004g1	2.85E-09	64.3
BOX15_Mlig031432g4	2.65E-31	132
BOX15_Mlig002395g4	7.94E-104	346
BOX15_Mlig007609g1	2.91E-16	85.9
BOX15_Mlig011325g2	4.61E-113	349
BOX15_Mlig022967g3	2.46E-31	134
BOX15_Mlig021793g2	2.05E-151	441
BOX15_Mlig003120g3	7.25E-31	130
BOX15_Mlig010678g1	3.09E-54	189
BOX15_Mlig007416g1	1.49E-11	63.5
BOX15_Mlig028584g3	7.41E-29	125
BOX15_Mlig028785g2	8.90E-111	343
BOX15_Mlig019094g1	6.89E-17	88.2
BOX15_Mlig024322g3	1.69E-16	87
BOX15_Mlig029271g2	1.54E-10	68.2
BOX15_Mlig006056g2	7.67E-09	64.3
BOX15_Mlig032051g1	1.03E-14	81.6
BOX15_Mlig015178g3	1.14E-22	107
BOX15_Mlig016990g2	2.49E-20	99.8
BOX15_Mlig014550g2	5.39E-11	69.7
BOX15_Mlig006976g1	7.32E-08	59.7
BOX15_Mlig031795g3	1.86E-62	222
BOX15_Mlig021130g3	3.08E-34	143
BOX15_Mlig000989g5	2.90E-31	134
BOX15_Mlig009538g1	3.43E-08	57
BOX15_Mlig000674g2	1.16E-99	333
BOX15_Mlig034115g2	3.87E-37	154
BOX15_Mlig013616g1	1.61E-54	193
BOX15_Mlig011411g1	8.00E-11	63.2
BOX15_Mlig029354g2	1.36E-11	70.5
BOX15_Mlig004551g4	2.28E-19	96.7
BOX15_Mlig014244g1	9.45E-85	274
BOX15_Mlig009645g3	3.15E-04	47
BOX15_Mlig024351g4	2.21E-34	136
BOX15_Mlig031804g2	2.37E-149	437
BOX15_Mlig020788g3	4.68E-87	292
BOX15_Mlig026429g3	1.33E-19	99
BOX15_Mlig033565g2	5.59E-13	76.3
BOX15_Mlig028680g1	8.32E-06	52.8
BOX15_Mlig027426g1	1.66E-37	152
BOX15_Mlig032568g1	7.26E-62	223
BOX15_Mlig009398g1	5.02E-195	556
BOX15_Mlig025449g1	1.22E-56	199
BOX15_Mlig020199g1	9.70E-35	144
BOX15_Mlig009170g1	1.77E-29	130
BOX15_Mlig000841g2	2.00E-77	251
BOX15_Mlig000209g3	1.09E-08	63.2
BOX15_Mlig000862g3	5.76E-199	568
BOX15_Mlig030741g1	7.84E-24	111
BOX15_Mlig026840g2	1.39E-64	211
BOX15_Mlig000841g6	1.69E-39	142
BOX15_Mlig002294g2	7.11E-48	177
BOX15_Mlig022707g1	4.71E-44	176
BOX15_Mlig005297g1	2.43E-48	183
BOX15_Mlig007166g1	4.31E-29	126
BOX15_Mlig020801g1	1.53E-19	97.4
BOX15_Mlig008197g1	9.88E-123	371
BOX15_Mlig033226g1	6.48E-38	144
BOX15_Mlig015771g1	1.28E-42	172
BOX15_Mlig013326g1	3.25E-08	55.1
BOX15_Mlig006075g1	8.97E-26	116
BOX15_Mlig000461g1	1.92E-193	554
BOX15_Mlig015474g3	1.60E-87	280
BOX15_Mlig032313g1	6.21E-125	377
BOX15_Mlig005955g1	4.08E-24	110
BOX15_Mlig010245g2	2.43E-26	118
BOX15_Mlig005363g2	3.37E-23	108
BOX15_Mlig016491g1	1.90E-21	95.1
BOX15_Mlig015393g1	3.65E-36	145
BOX15_Mlig017198g1	5.06E-20	99
BOX15_Mlig009331g1	3.70E-17	89
BOX15_Mlig011397g1	7.45E-24	110
BOX15_Mlig003611g1	1.69E-22	103
BOX15_Mlig024916g1	1.00E-15	85.1
BOX15_Mlig024348g1	2.09E-09	62
BOX15_Mlig018669g1	4.85E-23	107
BOX15_Mlig016426g1	4.28E-39	160
BOX15_Mlig012309g1	4.18E-39	161
BOX15_Mlig013241g1	1.90E-22	106
BOX15_Mlig018909g1	3.57E-21	102
BOX15_Mlig025217g1	2.63E-59	213
BOX15_Mlig015385g1	6.03E-25	114
BOX15_Mlig009517g1	1.44E-31	134
BOX15_Mlig028639g1	8.04E-30	127
BOX15_Mlig026767g5	2.98E-57	200
BOX15_Mlig004863g1	3.24E-118	366
BOX15_Mlig010186g1	4.45E-08	60.8
BOX15_Mlig001459g3	8.26E-68	224
BOX15_Mlig008883g4	8.42E-117	351
BOX15_Mlig016491g12	2.02E-30	124
BOX15_Mlig014011g1	5.83E-23	108
BOX15_Mlig026396g1	2.20E-21	99.8
BOX15_Mlig024322g2	3.11E-07	56.2
BOX15_Mlig031664g1	2.12E-21	97.8
BOX15_Mlig009645g1	3.16E-10	67.4
BOX15_Mlig030622g1	1.35E-28	125
BOX15_Mlig025621g1	5.00E-26	117
BOX15_Mlig033810g1	2.58E-14	80.9
BOX15_Mlig007222g3	6.65E-33	138
BOX15_Mlig000966g1	9.80E-06	53.1
BOX15_Mlig015081g1	1.03E-18	94.7
BOX15_Mlig032482g1	2.57E-27	121
BOX15_Mlig031609g1	6.32E-16	85.9
BOX15_Mlig027167g2	4.32E-42	153
BOX15_Mlig022931g1	5.96E-24	110
BOX15_Mlig022345g1	1.31E-15	81.6
BOX15_Mlig010174g1	1.38E-166	488
BOX15_Mlig019166g1	1.38E-201	574
BOX15_Mlig023922g2	7.51E-219	619
BOX15_Mlig026138g2	1.92E-12	74.3
BOX15_Mlig006140g2	4.66E-34	125
BOX15_Mlig023547g1	1.29E-118	362
BOX15_Mlig012953g1	2.08E-15	83.6
BOX15_Mlig007558g1	3.72E-37	152
BOX15_Mlig014474g5	3.50E-67	220
BOX15_Mlig020283g2	5.40E-166	484
BOX15_Mlig021913g2	4.43E-51	188
BOX15_Mlig033047g1	1.54E-08	61.6
BOX15_Mlig002809g2	7.46E-27	119
BOX15_Mlig026586g1	2.22E-12	75.5
BOX15_Mlig002193g1	5.40E-08	61.2
BOX15_Mlig009716g1	5.73E-42	152
BOX15_Mlig015081g3	5.51E-09	63.2
BOX15_Mlig009716g2	2.30E-71	233
BOX15_Mlig009645g2	6.12E-04	47
BOX15_Mlig015174g1	1.12E-184	532
BOX15_Mlig030616g2	7.03E-20	99
BOX15_Mlig013503g1	4.99E-12	73.2
BOX15_Mlig021706g1	4.39E-06	49.3
BOX15_Mlig004814g1	6.77E-65	225
BOX15_Mlig020845g1	1.54E-121	394
BOX15_Mlig020704g1	3.26E-12	74.3
BOX15_Mlig008995g1	6.43E-06	53.1
BOX15_Mlig008995g3	2.55E-28	124
BOX15_Mlig006398g1	4.82E-08	61.6
BOX15_Mlig005119g9	3.37E-167	491
BOX15_Mlig011179g1	1.29E-32	123
BOX15_Mlig014979g1	2.90E-133	399
BOX15_Mlig025378g2	1.10E-25	116
BOX15_Mlig029354g1	5.16E-10	60.5
BOX15_Mlig005480g1	4.97E-41	149
SMEST000150001	2.29E-23	108
SMEST000209001	1.15E-15	74.3
SMEST000214001	4.95E-84	270
SMEST000638001	3.58E-24	110
SMEST002556001	3.90E-21	94
SMEST002905001	4.85E-145	429
SMEST004049001	5.79E-22	103
SMEST005358002	3.10E-119	363
SMEST006108001	9.20E-14	72.8
SMEST006412001	3.27E-51	188
SMEST006949001	1.95E-62	232
SMEST008589002	8.27E-161	474
SMEST008719001	6.42E-68	252
SMEST008993001	4.59E-72	236
SMEST009914001	3.06E-20	99.8
SMEST011523001	1.42E-09	65.1
SMEST011525001	7.60E-13	75.5
SMEST011827001	3.74E-148	437
SMEST012532004	2.47E-154	457
SMEST013072001	1.89E-12	74.3
SMEST013147002	2.23E-31	132
SMEST014741002	5.06E-153	452
SMEST015256002	7.30E-92	293
SMEST015383001	5.53E-146	433
SMEST016391001	2.70E-09	63.9
SMEST016405001	3.10E-67	223
SMEST016707001	3.84E-22	105
SMEST016710001	4.58E-21	101
SMEST016913001	1.70E-28	124
SMEST017657001	2.69E-10	67
SMEST017668001	2.00E-09	64.7
SMEST017678001	2.52E-10	67.4
SMEST018336002	3.69E-137	404
SMEST018611012	1.31E-50	197
SMEST018611013	5.66E-49	192
SMEST019202001	1.22E-14	80.9
SMEST019203001	9.84E-67	221
SMEST020604001	2.78E-11	70.5
SMEST020658005	1.31E-24	112
SMEST020665001	2.82E-159	464
SMEST020676001	7.46E-06	50.8
SMEST021568001	9.15E-125	379
SMEST021654001	8.24E-17	88.2
SMEST021796001	9.02E-126	374
SMEST022851001	6.12E-136	434
SMEST022994001	7.52E-14	79
SMEST022995001	2.36E-16	86.7
SMEST022997001	3.45E-15	82.8
SMEST022999001	3.57E-14	79.7
SMEST023242002	3.55E-92	295
SMEST023360001	9.18E-130	390
SMEST023742004	3.14E-39	158
SMEST023742006	7.08E-39	157
SMEST024217002	4.17E-119	357
SMEST024270001	2.43E-22	105
SMEST026005001	3.74E-162	473
SMEST027550001	1.06E-57	202
SMEST027888003	5.27E-09	63.5
SMEST028094001	5.39E-21	101
SMEST028455001	2.95E-169	495
SMEST028687001	1.98E-30	130
SMEST029017001	1.78E-17	89.4
SMEST029022001	6.25E-24	111
SMEST029213001	4.32E-157	464
SMEST031120001	3.43E-57	192
SMEST031120002	2.82E-67	222
SMEST031561004	3.36E-159	464
SMEST032616001	6.29E-11	69.3
SMEST032691001	1.49E-82	263
SMEST034894001	3.04E-18	92.4
SMEST034930001	1.82E-38	160
SMEST035185001	3.56E-25	113
SMEST037019002	8.83E-92	319
SMEST037124001	1.90E-79	256
SMEST037525001	4.66E-26	116
SMEST039581001	6.76E-28	122
SMEST039749001	9.03E-123	364
SMEST040082001	4.82E-120	370
SMEST040424001	2.15E-14	81.6
SMEST041696001	8.61E-70	230
SMEST041729001	3.78E-70	233
SMEST041740001	2.07E-72	234
SMEST041796001	1.35E-67	223
SMEST041818001	1.06E-68	228
SMEST041829001	6.84E-75	244
SMEST041885001	1.54E-81	261
SMEST041886001	1.34E-76	248
SMEST041912001	1.91E-71	236
SMEST041914002	6.41E-73	239
SMEST042830001	2.86E-06	54.7
SMEST043119001	1.22E-22	106
SMEST043379001	1.93E-17	90.9
SMEST043840001	1.06E-38	147
SMEST044381001	4.02E-34	140
SMEST045054001	2.92E-33	138
SMEST045131001	3.09E-23	108
SMEST045280001	5.69E-62	212
SMEST047329001	1.05E-19	97.8
SMEST047372002	2.64E-41	150
SMEST047472002	2.88E-54	179
SMEST047581001	7.18E-23	107
SMEST048391002	1.48E-132	409
SMEST048395001	1.36E-50	184
SMEST049231001	1.34E-07	60.1
SMEST049467001	4.64E-106	346
SMEST052669002	6.24E-37	142
SMEST053382001	1.25E-16	87.4
SMEST053390001	1.31E-21	102
SMEST053391001	1.78E-16	86.7
SMEST053446003	5.99E-72	246
SMEST053471001	2.81E-10	67
SMEST053477002	3.80E-52	183
SMEST055022002	2.68E-206	605
SMEST056126002	4.85E-26	117
SMEST056721001	4.98E-115	353
SMEST060702001	2.39E-21	102
SMEST061291002	1.60E-30	126
SMEST061291010	4.60E-36	142
SMEST061503001	1.98E-175	507
SMEST061905001	3.29E-79	255
SMEST061997002	6.12E-39	151
SMEST062815001	1.06E-23	109
SMEST064187001	1.80E-33	138
SMEST064433001	9.24E-74	241
SMEST064435001	7.88E-68	225
SMEST064442001	9.33E-75	243
SMEST064521001	2.28E-150	446
SMEST064655002	6.70E-36	139
SMEST064656003	4.44E-34	130
SMEST064696001	8.42E-28	122
SMEST065489002	9.76E-29	126
SMEST065907001	7.46E-30	131
SMEST066647002	1.47E-127	383
SMEST066647004	2.97E-129	383
SMEST068441001	9.20E-10	66.2
SMEST068777001	2.40E-137	410
SMEST069054001	2.50E-10	67.4
SMEST069074001	1.15E-12	74.7
SMEST069521001	7.41E-21	91.3
SMEST069526001	2.72E-08	55.8
SMEST069533002	9.60E-47	179
SMEST069544001	3.03E-19	89
SMEST069546001	5.25E-09	63.2
SMEST069611001	9.98E-32	133
SMEST069788001	1.16E-53	182
SMEST069967002	1.16E-137	412
SMEST071005001	3.57E-72	238
SMEST071641001	1.75E-127	385
SMEST071734001	6.21E-49	194
SMEST072389001	6.81E-35	142
SMEST072895001	7.26E-17	89.4
SMEST073148001	3.24E-07	57.8
SMEST073173009	6.21E-43	170
SMEST073183001	1.95E-36	143
SMEST073189006	1.08E-17	92
SMEST073204003	5.61E-20	92.8
SMEST073231003	2.23E-28	122
SMEST073267001	6.35E-12	72.4
SMEST073518001	9.10E-117	359
SMEST074769001	8.82E-17	87.4
SMEST075970001	1.03E-49	177
SMEST077022002	6.48E-04	47
SMEST077071002	4.56E-38	145
SMEST077704001	9.39E-78	251
SMEST078360001	2.43E-30	130
SMEST079502001	2.45E-13	77
SMEST079503001	4.99E-09	63.5
SMEST080345004	4.83E-11	66.2
SMEST080356001	4.78E-13	70.9
SMEST080367001	4.12E-39	158
SMEST080411004	7.32E-34	139
SMEST080891001	4.26E-66	210
SMEST080891003	1.34E-65	209
SMEST080892001	1.03E-17	87
SMEST081650001	8.65E-29	125
SMEST081715001	2.08E-25	114
SMEST081862001	5.78E-24	111
Gbulla1a000159T1	1.99E-16	87
Gbulla1a000252T1	1.00E-130	392
Gbulla1a000380T1	3.72E-44	168
Gbulla1a000897T1	9.93E-04	45.8
Gbulla1a001153T1	8.98E-109	343
Gbulla1a001266T1	5.51E-52	192
Gbulla1a001487T1	1.37E-24	112
Gbulla1a001833T1	2.33E-11	70.9
Gbulla1a001918T1	1.15E-111	340
Gbulla1a001972T1	3.68E-125	377
Gbulla1a002093T1	4.77E-89	284
Gbulla1a002102T1	2.88E-108	339
Gbulla1a002129T1	2.81E-88	284
Gbulla1a002141T2	1.06E-13	79.3
Gbulla1a002141T4	3.07E-19	97.4
Gbulla1a002145T3	6.33E-83	269
Gbulla1a002154T1	2.42E-113	347
Gbulla1a002248T2	1.27E-103	322
Gbulla1a002262T2	1.52E-52	183
Gbulla1a002262T4	6.81E-53	184
Gbulla1a002336T1	4.55E-55	191
Gbulla1a002360T1	2.23E-57	215
Gbulla1a002564T1	5.30E-93	295
Gbulla1a002566T1	6.44E-110	338
Gbulla1a002718T1	2.17E-19	97.4
Gbulla1a002744T1	2.89E-35	129
Gbulla1a002910T1	3.53E-07	57.4
Gbulla1a003271T6	1.16E-145	434
Gbulla1a003352T1	1.55E-86	278
Gbulla1a003715T1	8.27E-24	109
Gbulla1a003730T1	4.10E-22	104
Gbulla1a003745T2	2.25E-36	144
Gbulla1a003904T2	5.98E-123	374
Gbulla1a004179T2	6.77E-145	433
Gbulla1a004230T1	7.87E-122	367
Gbulla1a004557T1	2.78E-08	61.6
Gbulla1a004605T1	3.55E-23	107
Gbulla1a004720T1	2.87E-72	235
Gbulla1a005014T1	3.77E-44	155
Gbulla1a005228T1	5.48E-23	107
Gbulla1a005242T1	5.96E-62	220
Gbulla1a005242T2	4.70E-64	227
Gbulla1a005258T2	1.34E-67	242
Gbulla1a005288T1	1.01E-99	313
Gbulla1a005860T1	4.21E-13	74.7
Gbulla1a006073T1	5.59E-35	141
Gbulla1a006919T2	1.68E-155	456
Gbulla1a006945T1	1.22E-28	124
Gbulla1a006986T1	9.80E-96	302
Gbulla1a007298T1	2.46E-101	317
Gbulla1a007505T1	1.42E-70	234
Gbulla1a007594T1	1.07E-41	152
Gbulla1a007915T1	4.43E-05	50.1
Gbulla1a008310T1	1.30E-88	285
Gbulla1a008542T3	3.58E-160	472
Gbulla1a008550T1	1.64E-05	50.8
Gbulla1a008898T1	4.83E-08	55.8
Gbulla1a008900T1	9.10E-89	288
Gbulla1a008958T1	6.76E-05	50.1
Gbulla1a009062T1	1.62E-75	248
Gbulla1a009554T1	6.07E-90	300
Gbulla1a009599T1	6.35E-04	47.4
Gbulla1a009664T1	1.46E-119	372
Gbulla1a009686T3	5.44E-33	120
Gbulla1a009754T1	3.12E-78	252
Gbulla1a009763T1	6.56E-83	264
Gbulla1a009767T1	2.46E-16	84.7
Gbulla1a009838T1	1.66E-11	68.9
Gbulla1a009842T1	2.88E-11	67.8
Gbulla1a009849T1	1.05E-45	176
Gbulla1a010006T1	6.82E-99	311
Gbulla1a010332T1	1.61E-06	54.7
Gbulla1a010489T1	3.46E-76	248
Gbulla1a010498T1	8.81E-77	251
Gbulla1a010653T1	1.01E-34	138
Gbulla1a010749T2	1.17E-86	279
genemark-scf7180006947446-processed-gene-0.4-mRNA-1	1.36E-51	180
genemark-scf7180006947509-processed-gene-0.0-mRNA-1	4.63E-81	259
genemark-scf7180006947626-processed-gene-0.3-mRNA-1	1.47E-103	321
genemark-scf7180006948030-processed-gene-0.0-mRNA-1	1.00E-32	129
genemark-scf7180006949156-processed-gene-0.2-mRNA-1	1.19E-147	447
genemark-scf7180006949356-processed-gene-0.31-mRNA-1	9.76E-35	133
genemark-scf7180006949874-processed-gene-0.0-mRNA-1	1.15E-30	117
genemark-scf7180006950185-processed-gene-0.3-mRNA-1	3.83E-90	288
genemark-scf7180006950468-processed-gene-0.4-mRNA-1	3.51E-109	347
genemark-scf7180006950725-processed-gene-0.7-mRNA-1	1.48E-81	266
genemark-scf7180006950902-processed-gene-0.0-mRNA-1	1.29E-06	51.2
genemark-scf7180006951062-processed-gene-0.1-mRNA-1	7.40E-113	353
genemark-scf7180006951248-processed-gene-0.13-mRNA-1	1.47E-56	193
genemark-scf7180006951876-processed-gene-0.1-mRNA-1	3.29E-90	283
genemark-scf7180006952450-processed-gene-0.6-mRNA-1	2.04E-32	134
genemark-scf7180006952571-processed-gene-0.8-mRNA-1	7.06E-107	330
genemark-scf7180006952778-processed-gene-0.1-mRNA-1	4.79E-116	353
genemark-scf7180006953170-processed-gene-0.2-mRNA-1	7.10E-10	63.9
genemark-scf7180006953275-processed-gene-0.1-mRNA-1	2.49E-125	394
genemark-scf7180006953283-processed-gene-0.3-mRNA-1	1.49E-82	267
genemark-scf7180006953283-processed-gene-0.4-mRNA-1	1.00E-86	275
genemark-scf7180006953384-processed-gene-0.9-mRNA-1	3.41E-21	101
genemark-scf7180006953439-processed-gene-1.18-mRNA-1	4.71E-17	90.1
genemark-scf7180006953440-processed-gene-0.5-mRNA-1	3.13E-94	293
maker-scf7180006947379-snap-gene-0.52-mRNA-1	2.06E-84	277
maker-scf7180006947718-snap-gene-0.10-mRNA-1	8.91E-102	323
maker-scf7180006948385-snap-gene-0.22-mRNA-1	8.15E-157	478
maker-scf7180006950185-snap-gene-0.44-mRNA-1	5.12E-07	50.1
maker-scf7180006950185-snap-gene-0.45-mRNA-1	3.74E-107	342
maker-scf7180006950427-snap-gene-0.13-mRNA-1	1.87E-65	216
maker-scf7180006951118-snap-gene-0.8-mRNA-1	1.85E-14	80.5
maker-scf7180006951332-snap-gene-0.8-mRNA-1	2.17E-47	160
maker-scf7180006951430-snap-gene-0.16-mRNA-1	1.77E-80	264
maker-scf7180006952079-snap-gene-0.26-mRNA-1	1.27E-71	226
maker-scf7180006952566-snap-gene-0.22-mRNA-1	1.15E-54	189
maker-scf7180006952568-snap-gene-0.48-mRNA-1	1.69E-132	395
maker-scf7180006952601-snap-gene-0.38-mRNA-1	3.05E-83	271
maker-scf7180006952609-snap-gene-0.52-mRNA-1	5.10E-121	361
maker-scf7180006952735-snap-gene-0.73-mRNA-1	1.81E-90	286
maker-scf7180006952862-augustus-gene-0.7-mRNA-1	9.64E-65	206
maker-scf7180006952878-snap-gene-0.90-mRNA-1	6.03E-135	402
maker-scf7180006952878-snap-gene-0.91-mRNA-1	8.41E-134	400
maker-scf7180006952885-snap-gene-0.51-mRNA-1	1.44E-131	404
maker-scf7180006953028-snap-gene-0.159-mRNA-1	1.46E-119	360
maker-scf7180006953179-snap-gene-0.42-mRNA-1	3.80E-103	323
maker-scf7180006953212-snap-gene-0.34-mRNA-1	1.85E-117	370
maker-scf7180006953238-snap-gene-0.67-mRNA-1	3.47E-141	419
maker-scf7180006953355-snap-gene-0.59-mRNA-1	1.28E-18	94.4
maker-scf7180006953359-snap-gene-0.98-mRNA-1	1.39E-79	263
snap_masked-scf7180006947291-processed-gene-0.4-mRNA-1	3.73E-07	57
snap_masked-scf7180006947467-processed-gene-0.10-mRNA-1	1.13E-72	240
snap_masked-scf7180006947467-processed-gene-0.11-mRNA-1	2.81E-75	246
snap_masked-scf7180006947596-processed-gene-0.3-mRNA-1	1.02E-63	223
snap_masked-scf7180006947596-processed-gene-0.8-mRNA-1	3.96E-22	92.8
snap_masked-scf7180006947916-processed-gene-0.1-mRNA-1	3.28E-18	91.3
snap_masked-scf7180006948218-processed-gene-0.4-mRNA-1	3.26E-22	94.7
snap_masked-scf7180006948344-processed-gene-0.1-mRNA-1	4.05E-05	47.8
snap_masked-scf7180006948427-processed-gene-0.1-mRNA-1	2.72E-16	71.6
snap_masked-scf7180006948555-processed-gene-0.24-mRNA-1	3.85E-53	186
snap_masked-scf7180006948596-processed-gene-0.3-mRNA-1	9.18E-05	49.3
snap_masked-scf7180006948867-processed-gene-0.1-mRNA-1	9.83E-11	62.4
snap_masked-scf7180006949080-processed-gene-0.1-mRNA-1	1.63E-05	48.5
snap_masked-scf7180006949080-processed-gene-0.2-mRNA-1	4.43E-06	52.4
snap_masked-scf7180006949101-processed-gene-0.1-mRNA-1	3.11E-08	58.5
snap_masked-scf7180006949437-processed-gene-0.1-mRNA-1	7.02E-10	58.5
snap_masked-scf7180006950266-processed-gene-0.8-mRNA-1	4.31E-21	90.9
snap_masked-scf7180006950335-processed-gene-0.4-mRNA-1	9.79E-43	142
snap_masked-scf7180006950392-processed-gene-0.2-mRNA-1	9.27E-69	229
snap_masked-scf7180006950728-processed-gene-0.8-mRNA-1	6.34E-07	52.8
snap_masked-scf7180006950810-processed-gene-0.7-mRNA-1	1.58E-10	63.5
snap_masked-scf7180006951049-processed-gene-0.2-mRNA-1	9.39E-11	66.2
snap_masked-scf7180006951295-processed-gene-0.1-mRNA-1	2.24E-40	147
snap_masked-scf7180006951314-processed-gene-0.5-mRNA-1	7.77E-06	52.4
snap_masked-scf7180006951866-processed-gene-0.19-mRNA-1	7.11E-12	70.9
snap_masked-scf7180006952033-processed-gene-0.2-mRNA-1	4.61E-15	80.5
snap_masked-scf7180006952484-processed-gene-0.9-mRNA-1	1.70E-34	140
snap_masked-scf7180006952645-processed-gene-0.5-mRNA-1	1.85E-05	50.4
snap_masked-scf7180006952792-processed-gene-0.16-mRNA-1	2.19E-21	92.4
snap_masked-scf7180006952808-processed-gene-0.16-mRNA-1	9.79E-18	92.4
snap_masked-scf7180006953275-processed-gene-0.4-mRNA-1	3.75E-20	88.6
snap_masked-scf7180006953351-processed-gene-0.14-mRNA-1	2.48E-16	85.1
snap_masked-scf7180006953457-processed-gene-0.14-mRNA-1	1.32E-06	54.3
GW921790.1.p1	4.09E-55	184
GW922465.1.p1	1.06E-58	197
TRINITY_DN14495_c0_g1_i7.p1	8.99E-14	80.1
TRINITY_DN278_c0_g1_i12.p1	1.79E-21	101
TRINITY_DN583_c0_g1_i5.p1	1.57E-134	410
TRINITY_DN2169_c0_g2_i2.p1	7.46E-143	429
TRINITY_DN4712_c0_g1_i4.p1	3.47E-18	92.4
TRINITY_DN372_c0_g2_i12.p1	1.10E-146	436
TRINITY_DN261_c2_g1_i2.p1	4.39E-04	47.8
TRINITY_DN1783_c0_g2_i1.p1	2.01E-76	251
TRINITY_DN2544_c0_g1_i1.p1	2.79E-20	98.6
TRINITY_DN82683_c0_g3_i1.p1	5.69E-71	237
TRINITY_DN629_c2_g1_i1.p1	2.05E-135	405
TRINITY_DN2223_c0_g1_i2.p1	4.67E-135	404
TRINITY_DN1143_c0_g1_i13.p1	5.40E-111	342
TRINITY_DN3501_c1_g1_i5.p1	1.86E-56	200
TRINITY_DN2969_c0_g1_i4.p2	1.08E-176	524
TRINITY_DN2675_c0_g1_i3.p1	2.48E-73	243
TRINITY_DN1070_c2_g1_i1.p1	9.53E-68	226
TRINITY_DN4163_c0_g1_i4.p1	6.95E-115	350
TRINITY_DN182_c2_g1_i1.p2	8.39E-125	376
TRINITY_DN61669_c0_g1_i1.p1	3.75E-18	91.3
TRINITY_DN1875_c1_g1_i4.p1	4.77E-08	59.7
TRINITY_DN1871_c1_g1_i2.p1	2.53E-113	345
TRINITY_DN362_c0_g1_i10.p2	2.54E-13	75.9
TRINITY_DN1742_c0_g3_i1.p1	1.93E-05	51.2
TRINITY_DN806_c0_g1_i1.p2	4.86E-94	304
TRINITY_DN751_c1_g1_i1.p1	8.86E-88	272
TRINITY_DN669_c0_g1_i2.p1	5.67E-18	89.7
TRINITY_DN4729_c0_g1_i5.p1	2.52E-51	182
TRINITY_DN1396_c0_g1_i18.p1	4.56E-16	83.6
TRINITY_DN1954_c0_g1_i5.p1	1.23E-60	206
TRINITY_DN2691_c0_g2_i3.p1	1.47E-10	66.2
TRINITY_DN1153_c0_g3_i2.p1	3.22E-19	91.7
TRINITY_DN64951_c0_g1_i8.p1	1.99E-85	267
TRINITY_DN2102_c0_g1_i5.p2	2.34E-36	141
TRINITY_DN1976_c0_g1_i12.p5	4.08E-34	132
TRINITY_DN1703_c0_g1_i13.p2	2.91E-56	192
TRINITY_DN1153_c0_g1_i12.p2	1.44E-06	53.5
TRINITY_DN15235_c0_g1_i1.p1	4.07E-81	253
TRINITY_DN4638_c0_g1_i8.p2	2.99E-08	58.2
TRINITY_DN3433_c0_g1_i2.p3	7.52E-12	68.9
TRINITY_DN27939_c0_g5_i1.p1	8.23E-49	175
TRINITY_DN261_c0_g1_i15.p4	2.83E-40	146
TRINITY_DN27939_c0_g3_i1.p1	1.76E-39	149
TRINITY_DN379_c0_g1_i1.p2	1.14E-69	225
TRINITY_DN16160_c0_g1_i1.p1	9.90E-14	73.9
TRINITY_DN234_c2_g1_i1.p1	5.82E-10	62.8
TRINITY_DN51691_c0_g1_i3.p3	4.33E-43	153
TRINITY_DN5050_c0_g2_i1.p2	1.43E-22	99.4
TRINITY_DN660_c0_g1_i1.p1	1.57E-05	49.3
TRINITY_DN1049_c1_g1_i1.p1	6.49E-09	58.9
TRINITY_DN2512_c0_g2_i2.p3	6.14E-05	47
TRINITY_DN3616_c0_g4_i1.p2	3.90E-07	52.8
TRINITY_DN804_c0_g1_i2.p3	1.62E-04	44.7
TRINITY_DN83_c0_g2_i1.p3	1.49E-05	47.8
TRINITY_DN112_c1_g3_i4.p3	4.85E-05	45.8
TRINITY_DN28391_c0_g1_i1.p1	9.32E-34	125
TRINITY_DN125373_c0_g3_i2.p1	8.46E-05	45.1
TRINITY_DN83_c0_g1_i10.p11	2.52E-20	89.4
TRINITY_DN12455_c0_g1_i1.p6	6.11E-17	79.7
TRINITY_DN1622_c4_g1_i1.p3	7.88E-32	117
TRINITY_DN749_c0_g1_i11.p5	1.71E-16	77.4
TRINITY_DN7744_c0_g2_i2__g.23912	4.52E-111	358
TRINITY_DN13592_c0_g1_i1__g.60716	4.68E-17	89.4
TRINITY_DN5425_c0_g1_i1__g.40156	1.13E-17	91.7
TRINITY_DN4145_c0_g2_i1__g.10088	5.22E-17	89
TRINITY_DN14071_c0_g1_i1__g.60845	6.57E-26	116
TRINITY_DN716_c0_g1_i1__g.58183	6.92E-92	295
TRINITY_DN19966_c0_g1_i1__g.61958	1.02E-15	84.3
TRINITY_DN8792_c0_g1_i1__g.33803	5.55E-71	235
TRINITY_DN33888_c0_g1_i1__g.64743	1.83E-71	237
TRINITY_DN8938_c0_g4_i1__g.61008	6.74E-12	72
TRINITY_DN3243_c0_g1_i4__g.66303	6.34E-75	244
TRINITY_DN37218_c0_g1_i1__g.36314	5.25E-88	282
TRINITY_DN2960_c0_g1_i2__g.35977	2.88E-120	373
TRINITY_DN298_c0_g1_i1__g.23052	5.48E-06	52.8
TRINITY_DN3260_c0_g1_i1__g.66213	4.94E-106	323
TRINITY_DN1941_c0_g1_i3__g.19028	1.28E-86	286
TRINITY_DN126_c2_g1_i2__g.46942	1.41E-57	200
TRINITY_DN3723_c0_g1_i3__g.49168	1.33E-51	181
TRINITY_DN6760_c0_g1_i1__g.49574	9.81E-86	272
TRINITY_DN6232_c1_g2_i4__g.24725	5.49E-12	71.6
TRINITY_DN507_c0_g1_i2__g.63278	2.20E-69	229
TRINITY_DN5582_c1_g3_i5__g.69730	3.71E-38	146
TRINITY_DN8232_c0_g1_i2__g.56161	1.22E-39	150
TRINITY_DN4692_c0_g1_i2__g.70196	1.44E-54	191
TRINITY_DN8865_c0_g1_i1__g.36253	1.14E-38	148
TRINITY_DN6550_c0_g1_i1__g.55273	5.55E-21	98.2
TRINITY_DN3248_c1_g1_i2__g.66350	9.68E-109	328
TRINITY_DN4445_c0_g1_i1__g.12099	6.78E-04	45.8
TRINITY_DN5865_c0_g2_i1__g.60030	3.36E-04	46.6
TRINITY_DN2822_c0_g2_i8__g.54467	3.35E-76	239
TRINITY_DN13615_c0_g1_i1__g.43723	4.45E-35	135
TRINITY_DN5079_c0_g3_i1__g.56417	7.48E-72	233
TRINITY_DN3699_c1_g1_i1__g.53314	6.48E-07	54.7
TRINITY_DN8117_c0_g1_i1__g.66884	2.08E-50	181
TRINITY_DN1902_c0_g3_i3__g.19165	1.46E-24	100
TRINITY_DN1311_c0_g1_i1__g.7625	2.37E-45	160
TRINITY_DN8539_c0_g1_i1__g.69445	1.96E-45	165
TRINITY_DN303_c0_g2_i3__g.3180	4.27E-37	142
TRINITY_DN1911_c0_g2_i1__g.19186	1.18E-47	172
TRINITY_DN24093_c0_g1_i1__g.38691	1.19E-47	171
TRINITY_DN63_c0_g2_i1__g.14919	1.19E-47	171
TRINITY_DN22685_c0_g5_i1__g.67755	6.28E-49	174
TRINITY_DN18821_c0_g1_i2__g.55333	5.87E-09	60.5
TRINITY_DN49_c0_g3_i1__g.16714	1.11E-09	62.4
TRINITY_DN5676_c0_g1_i1__g.24440	3.80E-16	81.6
TRINITY_DN8855_c1_g1_i2__g.36190	1.37E-41	154
TRINITY_DN3902_c0_g2_i1__g.57064	2.67E-44	161
TRINITY_DN7939_c0_g1_i2__g.59595	1.73E-05	49.7
TRINITY_DN2792_c1_g2_i2__g.39260	1.50E-69	220
TRINITY_DN10154_c0_g1_i1__g.14041	2.21E-34	133
TRINITY_DN12228_c0_g1_i1__g.68744	1.35E-35	136
TRINITY_DN26577_c0_g1_i1__g.26673	1.43E-10	64.3
TRINITY_DN11631_c0_g3_i1__g.62207	1.17E-57	192
TRINITY_DN8117_c0_g2_i1__g.66885	1.71E-34	133
TRINITY_DN24524_c0_g1_i1__g.14079	3.76E-10	62.8
TRINITY_DN2802_c0_g1_i1__g.53889	3.13E-10	62.8
TRINITY_DN2337_c0_g3_i1__g.75067	3.80E-05	47.8
TRINITY_DN1265_c2_g1_i3__g.35425	6.55E-12	67
TRINITY_DN16889_c0_g2_i3__g.26277	1.10E-58	193
TRINITY_DN14288_c0_g2_i1__g.35492	8.20E-15	75.1
TRINITY_DN7998_c0_g1_i1__g.59641	1.69E-21	91.7
TRINITY_DN16498_c0_g1_i1__g.48816	1.17E-08	57
TRINITY_DN472_c0_g1_i1__g.31413	5.76E-15	72
TRINITY_DN23543_c0_g1_i1__g.48668	1.51E-05	47.8
TRINITY_DN8539_c0_g2_i1__g.69447	3.85E-15	75.1
TRINITY_DN22685_c0_g4_i1__g.67753	1.12E-15	75.9
TRINITY_DN14288_c0_g3_i1__g.35493	1.14E-34	126
TRINITY_DN18821_c0_g2_i1__g.55338	2.88E-11	63.5
TRINITY_DN37418_c0_g1_i1__g.62372	2.21E-30	118
TRINITY_DN3623_c0_g1_i1__g.53133	5.16E-23	90.1
TRINITY_DN32000_c0_g1_i1__g.37097	7.80E-04	42
TRINITY_DN665_c0_g1_i1__g.72320	3.24E-05	45.8
TRINITY_DN1426_c0_g1_i6__g.50543	6.42E-09	56.2
TRINITY_DN1733_c0_g2_i2__g.73152	9.63E-08	52.8
TRINITY_DN28700_c0_g1_i1__g.24501	7.17E-27	106
TRINITY_DN8415_c0_g3_i2__g.74673	4.15E-10	58.9
E_nip_trans_10209_m.65142	4.71E-74	250
E_nip_trans_20683_m.157969	1.02E-25	95.5
E_nip_trans_10270_m.65597	6.71E-12	73.6
E_nip_trans_35232_m.247532	7.81E-45	164
E_nip_trans_35676_m.249542	7.16E-26	118
E_nip_trans_10778_m.71231	3.51E-06	53.5
E_nip_trans_61825_m.386466	2.88E-04	45.4
E_nip_trans_42277_m.293819	5.51E-07	57.8
E_nip_trans_68515_m.438439	7.06E-04	45.1
PXEA_0000038301-mRNA-1	3.15E-07	56.2
PXEA_0000069901-mRNA-1	1.34E-09	63.2
PXEA_0000081701-mRNA-1	3.90E-07	48.9
PXEA_0000138301-mRNA-1	3.89E-20	87
PXEA_0000261701-mRNA-1	3.15E-09	59.3
PXEA_0000265301-mRNA-1	2.13E-05	51.2
PXEA_0000289501-mRNA-1	1.39E-07	57
PXEA_0000295501-mRNA-1	4.73E-06	48.5
PXEA_0000356301-mRNA-1	1.10E-25	115
PXEA_0000378801-mRNA-1	1.92E-11	70.9
PXEA_0000421301-mRNA-1	2.72E-10	60.8
PXEA_0000436301-mRNA-1	1.44E-09	58.5
PXEA_0000468501-mRNA-1	8.51E-39	139
PXEA_0000513501-mRNA-1	3.17E-08	58.9
PXEA_0000568401-mRNA-1	4.86E-13	65.9
PXEA_0000569701-mRNA-1	9.96E-09	54.7
PXEA_0000602101-mRNA-1	1.86E-89	278
PXEA_0000636701-mRNA-1	2.53E-09	58.9
PXEA_0000725601-mRNA-1	7.04E-30	111
PXEA_0000882501-mRNA-1	8.11E-13	66.2
PXEA_0000886401-mRNA-1	5.04E-27	112
PXEA_0000917101-mRNA-1	6.48E-16	73.9
PXEA_0000966001-mRNA-1	1.59E-09	56.2
PXEA_0001033301-mRNA-1	3.54E-10	64.7
PXEA_0001047801-mRNA-1	1.73E-24	102
PXEA_0001049501-mRNA-1	1.07E-15	75.9
PXEA_0001055801-mRNA-1	1.51E-25	99
PXEA_0001180301-mRNA-1	1.11E-28	106
PXEA_0001199101-mRNA-1	2.46E-30	116
PXEA_0001219301-mRNA-1	2.09E-32	128
PXEA_0001247501-mRNA-1	2.82E-19	84.7
PXEA_0001265801-mRNA-1	1.29E-37	132
PXEA_0001280601-mRNA-1	3.50E-61	197
PXEA_0001299301-mRNA-1	5.02E-09	61.2
PXEA_0001313801-mRNA-1	8.02E-51	174
PXEA_0001318101-mRNA-1	6.79E-25	114
PXEA_0001345701-mRNA-1	6.28E-05	45.4
PXEA_0001359201-mRNA-1	1.16E-10	60.5
PXEA_0001412801-mRNA-1	4.53E-13	66.2
PXEA_0001430001-mRNA-1	8.79E-06	52
PXEA_0001506701-mRNA-1	1.21E-20	90.1
PXEA_0001566501-mRNA-1	9.87E-16	73.6
PXEA_0001632701-mRNA-1	9.98E-05	49.7
PXEA_0001647501-mRNA-1	5.43E-04	43.5
PXEA_0001658801-mRNA-1	6.85E-26	103
PXEA_0001669901-mRNA-1	3.73E-31	122
PXEA_0001720801-mRNA-1	8.99E-21	87.4
PXEA_0001755601-mRNA-1	2.18E-19	97.1
PXEA_0001762501-mRNA-1	3.95E-06	52.8
PXEA_0001775901-mRNA-1	2.28E-47	174
PXEA_0001887801-mRNA-1	9.52E-06	47.8
PXEA_0001896901-mRNA-1	4.09E-07	50.4
PXEA_0002032001-mRNA-1	1.26E-07	58.9
PXEA_0002072001-mRNA-1	1.77E-23	92.8
PXEA_0002076901-mRNA-1	2.19E-34	126
PXEA_0002097601-mRNA-1	1.33E-15	84.7
PXEA_0002330101-mRNA-1	1.42E-12	68.9
PXEA_0002398301-mRNA-1	2.37E-08	51.2
PXEA_0002579201-mRNA-1	7.71E-10	57
PXEA_0002595701-mRNA-1	5.77E-21	88.6
PXEA_0002611401-mRNA-1	9.87E-64	224
PXEA_0002663301-mRNA-1	1.67E-127	377
PXEA_0002675601-mRNA-1	1.24E-15	80.1
PXEA_0002694601-mRNA-1	2.80E-04	44.3
PXEA_0002725201-mRNA-1	6.53E-08	53.1
PXEA_0002874301-mRNA-1	3.56E-105	319
PXEA_0002905301-mRNA-1	1.49E-11	62.8
PXEA_0002922301-mRNA-1	1.34E-21	90.9
PXEA_0003038301-mRNA-1	1.05E-06	54.3
PXEA_0003191101-mRNA-1	3.20E-10	66.2
PXEA_0003257001-mRNA-1	5.79E-13	76.3
PXEA_0003321101-mRNA-1	5.73E-23	93.6
PXEA_0003394901-mRNA-1	2.40E-69	234
PXEA_0003397201-mRNA-1	2.56E-28	116
PXEA_0003437101-mRNA-1	1.90E-76	248
PXEA_0003466801-mRNA-1	1.43E-04	45.8
PXEA_0003502701-mRNA-1	1.73E-41	141
PXEA_0003537501-mRNA-1	8.44E-28	101
PXEA_0003561701-mRNA-1	1.39E-53	187
PXEA_0003563801-mRNA-1	9.80E-09	57.4
PXEA_0003607801-mRNA-1	1.20E-07	55.8
PXEA_0003679701-mRNA-1	4.99E-08	58.5
PXEA_0003711701-mRNA-1	4.81E-11	60.5
PXEA_0003746701-mRNA-1	1.71E-30	110
augustus_masked-agouti_scaf_310-processed-gene-0.2-mRNA-1	2.14E-71	236
augustus_masked-jcf7180000219633-processed-gene-1.11-mRNA-1	3.53E-28	123
augustus_masked-jcf7180000225870-processed-gene-0.2-mRNA-1	2.70E-74	243
augustus_masked-jcf7180000276596-processed-gene-0.2-mRNA-1	1.29E-19	96.3
augustus_masked-jcf7180000277226-processed-gene-0.0-mRNA-1	4.21E-24	110
maker-agouti_scaf_1050-snap-gene-0.0-mRNA-1	1.66E-10	67
maker-agouti_scaf_1131-snap-gene-0.5-mRNA-1	5.11E-14	79.7
maker-agouti_scaf_322-snap-gene-0.1-mRNA-1	6.37E-112	350
maker-agouti_scaf_914-augustus-gene-0.19-mRNA-1	1.38E-151	463
maker-jcf7180000219501-snap-gene-0.13-mRNA-1	5.38E-138	414
maker-jcf7180000219633-snap-gene-0.1-mRNA-1	5.60E-09	61.6
maker-jcf7180000222797-augustus-gene-0.6-mRNA-1	2.36E-05	52.4
maker-jcf7180000224771-augustus-gene-0.10-mRNA-1	2.72E-17	90.1
maker-jcf7180000226722-augustus-gene-0.0-mRNA-1	1.37E-108	343
maker-jcf7180000227101-snap-gene-0.1-mRNA-1	9.03E-102	318
maker-jcf7180000231542-augustus-gene-0.1-mRNA-1	3.67E-21	97.4
maker-jcf7180000233711-snap-gene-0.1-mRNA-1	2.65E-24	106
maker-jcf7180000234692-augustus-gene-0.0-mRNA-1	1.62E-31	127
maker-jcf7180000257220-snap-gene-0.0-mRNA-1	2.75E-34	136
maker-jcf7180000275465-snap-gene-0.7-mRNA-1	1.11E-52	199
maker-jcf7180000277087-augustus-gene-0.6-mRNA-1	3.08E-11	72
snap_masked-jcf7180000224386-processed-gene-0.1-mRNA-1	7.02E-75	246
CSKR_100060-T1	4.26E-77	248
CSKR_100332-T1	3.39E-08	60.5
CSKR_100445-T1	2.73E-14	80.5
CSKR_100484-T1	1.74E-104	325
CSKR_100656-T1	2.75E-111	351
CSKR_100822-T1	4.45E-80	274
CSKR_102333-T1	2.90E-138	429
CSKR_104473-T1	3.29E-19	95.5
CSKR_105969-T1	8.51E-42	152
CSKR_105970-T1	1.21E-30	125
CSKR_106108-T1	1.25E-06	57.4
CSKR_106284-T1	1.03E-72	241
CSKR_107128-T1	8.32E-09	64.3
CSKR_108891-T1	4.33E-133	426
CSKR_109717-T1	1.29E-120	370
CSKR_109736-T1	1.94E-95	306
CSKR_109822-T1	4.15E-07	53.9
CSKR_109823-T1	3.77E-55	182
CSKR_109824-T1	6.96E-37	144
CSKR_110046-T1	3.26E-26	117
CSKR_110200-T1	5.66E-43	171
CSKR_110516-T1	1.48E-62	220
CSKR_110807-T1	2.54E-105	340
CSKR_110812-T1	1.15E-56	211
CSKR_110817-T1	2.65E-19	92.4
CSKR_111023-T1	4.58E-33	125
CSKR_111665-T1	2.82E-27	120
CSKR_111805-T1	9.38E-78	261
CSKR_112300-T1	1.42E-65	220
CSKR_112340-T1	3.05E-32	132
CSKR_112524-T1	4.86E-12	68.9
CSKR_112526-T1	1.07E-20	99.4
CSKR_112592-T1	9.19E-77	250
CSKR_112593-T1	1.05E-78	255
CSKR_113136-T1	2.75E-24	111
CSKR_113237-T1	1.21E-29	127
CSKR_113626-T1	8.83E-11	70.5
CSKR_113749-T1	3.35E-32	136
CSKR_114067-T1	1.90E-148	451
CSKR_202406-T1	8.20E-15	82
CSKR_202691-T1	2.33E-189	580
CSKR_202736-T1	4.23E-82	263
CSKR_202771-T1	1.64E-05	53.1
CSKR_202856-T1	2.38E-28	123
ECPE_0000041601-mRNA-1	1.63E-45	160
ECPE_0000045401-mRNA-1	6.26E-47	157
ECPE_0000053801-mRNA-1	1.81E-07	53.9
ECPE_0000113701-mRNA-1	7.85E-11	63.9
ECPE_0000207701-mRNA-1	3.65E-82	272
ECPE_0000208001-mRNA-1	2.49E-35	147
ECPE_0000209701-mRNA-1	1.94E-75	247
ECPE_0000222701-mRNA-1	1.75E-25	115
ECPE_0000233601-mRNA-1	1.56E-13	78.6
ECPE_0000233901-mRNA-1	7.42E-98	313
ECPE_0000235101-mRNA-1	5.16E-27	120
ECPE_0000237301-mRNA-1	2.28E-07	57.4
ECPE_0000239801-mRNA-1	5.91E-25	113
ECPE_0000244801-mRNA-1	1.07E-39	149
ECPE_0000244901-mRNA-1	1.02E-16	79.7
ECPE_0000249501-mRNA-1	8.29E-39	130
ECPE_0000249601-mRNA-1	2.03E-58	191
ECPE_0000265901-mRNA-1	3.48E-48	174
ECPE_0000279801-mRNA-1	2.52E-78	257
ECPE_0000295201-mRNA-1	5.61E-36	152
ECPE_0000299401-mRNA-1	1.48E-24	111
ECPE_0000303801-mRNA-1	1.46E-113	367
ECPE_0000312101-mRNA-1	2.21E-93	323
ECPE_0000322401-mRNA-1	2.09E-23	108
ECPE_0000326201-mRNA-1	1.56E-48	162
ECPE_0000331401-mRNA-1	2.77E-06	55.1
ECPE_0000426701-mRNA-1	1.01E-32	130
ECPE_0000472801-mRNA-1	2.49E-06	47.4
ECPE_0000473701-mRNA-1	5.55E-23	107
ECPE_0000473801-mRNA-1	4.96E-24	107
ECPE_0000475001-mRNA-1	9.82E-27	117
ECPE_0000480701-mRNA-1	1.63E-19	79
ECPE_0000480801-mRNA-1	8.50E-67	224
ECPE_0000521101-mRNA-1	9.07E-62	219
ECPE_0000557001-mRNA-1	2.11E-22	105
ECPE_0000592501-mRNA-1	3.09E-17	77.4
ECPE_0000672501-mRNA-1	1.52E-28	125
ECPE_0000689801-mRNA-1	2.76E-27	120
ECPE_0000758201-mRNA-1	1.91E-75	247
ECPE_0000779701-mRNA-1	2.51E-43	157
ECPE_0000788501-mRNA-1	3.70E-82	266
ECPE_0000789301-mRNA-1	3.66E-18	85.9
ECPE_0000806801-mRNA-1	6.25E-24	110
ECPE_0000831901-mRNA-1	5.32E-04	39.7
ECPE_0000868601-mRNA-1	1.07E-09	63.9
ECPE_0000874801-mRNA-1	5.32E-54	188
ECPE_0000909701-mRNA-1	1.35E-04	46.2
ECPE_0000919301-mRNA-1	1.99E-08	59.3
ECPE_0000923401-mRNA-1	9.97E-18	88.6
ECPE_0000935901-mRNA-1	4.80E-78	251
ECPE_0000963501-mRNA-1	7.17E-55	184
ECPE_0000967101-mRNA-1	7.92E-05	45.8
ECPE_0001051601-mRNA-1	5.82E-25	105
ECPE_0001139201-mRNA-1	3.19E-34	143
ECPE_0001252201-mRNA-1	1.39E-23	106
ECPE_0001357701-mRNA-1	2.62E-06	52.8
ECPE_0001366901-mRNA-1	8.16E-78	259
ECPE_0001422401-mRNA-1	1.93E-07	55.1
ECPE_0001457301-mRNA-1	4.14E-06	49.7
ECPE_0001473401-mRNA-1	1.33E-07	59.7
ECPE_0001593301-mRNA-1	1.91E-35	131
ECPE_0001722101-mRNA-1	2.72E-42	146
ECPE_0001740501-mRNA-1	2.34E-22	88.6
ECPE_0001753801-mRNA-1	1.59E-16	80.5
FGIG_01388	5.39E-11	70.1
FGIG_01541	1.49E-74	245
FGIG_02289	2.44E-35	144
FGIG_02589	6.56E-69	239
FGIG_02590	3.75E-78	256
FGIG_03054	3.06E-18	92.8
FGIG_03226	6.36E-147	434
FGIG_03227	3.28E-09	53.1
FGIG_03301	2.60E-116	359
FGIG_03463	1.52E-38	150
FGIG_03466	6.05E-18	89.4
FGIG_04082	4.29E-95	307
FGIG_04240	7.00E-98	310
FGIG_04241	9.27E-122	374
FGIG_04398	1.33E-42	169
FGIG_04701	3.25E-48	184
FGIG_04702	2.54E-84	295
FGIG_04818	2.52E-05	47.8
FGIG_05051	1.68E-11	68.6
FGIG_05068	5.80E-05	49.3
FGIG_05312	1.05E-09	62.4
FGIG_05554	1.65E-13	78.6
FGIG_05559	4.68E-51	165
FGIG_05560	2.65E-23	99.4
FGIG_05653	1.54E-05	53.9
FGIG_05892	1.74E-124	374
FGIG_06005	2.04E-27	121
FGIG_06053	2.28E-16	82
FGIG_06054	6.99E-11	69.3
FGIG_06186	2.11E-24	103
FGIG_06187	1.10E-14	78.2
FGIG_06644	1.82E-77	254
FGIG_06659	8.07E-49	191
FGIG_06661	4.00E-33	141
FGIG_06849	8.05E-21	92.8
FGIG_06850	3.51E-37	142
FGIG_07823	3.24E-164	502
FGIG_08212	2.70E-76	251
FGIG_08629	2.88E-94	286
FGIG_09057	9.04E-12	71.6
FGIG_09726	1.79E-24	112
FGIG_10124	2.03E-98	306
FGIG_10750	1.38E-23	108
FGIG_10773	1.92E-54	197
FGIG_10984	1.67E-21	93.6
FGIG_11629	1.51E-27	120
FGIG_12014	2.11E-12	74.3
augustus_masked-scaffold10x_598_pilon-processed-gene-1.200-mRNA-1	3.17E-07	55.8
maker-scaffold10x_100_pilon-snap-gene-0.1-mRNA-1	1.01E-31	134
maker-scaffold10x_1086_pilon-pred_gff_StringTie-gene-0.30-mRNA-1	2.70E-76	251
maker-scaffold10x_111_pilon-augustus-gene-0.6-mRNA-1	1.64E-95	308
maker-scaffold10x_111_pilon-snap-gene-0.71-mRNA-1	6.22E-124	380
maker-scaffold10x_1213_pilon-snap-gene-0.66-mRNA-1	3.04E-80	273
maker-scaffold10x_125_pilon-augustus-gene-0.74-mRNA-1	2.99E-10	67.8
maker-scaffold10x_1322_pilon-snap-gene-0.10-mRNA-1	9.46E-33	139
maker-scaffold10x_1326_pilon-snap-gene-0.57-mRNA-1	1.45E-09	65.9
maker-scaffold10x_1373_pilon-snap-gene-0.98-mRNA-1	6.54E-06	53.1
maker-scaffold10x_1420_pilon-snap-gene-0.54-mRNA-1	3.73E-99	320
maker-scaffold10x_1829_pilon-snap-gene-0.28-mRNA-1	3.15E-29	127
maker-scaffold10x_1972_pilon-snap-gene-0.29-mRNA-1	1.34E-97	314
maker-scaffold10x_1972_pilon-snap-gene-0.30-mRNA-1	4.04E-125	381
maker-scaffold10x_217_pilon-augustus-gene-1.19-mRNA-1	6.43E-06	55.1
maker-scaffold10x_240_pilon-snap-gene-0.20-mRNA-1	7.18E-45	176
maker-scaffold10x_24_pilon-augustus-gene-0.6-mRNA-1	2.02E-08	61.2
maker-scaffold10x_256_pilon-snap-gene-0.12-mRNA-1	1.23E-128	415
maker-scaffold10x_330_pilon-snap-gene-0.88-mRNA-1	2.89E-13	77.8
maker-scaffold10x_345_pilon-augustus-gene-0.44-mRNA-1	1.29E-169	498
maker-scaffold10x_370_pilon-snap-gene-0.41-mRNA-1	2.09E-08	63.2
maker-scaffold10x_492_pilon-augustus-gene-0.4-mRNA-1	9.93E-77	253
maker-scaffold10x_493_pilon-snap-gene-1.25-mRNA-1	5.82E-35	140
maker-scaffold10x_513_pilon-snap-gene-1.149-mRNA-1	1.26E-60	208
maker-scaffold10x_598_pilon-augustus-gene-1.139-mRNA-1	3.31E-36	144
maker-scaffold10x_602_pilon-pred_gff_StringTie-gene-0.15-mRNA-1	1.96E-28	124
maker-scaffold10x_609_pilon-snap-gene-0.7-mRNA-1	5.46E-27	115
maker-scaffold10x_637_pilon-augustus-gene-0.35-mRNA-1	1.37E-26	112
maker-scaffold10x_691_pilon-snap-gene-0.46-mRNA-1	2.02E-18	93.6
maker-scaffold10x_712_pilon-snap-gene-0.7-mRNA-1	1.32E-118	365
maker-scaffold10x_730_pilon-snap-gene-0.76-mRNA-1	1.61E-71	243
maker-scaffold10x_794_pilon-augustus-gene-0.64-mRNA-1	2.02E-106	321
maker-scaffold10x_894_pilon-augustus-gene-0.86-mRNA-1	6.97E-95	307
maker-scaffold10x_908_pilon-snap-gene-1.158-mRNA-1	5.17E-109	328
maker-scaffold10x_908_pilon-snap-gene-1.174-mRNA-1	3.85E-18	82.4
maker-scaffold10x_908_pilon-snap-gene-1.175-mRNA-1	1.92E-07	58.5
maker-scaffold10x_90_pilon-augustus-gene-0.113-mRNA-1	6.67E-27	117
maker-scaffold10x_90_pilon-snap-gene-0.102-mRNA-1	6.34E-20	94.7
maker-scaffold10x_90_pilon-snap-gene-0.98-mRNA-1	7.93E-85	290
maker-scaffold10x_925_pilon-snap-gene-0.5-mRNA-1	6.20E-35	145
snap_masked-scaffold10x_2623_pilon-processed-gene-0.3-mRNA-1	3.20E-24	111
snap_masked-scaffold10x_513_pilon-processed-gene-1.78-mRNA-1	2.56E-29	126
FBUS_00206	2.58E-11	67.4
FBUS_00288	8.86E-05	50.4
FBUS_00558	6.80E-139	421
FBUS_00785	3.00E-70	229
FBUS_00950	3.22E-34	141
FBUS_01426	5.24E-32	136
FBUS_01599	1.63E-28	121
FBUS_01600	4.10E-39	148
FBUS_01623	2.64E-94	304
FBUS_01874	8.41E-05	44.7
FBUS_02208	2.46E-20	99.4
FBUS_02209	6.98E-34	135
FBUS_02255	1.75E-25	115
FBUS_02328	1.31E-74	245
FBUS_02512	1.15E-17	91.3
FBUS_02513	1.62E-45	176
FBUS_02514	1.28E-83	282
FBUS_02528	2.07E-96	311
FBUS_02647	1.14E-31	134
FBUS_02767	1.30E-146	432
FBUS_02777	1.39E-115	363
FBUS_02809	1.73E-27	121
FBUS_03035	8.71E-147	442
FBUS_03615	9.31E-50	189
FBUS_03768	9.09E-24	107
FBUS_03795	3.00E-104	326
FBUS_03796	1.06E-95	307
FBUS_03872	3.76E-38	149
FBUS_04006	3.23E-129	416
FBUS_04043	1.14E-97	328
FBUS_04495	8.80E-102	326
FBUS_04736	5.07E-13	77
FBUS_05118	3.37E-31	135
FBUS_05120	1.93E-45	177
FBUS_05335	5.45E-34	137
FBUS_05372	1.72E-27	122
FBUS_05431	1.12E-22	89.4
FBUS_05551	8.99E-10	65.9
FBUS_05811	1.51E-07	58.2
FBUS_05912	1.25E-120	370
FBUS_06108	1.05E-75	249
FBUS_06320	8.30E-08	60.5
FBUS_06597	2.60E-30	129
FBUS_07000	2.87E-24	113
FBUS_07501	1.76E-23	108
FBUS_07927	4.08E-14	73.9
FBUS_08443	1.81E-41	158
FBUS_08796	2.25E-62	221
FBUS_09115	8.54E-79	258
FBUS_11148	1.59E-29	107
FBUS_11313	1.77E-76	250
FBUS_11854	1.70E-101	324
CRM22_000207	2.26E-39	152
CRM22_001344	1.57E-48	179
CRM22_001648	7.96E-133	423
CRM22_002079.1	2.78E-09	65.9
CRM22_002585	1.05E-78	255
CRM22_002586	1.29E-76	250
CRM22_002607	4.69E-82	271
CRM22_002701	1.05E-21	103
CRM22_002711.2	7.80E-141	433
CRM22_002781.1	7.78E-10	67.4
CRM22_002781.2	7.98E-10	67.4
CRM22_002991.2	1.25E-108	339
CRM22_003453	1.03E-72	241
CRM22_003618	4.03E-25	114
CRM22_003849	5.48E-81	276
CRM22_004075.2	8.41E-09	62.4
CRM22_004510.1	2.49E-44	161
CRM22_004510.2	2.44E-78	252
CRM22_004601	1.03E-67	226
CRM22_004828	1.84E-79	248
CRM22_004829	3.49E-52	181
CRM22_005099	3.45E-25	114
CRM22_005310.1	3.68E-111	351
CRM22_005430	2.38E-151	459
CRM22_006152.2	2.34E-34	139
CRM22_006179	1.64E-35	147
CRM22_006211.5	2.03E-124	381
CRM22_006310.1	8.93E-04	46.6
CRM22_006310.2	3.72E-05	52
CRM22_007018	4.78E-153	465
CRM22_007029	8.57E-26	116
CRM22_007218.1	6.53E-142	427
CRM22_007742	3.85E-18	80.1
CRM22_008616.1	1.64E-06	57
CRM22_009199	8.22E-76	253
CRM22_009406	5.84E-18	92.4
CRM22_009422.1	1.01E-29	128
CRM22_009721	9.38E-78	261
CRM22_010139	6.94E-29	125
CRM22_010246.1	4.38E-125	382
CRM22_010246.2	1.14E-127	388
CRM22_010247.2	3.53E-106	330
CRM22_010277.1	1.73E-95	306
CRM22_010535	1.51E-32	137
CRM22_010922	4.15E-06	45.8
CRM22_010924	3.25E-10	58.9
CRM22_011292	3.20E-19	95.9
T265_00747	2.18E-72	236
T265_01528	2.52E-24	111
T265_01690	7.80E-24	110
T265_02251	7.25E-12	72.8
T265_02533	2.34E-24	111
T265_02868	1.32E-07	58.5
T265_03214	7.78E-08	59.7
T265_03886	5.42E-76	253
T265_04919	2.26E-22	104
T265_04920	2.07E-12	72
T265_05648	3.62E-92	301
T265_05667	5.74E-126	385
T265_05735	2.62E-13	77.8
T265_06210	4.42E-87	281
T265_06211	2.50E-119	368
T265_06223	9.19E-77	250
T265_06225	7.73E-79	255
T265_06312	1.47E-04	49.7
T265_06813	4.39E-77	249
T265_07724	6.39E-48	178
T265_07728	7.45E-27	120
T265_08541	5.54E-68	226
T265_10270	1.61E-70	242
T265_10302	5.77E-22	104
T265_10352	2.82E-12	69.3
T265_10354	5.52E-09	61.2
T265_10438	6.52E-11	70.9
T265_12012	1.39E-20	91.3
T265_12626	4.04E-18	89.4
T265_12893	4.85E-23	99.4
T265_13009	2.10E-33	135
T265_13118	2.93E-79	264
T265_13190	8.37E-105	313
T265_13422	7.63E-138	415
T265_13679	1.54E-141	424
T265_13838	1.85E-95	305
T265_13973	4.99E-43	151
T265_14323	9.68E-29	124
T265_14364	2.24E-107	343
T265_14536	1.14E-19	94.7
T265_14724	4.89E-123	390
T265_15588	3.09E-111	351
T265_16029	3.29E-10	61.2
DEA37_0000062	3.16E-22	102
DEA37_0000235	7.25E-35	133
DEA37_0000857	1.06E-06	53.9
DEA37_0001308	1.06E-15	82
DEA37_0002114	1.24E-29	122
DEA37_0002115	1.27E-40	150
DEA37_0002367	6.39E-06	53.1
DEA37_0002622	1.19E-11	64.7
DEA37_0002623	4.89E-16	85.9
DEA37_0002624	3.15E-53	173
DEA37_0002704	1.62E-115	343
DEA37_0002706	1.92E-08	61.6
DEA37_0003890	3.08E-12	68.2
DEA37_0004462	1.47E-09	61.2
DEA37_0004464	1.08E-19	96.3
DEA37_0005114	1.12E-92	288
DEA37_0005115	1.07E-05	51.6
DEA37_0005117	7.05E-12	70.9
DEA37_0005192	3.25E-76	250
DEA37_0007079	4.91E-29	121
DEA37_0007182	3.74E-23	108
DEA37_0007262	5.53E-05	44.7
DEA37_0007322	1.39E-140	419
DEA37_0007576	1.01E-08	61.2
DEA37_0007907	6.25E-17	88.6
DEA37_0008185	6.18E-73	241
DEA37_0008606	2.74E-70	237
DEA37_0008608	4.04E-56	200
DEA37_0008611	1.85E-47	170
DEA37_0008752	1.88E-10	60.8
DEA37_0009235	1.26E-14	82
DEA37_0009266	2.02E-10	69.3
DEA37_0009581	1.66E-103	321
DEA37_0009670	9.48E-05	48.5
DEA37_0010008	1.35E-22	105
DEA37_0010181	9.25E-04	46.2
DEA37_0010404	7.14E-89	281
DEA37_0011209	1.22E-161	488
DEA37_0011560	1.28E-73	241
DEA37_0011576	3.13E-22	96.7
DEA37_0011578	5.77E-75	246
DEA37_0011753	3.97E-30	128
DEA37_0012378	6.56E-17	88.2
DEA37_0013022	1.32E-11	72.4
DEA37_0013057	1.81E-28	125
DEA37_0013087	4.99E-07	54.7
DEA37_0013337	3.91E-173	534
DEA37_0014214	1.18E-04	47.8
DEA37_0014300	9.82E-11	60.8
DEA37_0014301	6.28E-07	55.5
DEA37_0014302	1.34E-97	299
DEA37_0014955	1.10E-112	345
DEA37_0014957	2.52E-09	57.4
DC041_0000575	2.97E-39	153
DC041_0000656	1.67E-40	152
DC041_0000691	4.89E-18	90.9
DC041_0000760	3.77E-39	159
DC041_0001742	3.67E-15	80.5
DC041_0002539	1.19E-10	56.6
DC041_0002543	8.37E-29	104
DC041_0002544	4.34E-59	203
DC041_0003523	7.61E-75	246
DC041_0003524	5.47E-67	223
DC041_0003969	1.17E-11	70.5
DC041_0003983	1.94E-254	766
DC041_0004136	2.37E-30	130
DC041_0004563	2.41E-72	239
DC041_0004614	9.89E-24	99.4
DC041_0004624	2.37E-49	163
DC041_0004745	7.33E-93	305
DC041_0005042	4.39E-69	230
DC041_0005325	3.10E-70	249
DC041_0006296	3.64E-05	51.2
DC041_0006550	4.27E-19	95.5
DC041_0006773	3.65E-67	228
DC041_0006782	5.66E-116	358
DC041_0006783	2.09E-71	255
DC041_0006807	1.38E-21	95.1
DC041_0006865	2.58E-29	128
DC041_0006933	1.83E-08	60.8
DC041_0007292	2.03E-61	213
DC041_0007293	2.26E-69	239
DC041_0007369	1.76E-09	66.6
DC041_0008558	2.57E-10	63.9
DC041_0008559	1.75E-07	56.6
DC041_0008560	1.94E-07	55.1
DC041_0008876	1.82E-29	124
DC041_0009168	4.57E-17	86.3
DC041_0009852	5.42E-34	141
DC041_0010234	1.03E-08	57.4
DC041_0010235	2.83E-13	73.2
DC041_0010345	6.91E-84	280
DC041_0010377	3.99E-75	244
DC041_0010992	3.17E-126	406
DC041_0011588	3.03E-17	78.2
DC041_0011589	1.39E-04	48.5
DC041_0012271	7.38E-62	211
DC041_0012679	4.02E-93	306
SCUD_0000012601-mRNA-1	2.10E-75	255
SCUD_0000023701-mRNA-1	9.04E-65	209
SCUD_0000086901-mRNA-1	1.29E-08	60.8
SCUD_0000222601-mRNA-1	4.35E-19	95.5
SCUD_0000282801-mRNA-1	9.02E-07	49.3
SCUD_0000323701-mRNA-1	3.27E-25	108
SCUD_0000424801-mRNA-1	1.94E-28	115
SCUD_0000543201-mRNA-1	1.06E-14	71.2
SCUD_0000582601-mRNA-1	2.18E-28	110
SCUD_0000736701-mRNA-1	1.70E-86	285
SCUD_0000736801-mRNA-1	8.98E-60	208
SCUD_0000749401-mRNA-1	1.47E-08	53.9
SCUD_0000780101-mRNA-1	5.08E-10	60.5
SCUD_0000794301-mRNA-1	2.19E-86	276
SCUD_0000802801-mRNA-1	2.94E-40	163
SCUD_0000893501-mRNA-1	4.86E-09	60.8
SCUD_0000903301-mRNA-1	6.19E-138	404
SCUD_0000953601-mRNA-1	7.07E-17	87.8
SCUD_0001014901-mRNA-1	2.41E-72	239
SCUD_0001019001-mRNA-1	9.03E-73	245
SCUD_0001019201-mRNA-1	1.76E-75	247
SCUD_0001120301-mRNA-1	3.04E-45	172
SCUD_0001127201-mRNA-1	8.93E-15	79.3
SCUD_0001172501-mRNA-1	3.83E-07	56.6
SCUD_0001186701-mRNA-1	2.08E-04	44.3
SCUD_0001192101-mRNA-1	2.16E-07	52.8
SCUD_0001200101-mRNA-1	2.74E-09	60.5
SCUD_0001203201-mRNA-1	1.98E-35	138
SCUD_0001235401-mRNA-1	2.88E-30	127
SCUD_0001247001-mRNA-1	9.89E-06	50.4
SCUD_0001385201-mRNA-1	2.23E-81	264
SCUD_0001389301-mRNA-1	7.20E-41	153
SCUD_0001419901-mRNA-1	6.44E-30	129
SCUD_0001452501-mRNA-1	4.07E-54	191
SCUD_0001465501-mRNA-1	1.73E-23	96.3
SCUD_0001544601-mRNA-1	4.28E-19	90.1
SCUD_0001545501-mRNA-1	5.86E-17	85.9
SCUD_0001588201-mRNA-1	7.59E-04	44.7
SCUD_0001707701-mRNA-1	5.86E-22	100
SCUD_0001707801-mRNA-1	1.09E-45	164
SCUD_0001748501-mRNA-1	3.02E-57	189
SCUD_0001805601-mRNA-1	7.76E-13	73.9
SCUD_0001813101-mRNA-1	1.02E-19	87
SCUD_0001828501-mRNA-1	2.08E-75	244
SCUD_0001860701-mRNA-1	3.54E-62	201
SCUD_0001876601-mRNA-1	8.76E-36	135
SCUD_0001886901-mRNA-1	7.69E-05	48.5
SCUD_0001896101-mRNA-1	1.58E-18	89.4
SCUD_0002047801-mRNA-1	2.15E-32	135
SCUD_0002050201-mRNA-1	7.18E-46	166
SCUD_0002072201-mRNA-1	1.98E-53	171
SCUD_0002141701-mRNA-1	3.19E-18	87.8
SCUD_0002226601-mRNA-1	2.31E-86	281
SCUD_0002252401-mRNA-1	3.79E-21	83.2
SCUD_0002268201-mRNA-1	6.79E-32	115
MS3_0011647.1	3.99E-75	244
MS3_0011718.1	2.35E-11	72
MS3_0011794.1	7.10E-102	324
MS3_0011806.1	3.14E-17	88.6
MS3_0011807.1	6.89E-11	67.8
MS3_0012065.1	3.39E-72	239
MS3_0012268.1	2.38E-59	218
MS3_0013394.1	1.43E-45	179
MS3_0013845.1	1.40E-23	107
MS3_0014938.1	3.75E-34	141
MS3_0015225.1	1.56E-119	371
MS3_0015312.1	6.15E-111	352
MS3_0015347.1	6.22E-127	407
MS3_0015402.1	1.73E-30	130
MS3_0015499.1	5.81E-20	98.2
MS3_0015774.1	1.55E-29	128
MS3_0015857.1	1.67E-124	385
MS3_0016111.1	1.56E-156	491
MS3_0016276.1	3.24E-46	167
MS3_0016976.1	2.09E-112	349
MS3_0017353.1	2.22E-137	414
MS3_0017490.1	7.38E-62	211
MS3_0017600.1	5.36E-304	938
MS3_0018301.1	1.44E-49	189
MS3_0019175.1	7.33E-30	125
MS3_0019220.1	8.30E-07	56.2
MS3_0019327.1	2.47E-41	156
MS3_0019988.1	2.65E-65	214
MS3_0019989.1	5.20E-10	55.1
MS3_0020041.1	9.13E-16	84.3
MS3_0020253.1	1.59E-05	53.5
MS3_0020326.1	3.82E-75	246
MS3_0020329.1	4.72E-17	87.8
MS3_0020669.1	1.60E-88	277
MS3_0020670.1	1.39E-04	48.5
MS3_0020873.1	1.29E-19	97.1
EWB00_000689	5.78E-147	449
EWB00_000903	8.90E-43	170
EWB00_000959	3.40E-35	135
EWB00_000994	2.26E-90	282
EWB00_001287	9.14E-72	238
EWB00_001803	4.38E-136	404
EWB00_001959.1	9.26E-74	251
EWB00_002033	1.24E-04	46.2
EWB00_002747	2.35E-25	112
EWB00_002806	1.85E-37	150
EWB00_003130	5.57E-126	384
EWB00_003131	1.96E-131	398
EWB00_003132	1.66E-100	316
EWB00_004230	6.95E-24	109
EWB00_004630	3.58E-119	361
EWB00_005092	2.28E-103	314
EWB00_005770	1.73E-35	148
EWB00_006004	5.25E-31	131
EWB00_006065	2.34E-127	399
EWB00_006254	1.68E-29	127
EWB00_006346.1	7.06E-28	118
EWB00_006495	1.42E-108	345
EWB00_006661	4.97E-101	322
EWB00_006662.1	8.75E-83	271
EWB00_006662.2	1.37E-119	369
EWB00_007183.2	8.97E-13	77.4
EWB00_007595	7.60E-24	99.4
EWB00_007597	5.09E-68	229
EWB00_008387	1.15E-89	292
EWB00_008559	6.22E-19	95.1
EWB00_008662.3	6.64E-35	144
EWB00_008689	3.25E-05	50.8
EWB00_008986	3.63E-76	246
EWB00_009408	7.67E-180	561
EWB00_009623	9.41E-70	243
EWB00_010225	3.23E-78	253
EWB00_010226	2.24E-74	245
EWB00_011150	1.28E-28	125
Smp_012000.1	9.15E-35	144
Smp_015630.1	1.03E-72	241
Smp_031680.1	8.46E-118	365
Smp_037960.1	3.88E-130	394
Smp_052630.1	5.35E-19	95.1
Smp_056990.1	8.96E-04	46.6
Smp_083980.1	2.61E-28	124
Smp_093210.1	1.26E-29	127
Smp_096480.1	3.99E-75	244
Smp_104890.1	4.28E-73	244
Smp_135040.1	2.13E-131	414
Smp_139330.1	2.64E-98	316
Smp_140920.2	3.89E-127	412
Smp_141570.1	1.70E-61	208
Smp_142700.2	3.29E-124	379
Smp_144110.1	1.01E-35	146
Smp_157790.1	1.24E-146	441
Smp_162680.1	2.53E-28	125
Smp_170810.1	4.43E-28	123
Smp_176310.1	2.81E-112	349
Smp_180570.1	9.92E-97	312
Smp_246130.1	1.06E-150	440
Smp_305740.1	2.14E-118	359
Smp_306240.2	2.50E-103	323
Smp_321840.1	1.05E-29	122
Smp_322850.1	6.16E-39	158
Smp_332020.1	4.36E-94	306
Smp_333670.1	2.73E-36	150
Smp_334250.3	1.25E-10	70.5
Smp_334630.1	3.26E-68	235
Smp_334730.1	3.53E-73	249
Smp_336620.1	1.09E-140	425
Smp_337330.1	3.58E-27	116
Smp_342000.1	6.74E-21	101
Smp_346800.1	7.17E-08	59.7
Smp_347630.1	2.90E-71	253
SMRZ_0000025001-mRNA-1	7.95E-127	391
SMRZ_0000117401-mRNA-1	8.71E-07	55.5
SMRZ_0000153001-mRNA-1	8.04E-10	62.4
SMRZ_0000161101-mRNA-1	1.27E-127	378
SMRZ_0000234201-mRNA-1	4.80E-13	73.2
SMRZ_0000278401-mRNA-1	1.58E-08	60.1
SMRZ_0000303201-mRNA-1	5.51E-15	80.5
SMRZ_0000310901-mRNA-1	6.44E-63	214
SMRZ_0000365101-mRNA-1	5.25E-76	245
SMRZ_0000365401-mRNA-1	5.13E-73	246
SMRZ_0000399701-mRNA-1	4.01E-20	88.2
SMRZ_0000399801-mRNA-1	1.67E-99	332
SMRZ_0000428401-mRNA-1	3.99E-75	244
SMRZ_0000429601-mRNA-1	1.03E-78	247
SMRZ_0000436801-mRNA-1	1.45E-04	48.5
SMRZ_0000470101-mRNA-1	6.74E-11	67.4
SMRZ_0000480001-mRNA-1	4.22E-04	45.4
SMRZ_0000511701-mRNA-1	5.60E-28	115
SMRZ_0000642801-mRNA-1	1.44E-30	112
SMRZ_0000682301-mRNA-1	1.83E-82	258
SMRZ_0000755801-mRNA-1	2.79E-08	56.6
SMRZ_0000801101-mRNA-1	1.57E-22	94.7
SMRZ_0000818001-mRNA-1	1.27E-157	484
SMRZ_0000878401-mRNA-1	2.69E-30	130
SMRZ_0000895301-mRNA-1	8.18E-05	46.2
SMRZ_0000960301-mRNA-1	2.41E-40	149
SMRZ_0000971901-mRNA-1	1.94E-08	59.7
SMRZ_0000972101-mRNA-1	6.41E-48	155
SMRZ_0000981701-mRNA-1	1.76E-47	174
SMRZ_0001033201-mRNA-1	2.78E-05	47.8
SMRZ_0001083901-mRNA-1	4.90E-04	44.3
SMRZ_0001099201-mRNA-1	5.08E-10	60.5
SMRZ_0001156601-mRNA-1	5.80E-17	87.4
SMRZ_0001172101-mRNA-1	4.57E-45	147
SMRZ_0001205901-mRNA-1	5.67E-25	108
SMRZ_0001226201-mRNA-1	2.42E-38	141
SMRZ_0001230001-mRNA-1	2.15E-10	66.2
SMRZ_0001280501-mRNA-1	2.29E-72	239
SMRZ_0001309301-mRNA-1	1.06E-61	206
SMRZ_0001322801-mRNA-1	6.25E-10	59.7
SMRZ_0001344001-mRNA-1	6.74E-34	127
SMRZ_0001555601-mRNA-1	6.70E-41	160
SMRZ_0001596201-mRNA-1	1.47E-73	249
SMRZ_0001596301-mRNA-1	6.13E-116	360
SMRZ_0001619401-mRNA-1	3.31E-07	56.6
SMRZ_0001647201-mRNA-1	2.25E-120	368
SMRZ_0001690901-mRNA-1	1.42E-09	60.8
SMRZ_0001709001-mRNA-1	7.89E-21	91.7
SMRZ_0001753301-mRNA-1	1.86E-08	59.3
SMRZ_0001845001-mRNA-1	5.36E-34	141
SMRZ_0002038901-mRNA-1	8.12E-57	199
SMRZ_0002043301-mRNA-1	8.68E-68	233
SMRZ_0002117001-mRNA-1	3.01E-08	56.6
SMRZ_0002311001-mRNA-1	3.14E-21	90.1
SMRZ_0002319201-mRNA-1	7.18E-31	128
SMRZ_0002392101-mRNA-1	3.45E-118	373
SMRZ_0002534601-mRNA-1	8.32E-61	197
SMTD_0000000101-mRNA-1	1.27E-45	179
SMTD_0000013601-mRNA-1	1.11E-21	94
SMTD_0000026501-mRNA-1	1.16E-34	143
SMTD_0000143801-mRNA-1	4.57E-30	112
SMTD_0000341601-mRNA-1	1.79E-08	59.7
SMTD_0000392501-mRNA-1	2.30E-09	61.6
SMTD_0000543301-mRNA-1	2.16E-127	379
SMTD_0000579401-mRNA-1	8.87E-09	60.8
SMTD_0000613001-mRNA-1	2.37E-30	130
SMTD_0000635201-mRNA-1	7.41E-20	85.9
SMTD_0000664601-mRNA-1	1.37E-21	90.5
SMTD_0000665301-mRNA-1	4.47E-96	288
SMTD_0000685401-mRNA-1	3.26E-79	261
SMTD_0000692601-mRNA-1	5.89E-30	129
SMTD_0000721401-mRNA-1	6.44E-19	90.9
SMTD_0000721501-mRNA-1	2.68E-62	213
SMTD_0000735101-mRNA-1	5.00E-119	372
SMTD_0000756901-mRNA-1	2.18E-85	267
SMTD_0000802401-mRNA-1	3.99E-75	244
SMTD_0000824901-mRNA-1	2.29E-72	239
SMTD_0000850001-mRNA-1	9.85E-10	61.2
SMTD_0000893901-mRNA-1	1.51E-17	90.9
SMTD_0000924401-mRNA-1	3.45E-115	346
SMTD_0000927101-mRNA-1	9.57E-11	67
SMTD_0000927201-mRNA-1	3.18E-07	56.6
SMTD_0000952701-mRNA-1	4.90E-49	162
SMTD_0001012701-mRNA-1	7.97E-62	199
SMTD_0001031001-mRNA-1	1.88E-102	310
SMTD_0001056601-mRNA-1	1.74E-53	180
SMTD_0001147301-mRNA-1	5.66E-59	185
SMTD_0001220101-mRNA-1	7.46E-18	91.3
SMTD_0001280301-mRNA-1	1.27E-20	96.3
SMTD_0001360501-mRNA-1	1.88E-40	149
SMTD_0001424401-mRNA-1	3.24E-09	60.1
SMTD_0001451801-mRNA-1	1.56E-06	53.9
SMTD_0001453601-mRNA-1	9.41E-37	139
SMTD_0001470301-mRNA-1	1.09E-85	270
SMTD_0001495401-mRNA-1	3.72E-10	60.5
SMTD_0001539301-mRNA-1	8.56E-11	61.2
SMTD_0001618901-mRNA-1	1.32E-09	59.7
SMTD_0001626701-mRNA-1	1.67E-07	54.3
SMTD_0001631401-mRNA-1	4.19E-05	45.1
SMTD_0001716501-mRNA-1	5.50E-18	80.1
SMTD_0001741301-mRNA-1	1.17E-78	259
SMTD_0001783501-mRNA-1	1.28E-32	128
SMTD_0001795301-mRNA-1	3.44E-06	48.1
SMTD_0001809201-mRNA-1	2.78E-09	62.4
SMTD_0001852201-mRNA-1	2.00E-04	46.2
SMTD_0001881401-mRNA-1	8.20E-75	245
SMTD_0001892701-mRNA-1	5.86E-17	85.9
SMTD_0001912001-mRNA-1	3.22E-55	191
SMTD_0001919101-mRNA-1	2.32E-60	204
SMTD_0002063701-mRNA-1	1.88E-06	50.4
SMTD_0002066001-mRNA-1	1.38E-13	73.6
SMTD_0002132901-mRNA-1	2.25E-10	60.1
SMTD_0002141001-mRNA-1	4.28E-10	59.7
SMTD_0002152601-mRNA-1	1.57E-37	127
SMTD_0002196501-mRNA-1	5.03E-12	64.7
SMTD_0002244101-mRNA-1	6.24E-05	42
SMTD_0002250801-mRNA-1	1.67E-09	61.2
SROB_0000129601-mRNA-1	1.76E-05	52
SROB_0000129901-mRNA-1	6.78E-107	337
SROB_0000150001-mRNA-1	9.12E-24	110
SROB_0000164601-mRNA-1	7.54E-40	133
SROB_0000164701-mRNA-1	2.04E-59	186
SROB_0000164801-mRNA-1	5.22E-09	52.4
SROB_0000190501-mRNA-1	2.72E-109	349
SROB_0000267301-mRNA-1	1.48E-68	233
SROB_0000290801-mRNA-1	2.78E-102	316
SROB_0000295301-mRNA-1	3.22E-36	147
SROB_0000299301-mRNA-1	1.21E-12	69.3
SROB_0000299601-mRNA-1	1.04E-18	94.4
SROB_0000324201-mRNA-1	3.57E-05	48.1
SROB_0000338801-mRNA-1	9.13E-73	240
SROB_0000339901-mRNA-1	4.98E-13	70.1
SROB_0000398301-mRNA-1	3.93E-56	184
SROB_0000398401-mRNA-1	1.26E-77	255
SROB_0000412601-mRNA-1	1.99E-71	233
SROB_0000431101-mRNA-1	9.78E-09	61.6
SROB_0000464001-mRNA-1	6.24E-56	184
SROB_0000475501-mRNA-1	1.48E-74	242
SROB_0000479401-mRNA-1	1.06E-20	91.7
SROB_0000531601-mRNA-1	2.39E-21	101
SROB_0000558601-mRNA-1	3.43E-10	61.6
SROB_0000643001-mRNA-1	6.05E-17	85.1
SROB_0000793401-mRNA-1	3.72E-08	59.3
SROB_0000804701-mRNA-1	1.49E-20	91.7
SROB_0000862401-mRNA-1	2.76E-99	330
SROB_0000876901-mRNA-1	3.19E-06	48.9
SROB_0000879301-mRNA-1	3.17E-28	124
SROB_0001021401-mRNA-1	1.66E-21	97.1
SROB_0001075401-mRNA-1	9.84E-19	85.5
SROB_0001192901-mRNA-1	1.93E-22	94.7
SROB_0001219001-mRNA-1	8.40E-55	186
SROB_0001268001-mRNA-1	1.17E-04	47
SROB_0001329601-mRNA-1	6.65E-29	119
SROB_0001442101-mRNA-1	3.02E-09	61.6
SROB_0001563001-mRNA-1	1.33E-17	90.9
SROB_0001568101-mRNA-1	5.86E-06	50.4
SROB_0001609501-mRNA-1	4.72E-17	84.3
SROB_0001619801-mRNA-1	5.67E-17	85.9
SROB_0001651301-mRNA-1	4.64E-24	108
SROB_0001673601-mRNA-1	8.75E-45	164
SROB_0001678201-mRNA-1	2.54E-16	77.8
SROB_0001693301-mRNA-1	5.51E-15	75.9
SROB_0001712101-mRNA-1	1.05E-26	107
SROB_0001878301-mRNA-1	1.19E-59	199
SROB_0001933801-mRNA-1	2.88E-17	84
SROB_0001946801-mRNA-1	2.18E-06	48.1
SROB_0001967201-mRNA-1	3.20E-10	59.7
SROB_0001967801-mRNA-1	2.07E-10	63.9
SROB_0002045101-mRNA-1	4.75E-33	125
SROB_0002081001-mRNA-1	1.41E-31	119
SROB_0002100601-mRNA-1	1.24E-12	73.2
SROB_0002118801-mRNA-1	1.69E-16	77.8
SROB_0002169401-mRNA-1	2.17E-52	182
SROB_0002238801-mRNA-1	6.86E-39	131
SROB_0002314101-mRNA-1	4.66E-07	56.2
TRE_0000090401-mRNA-1	2.60E-13	70.1
TRE_0000139301-mRNA-1	5.47E-46	154
TRE_0000140201-mRNA-1	2.67E-57	196
TRE_0000142601-mRNA-1	2.89E-17	82.4
TRE_0000142701-mRNA-1	6.75E-10	60.5
TRE_0000182201-mRNA-1	6.41E-31	127
TRE_0000182301-mRNA-1	7.04E-34	138
TRE_0000200301-mRNA-1	2.24E-16	84
TRE_0000212001-mRNA-1	1.62E-20	100
TRE_0000219801-mRNA-1	1.51E-17	90.1
TRE_0000220001-mRNA-1	8.62E-10	66.6
TRE_0000238901-mRNA-1	9.90E-10	66.2
TRE_0000243001-mRNA-1	1.05E-06	53.5
TRE_0000253501-mRNA-1	2.90E-07	57
TRE_0000295201-mRNA-1	2.41E-04	47
TRE_0000297801-mRNA-1	8.34E-31	127
TRE_0000346101-mRNA-1	1.83E-05	46.6
TRE_0000417301-mRNA-1	7.01E-11	65.5
TRE_0000422201-mRNA-1	6.69E-26	109
TRE_0000479301-mRNA-1	1.04E-18	94
TRE_0000520601-mRNA-1	5.40E-05	49.3
TRE_0000545801-mRNA-1	6.24E-38	135
TRE_0000571901-mRNA-1	9.21E-11	60.5
TRE_0000609201-mRNA-1	1.32E-86	283
TRE_0000617401-mRNA-1	1.35E-75	249
TRE_0000638701-mRNA-1	2.39E-37	147
TRE_0000653701-mRNA-1	9.00E-40	148
TRE_0000658101-mRNA-1	1.94E-43	154
TRE_0000658901-mRNA-1	6.51E-75	244
TRE_0000675701-mRNA-1	4.64E-42	149
TRE_0000759201-mRNA-1	2.12E-27	100
TRE_0000776301-mRNA-1	9.64E-08	54.3
TRE_0000790101-mRNA-1	8.40E-05	45.4
TRE_0000795501-mRNA-1	1.33E-26	107
TRE_0000939101-mRNA-1	2.16E-06	48.5
TRE_0000998601-mRNA-1	4.77E-12	68.6
TRE_0001015201-mRNA-1	1.98E-62	202
TRE_0001068001-mRNA-1	1.82E-91	278
TRE_0001098801-mRNA-1	7.24E-04	43.1
TRE_0001112801-mRNA-1	4.82E-06	47
TRE_0001124001-mRNA-1	2.25E-18	86.7
TRE_0001128701-mRNA-1	2.74E-09	53.5
TRE_0001160901-mRNA-1	1.96E-05	50.4
TRE_0001161001-mRNA-1	1.54E-04	46.2
TRE_0001199001-mRNA-1	1.12E-07	56.6
TRE_0001211501-mRNA-1	4.05E-05	49.3
TRE_0001270301-mRNA-1	1.28E-07	57.8
TRE_0001375701-mRNA-1	5.74E-07	52.4
TRE_0001437201-mRNA-1	6.36E-11	67.4
TRE_0001473501-mRNA-1	2.58E-38	143
TRE_0001491201-mRNA-1	2.16E-77	249
TRE_0001556301-mRNA-1	1.46E-27	122
TRE_0001627601-mRNA-1	1.60E-10	60.5
TRE_0001631101-mRNA-1	5.45E-23	97.1
TRE_0001659501-mRNA-1	3.52E-19	89.4
TRE_0001762501-mRNA-1	1.14E-20	100
TRE_0001801601-mRNA-1	1.33E-05	45.8
TRE_0001919201-mRNA-1	2.16E-14	68.6
TRE_0002044501-mRNA-1	1.43E-21	89.7
TRE_0002076201-mRNA-1	1.20E-10	60.8
TRE_0002186001-mRNA-1	4.14E-28	109
TRE_0002196801-mRNA-1	7.29E-13	70.9
DILT_0000031701-mRNA-1	6.66E-98	301
DILT_0000361801-mRNA-1	6.70E-80	256
DILT_0001059501-mRNA-1	9.52E-67	227
DILT_0001223101-mRNA-1	3.11E-44	155
DILT_0001318901-mRNA-1	6.66E-54	181
DILT_0001527901-mRNA-1	2.78E-37	132
DILT_0001682601-mRNA-1	1.22E-73	236
maker-E.canG7_contigs_7107-pred_gff_cdna2genome-gene-1.212-mRNA-1	4.07E-93	291
maker-E.canG7_contigs_6006-pred_gff_blastx-gene-0.237-mRNA-1	7.93E-116	348
maker-E.canG7_contigs_3694-snap-gene-0.34-mRNA-1	4.66E-63	217
EgrG_000839300	1.02E-114	346
EgrG_000977600	6.41E-92	288
EgrG_000815100	3.05E-55	195
EmuJ_000815100.1	5.77E-56	197
EmuJ_000839300.1	1.46E-115	348
EmuJ_000977600.1	2.04E-93	292
Eoli_000815100.t1	9.92E-27	108
Eoli_000839300.t1	2.50E-74	236
TTAC_0000226701-mRNA-1	1.99E-87	274
TTAC_0000497301-mRNA-1	3.33E-109	329
TTAC_0000792501-mRNA-1	2.66E-59	206
HDID_0000072701-mRNA-1	4.89E-61	212
HDID_0000268001-mRNA-1	6.36E-123	367
HDID_0000996001-mRNA-1	5.26E-89	278
HDID_0000996101-mRNA-1	2.77E-47	167
HmN_000557000	2.14E-109	331
HmN_000740800	8.62E-83	265
HmN_000691000	2.66E-59	207
HmN_000740700	1.40E-77	248
HNAJ_0000119501-mRNA-1	1.82E-67	219
HNAJ_0000119601-mRNA-1	6.39E-31	119
HNAJ_0000202101-mRNA-1	8.62E-60	209
HNAJ_0000326401-mRNA-1	3.80E-121	363
MCU_003006-RA	3.19E-90	283
MCU_003006-RC	1.62E-89	278
MCU_008505-RA	4.09E-103	314
MCU_012573-RA	7.74E-10	62
SSLN_0000484301-mRNA-1	5.32E-65	223
SSLN_0000619801-mRNA-1	2.82E-48	167
SSLN_0000779301-mRNA-1	9.89E-95	294
SSLN_0001283501-mRNA-1	5.63E-87	273
SSLN_0001387701-mRNA-1	1.56E-102	317
SPER_0000896401-mRNA-1	2.12E-85	266
SPER_0001011701-mRNA-1	2.21E-77	246
SPER_0001303601-mRNA-1	7.71E-09	55.5
SPER_0002358801-mRNA-1	1.58E-09	56.2
SPER_0002358901-mRNA-1	1.37E-44	156
SPER_0003031501-mRNA-1	1.56E-66	224
SPER_0003470201-mRNA-1	2.44E-51	169
TASK_0000043501-mRNA-1	7.63E-63	215
TASK_0000517901-mRNA-1	4.10E-116	349
TASK_0000674001-mRNA-1	1.76E-86	272
Tm1G005475	4.20E-85	269
TSAs00008g02169m00001	4.10E-116	349
TSAs00065g07290m00001	2.74E-93	290
TSAs00180g09711m00001	7.63E-63	215
TsM_000577800	4.10E-116	349
TsM_000842800	8.75E-13	67.4
TsM_001187100	5.17E-64	218
TsM_000842900	4.67E-62	206
comp121836_c2_seq1.p1	4.42E-76	241
comp125061_c0_seq1.p1	2.86E-33	123
comp125061_c1_seq1.p1	1.74E-27	106
comp125061_c2_seq1.p1	1.94E-34	125
comp129721_c0_seq1.p1	3.05E-119	358
comp133517_c0_seq10.p1	2.61E-134	394
comp133517_c0_seq12.p1	5.86E-87	270
comp133517_c0_seq6.p1	8.08E-139	408
comp133517_c0_seq8.p1	4.99E-82	255
BOX15_Mlig019017g2	7.69E-79	255
BOX15_Mlig019017g3	3.09E-77	255
BOX15_Mlig014818g1	3.06E-110	338
BOX15_Mlig018619g1	3.27E-130	387
BOX15_Mlig027460g2	2.72E-115	350
SMEST010795001	1.99E-116	352
SMEST020579002	1.80E-58	192
SMEST028996002	7.26E-123	365
SMEST037592001	2.41E-90	281
SMEST044174001	1.86E-110	341
SMEST046729001	2.51E-101	311
SMEST046751001	7.78E-91	285
SMEST046895001	9.53E-108	326
Gbulla1a000859T1	1.50E-107	328
Gbulla1a000906T3	9.92E-104	317
Gbulla1a002034T1	4.11E-33	129
Gbulla1a002061T1	4.02E-111	339
Gbulla1a002900T1	1.45E-82	268
Gbulla1a005749T1	1.06E-113	346
Gbulla1a005770T1	2.13E-112	343
genemark-scf7180006951261-processed-gene-0.9-mRNA-1	7.08E-109	334
genemark-scf7180006952644-processed-gene-0.14-mRNA-1	3.18E-54	180
genemark-scf7180006953309-processed-gene-0.1-mRNA-1	2.72E-33	123
maker-scf7180006950709-snap-gene-0.42-mRNA-1	1.18E-73	236
maker-scf7180006951048-snap-gene-0.16-mRNA-1	5.39E-45	153
maker-scf7180006951261-augustus-gene-0.126-mRNA-1	7.84E-101	314
snap_masked-scf7180006950328-processed-gene-0.19-mRNA-1	5.81E-76	249
snap_masked-scf7180006951380-processed-gene-0.12-mRNA-1	2.27E-36	140
snap_masked-scf7180006953309-processed-gene-0.9-mRNA-1	8.35E-112	339
TRINITY_DN935_c0_g1_i3.p1	8.05E-80	262
TRINITY_DN129_c0_g1_i2.p2	9.20E-110	337
TRINITY_DN22278_c0_g1_i10.p1	1.02E-113	345
TRINITY_DN5050_c0_g1_i6.p2	2.21E-95	296
TRINITY_DN22443_c0_g2_i1.p1	6.74E-113	340
TRINITY_DN1820_c1_g1_i1.p1	4.00E-24	97.8
TRINITY_DN91357_c1_g1_i1.p2	5.52E-19	84.7
TRINITY_DN8890_c0_g1_i2__g.36236	1.38E-84	274
TRINITY_DN3325_c0_g1_i1__g.27981	1.02E-99	310
TRINITY_DN1837_c1_g1_i1__g.5196	2.98E-91	285
PXEA_0000286901-mRNA-1	1.65E-52	186
PXEA_0002615101-mRNA-1	1.98E-117	362
PXEA_0003221501-mRNA-1	1.08E-128	382
augustus_masked-agouti_scaf_271-processed-gene-0.10-mRNA-1	1.52E-119	362
maker-agouti_scaf_959-augustus-gene-1.6-mRNA-1	3.33E-38	136
maker-agouti_scaf_959-snap-gene-1.1-mRNA-1	6.77E-80	258
maker-jcf7180000232964-snap-gene-0.1-mRNA-1	8.83E-91	282
maker-jcf7180000272047-augustus-gene-0.1-mRNA-1	3.23E-97	301
snap_masked-jcf7180000223389-processed-gene-0.4-mRNA-1	2.50E-95	296
CSKR_102705-T1	1.84E-119	362
CSKR_105941-T1	2.79E-68	219
CSKR_112689-T1	2.12E-71	240
CSKR_112690-T1	2.58E-61	208
ECPE_0000319501-mRNA-1	9.42E-64	216
ECPE_0000397401-mRNA-1	4.92E-47	167
ECPE_0000525901-mRNA-1	1.91E-120	365
ECPE_0000826801-mRNA-1	5.37E-41	144
FGIG_01755	7.11E-82	262
FGIG_03945	3.28E-109	331
FGIG_03946	2.00E-38	139
FGIG_08187	1.68E-63	215
FGIG_08252	2.31E-62	216
maker-scaffold10x_238_pilon-snap-gene-0.101-mRNA-1	1.00E-101	315
maker-scaffold10x_238_pilon-snap-gene-0.93-mRNA-1	2.05E-115	350
maker-scaffold10x_270_pilon-pred_gff_StringTie-gene-0.50-mRNA-1	5.02E-118	358
snap_masked-scaffold10x_1597_pilon-processed-gene-0.78-mRNA-1	4.38E-63	218
FBUS_00881	4.70E-61	212
FBUS_00882	6.50E-62	211
FBUS_03627	1.37E-117	357
FBUS_04894	1.16E-98	306
FBUS_04895	8.48E-115	348
CRM22_002620	1.26E-68	233
CRM22_002621	2.76E-60	206
CRM22_003306	5.21E-119	361
CRM22_009039	4.32E-108	329
T265_00119	2.81E-71	239
T265_00120	9.02E-61	207
T265_00386	2.31E-120	365
T265_07025	2.23E-06	48.1
T265_14191	9.94E-85	264
DEA37_0000790	2.74E-27	110
DEA37_0001507	2.27E-52	182
DEA37_0005634	1.54E-64	223
DEA37_0008133	7.89E-120	363
DC041_0000353	8.24E-70	226
DC041_0003705	4.67E-114	351
DC041_0004272	5.20E-37	138
DC041_0008432	1.55E-117	358
DC041_0010302	8.07E-56	196
SCUD_0000173201-mRNA-1	1.09E-19	92
SCUD_0000715501-mRNA-1	1.06E-22	92.8
SCUD_0000842201-mRNA-1	9.68E-114	357
SCUD_0000842401-mRNA-1	8.27E-35	136
MS3_0013173.1	8.20E-71	236
MS3_0013287.1	1.55E-117	358
MS3_0013288.1	2.10E-115	354
MS3_0017078.1	1.92E-57	200
EWB00_005380	9.86E-36	132
EWB00_005381	3.84E-115	357
EWB00_008088	3.32E-58	207
EWB00_009839.3	8.26E-116	350
Smp_311480.2	7.11E-119	361
Smp_311490.1	2.46E-119	363
Smp_333600.1	4.27E-116	351
Smp_341500.1	3.64E-60	207
SMRZ_0000563001-mRNA-1	1.10E-117	358
SMRZ_0000710401-mRNA-1	1.39E-54	193
SMRZ_0000776801-mRNA-1	1.02E-115	355
SMRZ_0001444901-mRNA-1	8.67E-22	92.4
SMRZ_0001445001-mRNA-1	3.43E-49	167
SMTD_0000617001-mRNA-1	6.69E-56	192
SMTD_0000660901-mRNA-1	3.12E-22	91.3
SMTD_0001462301-mRNA-1	9.20E-116	356
SMTD_0001860801-mRNA-1	1.09E-19	92
SROB_0000135901-mRNA-1	1.21E-19	90.9
SROB_0000207101-mRNA-1	1.53E-16	77.4
SROB_0000754901-mRNA-1	1.50E-69	223
SROB_0000933301-mRNA-1	1.95E-118	361
SROB_0001198801-mRNA-1	2.83E-118	360
TRE_0000111601-mRNA-1	3.31E-11	65.5
TRE_0000179201-mRNA-1	7.32E-23	93.2
TRE_0000339101-mRNA-1	1.69E-116	353
TRE_0000472301-mRNA-1	4.71E-38	138
TRE_0000571701-mRNA-1	4.18E-59	207
TRE_0001731501-mRNA-1	2.92E-35	134
TRE_0001938901-mRNA-1	4.91E-98	310
