DILT_0000000901-mRNA-1	5.83E-14	77
DILT_0000016501-mRNA-1	2.08E-76	250
DILT_0000021301-mRNA-1	9.12E-11	71.6
DILT_0000085401-mRNA-1	2.19E-49	167
DILT_0000264101-mRNA-1	1.61E-35	140
DILT_0000290101-mRNA-1	1.11E-53	199
DILT_0000300301-mRNA-1	3.91E-39	139
DILT_0000305301-mRNA-1	3.28E-76	249
DILT_0000349001-mRNA-1	4.48E-33	134
DILT_0000359301-mRNA-1	2.35E-06	59.3
DILT_0000369001-mRNA-1	7.91E-10	71.2
DILT_0000402501-mRNA-1	2.10E-64	221
DILT_0000406101-mRNA-1	3.73E-13	77.8
DILT_0000526201-mRNA-1	3.71E-52	187
DILT_0000530801-mRNA-1	6.28E-75	248
DILT_0000578601-mRNA-1	7.85E-19	99
DILT_0000600401-mRNA-1	5.55E-34	135
DILT_0000605301-mRNA-1	8.60E-135	397
DILT_0000615301-mRNA-1	2.01E-41	152
DILT_0000618401-mRNA-1	3.92E-08	65.5
DILT_0000656501-mRNA-1	1.79E-59	207
DILT_0000679401-mRNA-1	4.38E-67	228
DILT_0000749701-mRNA-1	2.14E-06	52.8
DILT_0000785301-mRNA-1	5.77E-59	198
DILT_0000817101-mRNA-1	8.26E-48	159
DILT_0000849701-mRNA-1	7.51E-14	80.1
DILT_0000946901-mRNA-1	4.29E-154	453
DILT_0000961901-mRNA-1	2.26E-80	251
DILT_0000964301-mRNA-1	1.05E-63	207
DILT_0000974101-mRNA-1	2.33E-74	243
DILT_0001092601-mRNA-1	3.34E-26	108
DILT_0001204301-mRNA-1	1.11E-75	253
DILT_0001222201-mRNA-1	1.63E-09	65.1
DILT_0001467401-mRNA-1	2.85E-43	149
DILT_0001622301-mRNA-1	6.00E-06	51.2
DILT_0001644601-mRNA-1	2.04E-23	95.5
DILT_0001687701-mRNA-1	9.22E-15	81.3
DILT_0001701301-mRNA-1	1.64E-24	98.6
DILT_0001711801-mRNA-1	1.58E-36	135
DILT_0001875401-mRNA-1	5.00E-87	279
DILT_0001892801-mRNA-1	3.77E-05	47
DILT_0001975801-mRNA-1	1.62E-08	56.6
maker-E.canG7_contigs_6517-pred_gff_augustus_masked-gene-0.6-mRNA-1	5.90E-47	185
maker-E.canG7_contigs_0234-pred_gff_blastx-gene-0.99-mRNA-1	9.57E-15	86.7
maker-E.canG7_contigs_3364-snap-gene-1.48-mRNA-1	3.85E-65	233
maker-E.canG7_contigs_4941-pred_gff_blastx-gene-0.403-mRNA-1	2.35E-14	85.1
maker-E.canG7_contigs_9000-pred_gff_blastx-gene-0.325-mRNA-1	1.93E-79	259
maker-E.canG7_contigs_4744-pred_gff_augustus_masked-gene-2.213-mRNA-1	5.15E-164	499
maker-E.canG7_contigs_6231-snap-gene-0.60-mRNA-1	2.14E-93	302
maker-E.canG7_contigs_6225-pred_gff_blastx-gene-0.196-mRNA-1	4.54E-74	248
maker-E.canG7_contigs_6225-pred_gff_snap_masked-gene-0.27-mRNA-1	7.90E-38	165
maker-E.canG7_contigs_6871-pred_gff_blastx-gene-0.205-mRNA-1	8.44E-100	345
maker-E.canG7_contigs_2425-pred_gff_blastx-gene-0.200-mRNA-1	6.02E-75	249
maker-E.canG7_contigs_6758-pred_gff_cdna2genome-gene-0.134-mRNA-1	1.60E-114	360
maker-E.canG7_contigs_1140-augustus-gene-0.15-mRNA-1	1.39E-87	286
maker-E.canG7_contigs_8560-pred_gff_cdna2genome-gene-0.126-mRNA-1	5.47E-45	175
maker-E.canG7_contigs_1238-pred_gff_blastx-gene-0.188-mRNA-1	1.07E-10	73.2
maker-E.canG7_contigs_2844-pred_gff_cdna2genome-gene-0.79-mRNA-1	6.88E-06	56.2
maker-E.canG7_contigs_5702-snap-gene-0.34-mRNA-1	1.13E-20	104
maker-E.canG7_contigs_7794-pred_gff_cdna2genome-gene-0.89-mRNA-1	6.92E-21	107
maker-E.canG7_contigs_3399-snap-gene-0.18-mRNA-1	2.88E-53	199
maker-E.canG7_contigs_6077-pred_gff_augustus_masked-gene-0.10-mRNA-1	9.11E-223	679
maker-E.canG7_contigs_9257-pred_gff_augustus_masked-gene-0.8-mRNA-1	2.53E-307	919
maker-E.canG7_contigs_5538-pred_gff_cdna2genome-gene-0.64-mRNA-1	4.01E-138	479
maker-E.canG7_contigs_0516-pred_gff_cdna2genome-gene-0.43-mRNA-1	7.14E-11	74.7
maker-E.canG7_contigs_8204-augustus-gene-0.7-mRNA-1	4.20E-15	88.2
maker-E.canG7_contigs_5159-pred_gff_cdna2genome-gene-0.29-mRNA-1	2.87E-80	260
maker-E.canG7_contigs_5159-pred_gff_tblastx-gene-0.19-mRNA-1	1.15E-47	177
maker-E.canG7_contigs_5377-pred_gff_blastx-gene-0.33-mRNA-1	7.04E-63	222
maker-E.canG7_contigs_0886-pred_gff_blastx-gene-0.32-mRNA-1	3.52E-69	240
maker-E.canG7_contigs_8694-pred_gff_snap_masked-gene-0.1-mRNA-1	7.52E-05	51.6
maker-E.canG7_contigs_4428-pred_gff_cdna2genome-gene-0.4-mRNA-1	1.18E-64	206
maker-E.canG7_contigs_4223-pred_gff_protein2genome-gene-0.8-mRNA-1	8.95E-05	53.1
EgrG_001156400	1.25E-63	224
EgrG_001066000	1.92E-16	92
EgrG_000671000	2.48E-103	355
EgrG_001040300	5.52E-97	311
EgrG_001119800	2.36E-74	247
EgrG_000984000	4.97E-108	339
EgrG_001096400	5.28E-59	203
EgrG_000916400	9.79E-90	288
EgrG_000984100	1.33E-106	329
EgrG_000506500	7.79E-74	249
EgrG_000719050	6.88E-108	343
EgrG_000763100	1.44E-17	95.1
EgrG_000670700	7.64E-75	250
EgrG_000645700	4.01E-138	424
EgrG_000857600	7.52E-06	58.5
EgrG_000591600	8.72E-63	215
EgrG_000738300	6.32E-11	73.9
EgrG_000668200	5.87E-70	242
EgrG_001048250.1	3.92E-51	190
EgrG_000043900	1.13E-39	144
EgrG_000063700	3.15E-04	53.5
EgrG_000485400	6.31E-04	50.8
EgrG_001065900	8.08E-07	61.6
EgrG_000869200	3.03E-04	51.6
EgrG_000462600	1.68E-66	231
EgrG_000993200	1.38E-44	174
EgrG_000739300	3.94E-142	489
EgrG_000506600	6.16E-70	237
EgrG_000869300	1.76E-73	244
EgrG_000849400	5.16E-19	101
EgrG_000526700	6.08E-11	73.9
EmuJ_000043900.1	1.10E-39	144
EmuJ_000044000.1	7.33E-100	300
EmuJ_000093100.1	4.58E-08	65.1
EmuJ_000251500.1	3.17E-04	49.3
EmuJ_000251600.1	2.27E-06	55.1
EmuJ_000462600.1	2.34E-66	231
EmuJ_000506500.1	1.09E-73	249
EmuJ_000506600.1	3.85E-67	230
EmuJ_000526700.1	2.61E-11	75.1
EmuJ_000591600.1	1.35E-70	241
EmuJ_000645700.1	2.17E-134	415
EmuJ_000668200.1	1.85E-70	243
EmuJ_000670700.1	8.28E-74	247
EmuJ_000719050.1	1.50E-106	339
EmuJ_000738300.1	2.35E-14	85.1
EmuJ_000739300.1	7.22E-140	483
EmuJ_000763100.1	3.39E-17	94
EmuJ_000849400.1	6.37E-21	107
EmuJ_000857600.1	2.99E-10	72.4
EmuJ_000869200.1	3.03E-04	51.6
EmuJ_000869300.1	1.36E-72	242
EmuJ_000916400.1	4.34E-88	285
EmuJ_000975800.1	4.12E-06	60.1
EmuJ_000984000.1	6.69E-109	341
EmuJ_000984100.1	1.17E-107	332
EmuJ_000993200.1	5.44E-45	175
EmuJ_001040300.1	9.83E-101	321
EmuJ_001048230.1	4.18E-48	178
EmuJ_001065900.1	2.69E-06	59.3
EmuJ_001066000.1	8.44E-19	99.4
EmuJ_001096400.1	1.63E-60	206
EmuJ_001119800.1	6.02E-75	249
EmuJ_001156400.1	8.99E-64	224
Eoli_000044000.t1	3.65E-74	231
Eoli_000093100.t1	3.35E-08	65.1
Eoli_000165100.t1	1.34E-43	150
Eoli_000462600.t1	8.92E-16	80.9
Eoli_000506500.t1	2.87E-65	223
Eoli_000618700.t1	7.41E-29	121
Eoli_000645700.t1	7.31E-42	145
Eoli_000668200.t1	6.01E-41	155
Eoli_000670700.t1	2.47E-52	186
Eoli_000719050.t1	1.69E-93	305
Eoli_000763100.t1	4.61E-05	53.9
Eoli_000849400.t1	5.83E-08	60.8
Eoli_000984000.t1	6.48E-23	96.3
Eoli_001096400.t1	7.92E-60	204
Eoli_001119800.t1	1.42E-70	228
TTAC_0000099701-mRNA-1	5.26E-84	271
TTAC_0000113001-mRNA-1	1.79E-07	59.7
TTAC_0000144901-mRNA-1	9.60E-45	163
TTAC_0000160401-mRNA-1	3.11E-65	214
TTAC_0000197301-mRNA-1	3.91E-62	221
TTAC_0000214501-mRNA-1	5.43E-12	77.8
TTAC_0000220701-mRNA-1	1.59E-12	77
TTAC_0000257201-mRNA-1	6.22E-86	279
TTAC_0000300901-mRNA-1	1.37E-57	200
TTAC_0000337901-mRNA-1	1.09E-07	58.2
TTAC_0000347201-mRNA-1	5.49E-71	240
TTAC_0000369801-mRNA-1	3.49E-12	64.7
TTAC_0000392901-mRNA-1	8.33E-68	231
TTAC_0000443901-mRNA-1	8.54E-85	274
TTAC_0000448201-mRNA-1	4.57E-06	57.4
TTAC_0000500601-mRNA-1	1.15E-26	111
TTAC_0000554801-mRNA-1	5.14E-12	66.6
TTAC_0000602801-mRNA-1	2.43E-48	165
TTAC_0000610001-mRNA-1	2.30E-04	53.5
TTAC_0000611701-mRNA-1	6.21E-101	326
TTAC_0000684101-mRNA-1	9.01E-45	174
TTAC_0000692901-mRNA-1	1.79E-06	57
TTAC_0000705801-mRNA-1	2.46E-07	58.9
TTAC_0000706101-mRNA-1	1.12E-18	100
TTAC_0000722201-mRNA-1	4.25E-74	248
TTAC_0000722501-mRNA-1	9.44E-91	323
TTAC_0000733301-mRNA-1	2.35E-60	211
TTAC_0000802801-mRNA-1	2.16E-54	191
TTAC_0000833901-mRNA-1	1.91E-75	251
TTAC_0000835801-mRNA-1	3.27E-68	237
TTAC_0000837801-mRNA-1	3.87E-16	91.7
TTAC_0000874901-mRNA-1	4.19E-136	473
TTAC_0000922801-mRNA-1	9.14E-47	177
TTAC_0000943601-mRNA-1	6.08E-04	49.3
TTAC_0001062901-mRNA-1	1.43E-74	251
TTAC_0001123201-mRNA-1	4.33E-05	52.8
TTAC_0001141301-mRNA-1	5.24E-37	141
TTAC_0001158101-mRNA-1	3.42E-27	112
HDID_0000039701-mRNA-1	5.40E-06	57.8
HDID_0000068801-mRNA-1	6.57E-91	320
HDID_0000131801-mRNA-1	1.71E-04	50.4
HDID_0000211201-mRNA-1	4.09E-07	58.5
HDID_0000233301-mRNA-1	2.67E-68	228
HDID_0000281901-mRNA-1	9.59E-05	54.7
HDID_0000317501-mRNA-1	6.59E-77	253
HDID_0000393001-mRNA-1	1.51E-08	62.8
HDID_0000423001-mRNA-1	4.57E-11	74.3
HDID_0000432701-mRNA-1	9.59E-113	338
HDID_0000450901-mRNA-1	5.79E-07	57
HDID_0000455201-mRNA-1	2.15E-30	122
HDID_0000470601-mRNA-1	3.56E-20	103
HDID_0000516501-mRNA-1	1.06E-77	258
HDID_0000539801-mRNA-1	3.53E-31	124
HDID_0000626901-mRNA-1	1.35E-45	171
HDID_0000706101-mRNA-1	9.20E-73	248
HDID_0000719201-mRNA-1	2.45E-66	215
HDID_0000719401-mRNA-1	2.38E-56	187
HDID_0000724701-mRNA-1	1.31E-62	221
HDID_0000761301-mRNA-1	3.23E-103	327
HDID_0000777301-mRNA-1	7.89E-75	249
HDID_0000778201-mRNA-1	1.46E-23	114
HDID_0000816401-mRNA-1	1.36E-75	258
HDID_0000878501-mRNA-1	1.46E-17	97.4
HDID_0000883701-mRNA-1	1.07E-15	89.4
HDID_0000899401-mRNA-1	2.99E-22	109
HDID_0000909201-mRNA-1	5.70E-10	69.7
HDID_0000951001-mRNA-1	1.26E-156	489
HDID_0000957301-mRNA-1	7.18E-14	84
HDID_0000966101-mRNA-1	9.64E-53	177
HDID_0001026701-mRNA-1	2.54E-30	129
HDID_0001081201-mRNA-1	2.00E-77	252
HDID_0001108601-mRNA-1	6.93E-22	96.3
HmN_000231800	4.42E-11	75.1
HmN_000380500.1	6.99E-148	451
HmN_000241200	5.39E-70	241
HmN_003037070.2	4.50E-07	63.2
HmN_000122500	2.93E-182	558
HmN_000055300	4.75E-12	77.4
HmN_000453700	1.13E-19	101
HmN_000841800	1.18E-20	106
HmN_000776500.2	5.23E-100	345
HmN_003033740.2	2.05E-20	106
HmN_000493400	1.98E-05	57.4
HmN_000286800	2.66E-77	256
HmN_000451500	7.83E-61	217
HmN_002167300	2.71E-07	63.2
HmN_003037610	1.72E-96	309
HmN_003033750	2.97E-23	115
HmN_000393300.2	8.53E-66	230
HmN_003037080	7.35E-04	52.8
HmN_000344500	1.08E-103	325
HmN_002117600	1.16E-47	182
HmN_000616400	2.67E-06	59.7
HmN_000486200	8.39E-45	174
HmN_000410700	1.98E-83	283
HmN_000924100	9.89E-11	73.9
HmN_000527900	4.38E-47	177
HmN_000318600	1.37E-75	257
HmN_000439000	2.15E-75	249
HmN_000250400	2.31E-75	252
HmN_000458300	1.31E-15	89.4
HmN_000809200.1	7.36E-21	105
HmN_000445600	6.34E-04	52
HNAJ_0000000001-mRNA-1	3.95E-42	153
HNAJ_0000033201-mRNA-1	8.61E-04	52
HNAJ_0000093501-mRNA-1	2.97E-12	78.6
HNAJ_0000142101-mRNA-1	3.09E-77	254
HNAJ_0000155201-mRNA-1	1.44E-30	132
HNAJ_0000183501-mRNA-1	1.53E-71	235
HNAJ_0000213601-mRNA-1	7.23E-100	344
HNAJ_0000262601-mRNA-1	2.31E-16	91.3
HNAJ_0000311501-mRNA-1	4.23E-45	155
HNAJ_0000317801-mRNA-1	2.16E-46	176
HNAJ_0000337101-mRNA-1	1.30E-87	280
HNAJ_0000370801-mRNA-1	5.77E-64	216
HNAJ_0000370901-mRNA-1	1.50E-25	108
HNAJ_0000396201-mRNA-1	1.09E-06	56.2
HNAJ_0000422501-mRNA-1	4.03E-77	257
HNAJ_0000439901-mRNA-1	2.11E-27	106
HNAJ_0000479401-mRNA-1	1.41E-04	53.1
HNAJ_0000496401-mRNA-1	3.29E-15	87.8
HNAJ_0000530601-mRNA-1	3.68E-27	112
HNAJ_0000551001-mRNA-1	2.01E-31	124
HNAJ_0000571101-mRNA-1	5.78E-10	67.8
HNAJ_0000578001-mRNA-1	6.11E-45	163
HNAJ_0000686901-mRNA-1	2.52E-83	265
HNAJ_0000742601-mRNA-1	1.12E-17	95.5
HNAJ_0000753101-mRNA-1	2.26E-69	241
HNAJ_0000807301-mRNA-1	3.69E-13	80.9
HNAJ_0000924401-mRNA-1	3.46E-06	54.7
HNAJ_0000926601-mRNA-1	1.16E-104	329
HNAJ_0000929701-mRNA-1	3.26E-70	233
HNAJ_0000936301-mRNA-1	1.83E-75	251
HNAJ_0000946001-mRNA-1	5.10E-189	582
HNAJ_0000958001-mRNA-1	8.12E-55	184
HNAJ_0000993201-mRNA-1	1.03E-18	100
HNAJ_0001007601-mRNA-1	2.38E-05	52.4
HNAJ_0001047201-mRNA-1	2.11E-31	127
HNAJ_0001073201-mRNA-1	6.96E-55	176
HNAJ_0001212001-mRNA-1	3.85E-25	107
HNAJ_0001291401-mRNA-1	7.43E-06	53.1
HNAJ_0001298101-mRNA-1	6.68E-14	67.4
HNAJ_0001310401-mRNA-1	1.52E-62	207
HNAJ_0001341601-mRNA-1	4.25E-19	96.3
HNAJ_0001361301-mRNA-1	4.42E-17	92.4
HNAJ_0001372901-mRNA-1	8.31E-24	103
MCU_000233-RB	1.03E-51	191
MCU_000247-RA	2.47E-17	84
MCU_000247-RB	8.09E-24	106
MCU_000247-RC	1.13E-14	77
MCU_000636-RA	2.71E-11	75.5
MCU_001223-RA	2.39E-77	255
MCU_001229-RA	1.93E-58	203
MCU_001256-RA	1.52E-96	310
MCU_002219-RA	2.40E-77	253
MCU_002530-RA	5.01E-82	279
MCU_002808-RD	1.83E-06	60.5
MCU_002934-RA	2.42E-72	242
MCU_003274-RA	2.68E-10	71.6
MCU_003318-RA	6.38E-22	108
MCU_003496-RA	3.98E-76	250
MCU_004399-RA	9.70E-10	70.5
MCU_005543-RC	2.14E-72	247
MCU_005678-RA	4.30E-73	228
MCU_005679-RA	1.39E-48	166
MCU_006737-RA	9.16E-15	86.3
MCU_007023-RA	1.47E-71	232
MCU_007079-RB	9.56E-66	229
MCU_007220-RB	1.84E-11	77.4
MCU_007735-RA	6.62E-70	235
MCU_007736-RA	2.72E-77	252
MCU_007770-RA	5.88E-104	331
MCU_007979-RA	1.19E-19	103
MCU_008252-RA	2.60E-76	256
MCU_008819-RA	2.52E-33	120
MCU_009570-RA	3.07E-29	125
MCU_009805-RA	1.90E-11	74.7
MCU_010531-RC	1.97E-114	355
MCU_011313-RB	1.64E-112	348
MCU_012613-RB	4.20E-109	338
MCU_013693-RA	2.29E-22	99.8
SSLN_0000121301-mRNA-1	3.78E-64	218
SSLN_0000165201-mRNA-1	5.20E-05	45.8
SSLN_0000213901-mRNA-1	7.17E-18	95.5
SSLN_0000224901-mRNA-1	2.44E-10	72.8
SSLN_0000270501-mRNA-1	4.67E-105	339
SSLN_0000314901-mRNA-1	2.95E-09	66.6
SSLN_0000324901-mRNA-1	7.74E-269	863
SSLN_0000449601-mRNA-1	1.18E-34	152
SSLN_0000449701-mRNA-1	5.66E-06	58.9
SSLN_0000497001-mRNA-1	1.10E-76	248
SSLN_0000522301-mRNA-1	1.26E-89	286
SSLN_0000564001-mRNA-1	2.11E-93	297
SSLN_0000626301-mRNA-1	3.66E-77	256
SSLN_0000683101-mRNA-1	1.15E-74	250
SSLN_0000686801-mRNA-1	6.22E-70	237
SSLN_0000686901-mRNA-1	3.53E-72	243
SSLN_0000694801-mRNA-1	4.53E-04	52
SSLN_0000696601-mRNA-1	3.50E-66	218
SSLN_0001003501-mRNA-1	2.35E-120	386
SSLN_0001018201-mRNA-1	5.46E-80	263
SSLN_0001085601-mRNA-1	1.96E-103	322
SSLN_0001092301-mRNA-1	4.22E-130	386
SSLN_0001133301-mRNA-1	9.98E-67	227
SSLN_0001153901-mRNA-1	5.51E-52	185
SSLN_0001183601-mRNA-1	2.51E-08	61.2
SSLN_0001183801-mRNA-1	1.95E-12	73.9
SSLN_0001192601-mRNA-1	1.82E-05	50.1
SSLN_0001288001-mRNA-1	1.86E-25	106
SSLN_0001416901-mRNA-1	4.62E-12	77.4
SSLN_0001494501-mRNA-1	5.33E-34	132
SSLN_0001534401-mRNA-1	6.86E-11	73.9
SSLN_0001594501-mRNA-1	9.10E-52	178
SSLN_0001668201-mRNA-1	1.27E-11	76.6
SSLN_0001723901-mRNA-1	4.11E-48	171
SSLN_0001734101-mRNA-1	5.30E-155	455
SSLN_0001956901-mRNA-1	6.84E-47	160
SSLN_0001976001-mRNA-1	4.68E-56	198
SSLN_0002023501-mRNA-1	7.32E-11	67.8
SPER_0000017901-mRNA-1	3.87E-74	249
SPER_0000110401-mRNA-1	6.03E-43	150
SPER_0000175401-mRNA-1	1.31E-30	110
SPER_0000177501-mRNA-1	7.16E-08	54.7
SPER_0000405701-mRNA-1	2.52E-32	122
SPER_0000457701-mRNA-1	2.88E-42	147
SPER_0000521501-mRNA-1	3.47E-25	105
SPER_0000553701-mRNA-1	3.38E-35	135
SPER_0000578501-mRNA-1	2.07E-53	187
SPER_0000665801-mRNA-1	6.69E-70	234
SPER_0000753401-mRNA-1	1.62E-39	146
SPER_0000895501-mRNA-1	3.30E-46	168
SPER_0001047701-mRNA-1	2.15E-04	52.4
SPER_0001056501-mRNA-1	1.31E-19	98.6
SPER_0001098301-mRNA-1	2.63E-29	123
SPER_0001101401-mRNA-1	5.42E-13	70.1
SPER_0001131001-mRNA-1	1.31E-11	73.2
SPER_0001220401-mRNA-1	2.03E-12	69.7
SPER_0001250501-mRNA-1	1.28E-55	198
SPER_0001271601-mRNA-1	5.83E-07	61.6
SPER_0001381501-mRNA-1	3.62E-42	169
SPER_0001566201-mRNA-1	5.46E-19	90.5
SPER_0001662401-mRNA-1	3.98E-29	108
SPER_0001679301-mRNA-1	1.63E-09	65.5
SPER_0001957501-mRNA-1	6.22E-59	195
SPER_0001961401-mRNA-1	1.05E-10	64.7
SPER_0001979501-mRNA-1	1.03E-22	91.7
SPER_0002078901-mRNA-1	2.44E-20	90.9
SPER_0002217301-mRNA-1	1.83E-43	169
SPER_0002270801-mRNA-1	7.40E-06	53.9
SPER_0002425001-mRNA-1	4.47E-12	66.2
SPER_0002491001-mRNA-1	4.93E-14	74.3
SPER_0002523001-mRNA-1	8.62E-26	109
SPER_0002630601-mRNA-1	5.29E-19	88.6
SPER_0002863701-mRNA-1	2.97E-39	147
SPER_0002951201-mRNA-1	3.12E-11	68.6
SPER_0003012201-mRNA-1	3.14E-07	57.8
SPER_0003019001-mRNA-1	6.04E-99	301
SPER_0003100201-mRNA-1	9.56E-18	86.7
SPER_0003109101-mRNA-1	1.01E-39	147
SPER_0003111801-mRNA-1	1.38E-36	142
SPER_0003163001-mRNA-1	4.84E-27	117
SPER_0003226301-mRNA-1	2.96E-08	63.5
SPER_0003294401-mRNA-1	1.89E-43	159
SPER_0003294701-mRNA-1	1.53E-19	88.6
SPER_0003345701-mRNA-1	2.84E-11	68.2
SPER_0003348701-mRNA-1	9.22E-08	57.8
SPER_0003420001-mRNA-1	4.92E-09	65.1
SPER_0003453001-mRNA-1	2.20E-39	152
SPER_0003481201-mRNA-1	3.60E-08	65.5
SPER_0003499201-mRNA-1	6.08E-62	202
SPER_0003503701-mRNA-1	1.95E-30	119
SPER_0003505101-mRNA-1	2.08E-34	135
SPER_0003667301-mRNA-1	7.60E-24	103
SPER_0003695301-mRNA-1	2.85E-41	144
SPER_0003707201-mRNA-1	3.68E-22	94.7
SPER_0003804001-mRNA-1	5.26E-11	67
SPER_0003813301-mRNA-1	7.75E-34	127
SPER_0003962601-mRNA-1	2.36E-45	162
TASK_0000030801-mRNA-1	1.11E-92	324
TASK_0000032601-mRNA-1	4.73E-16	91.3
TASK_0000049901-mRNA-1	5.21E-11	73.9
TASK_0000079501-mRNA-1	2.95E-24	117
TASK_0000153601-mRNA-1	1.52E-53	195
TASK_0000184501-mRNA-1	3.92E-73	249
TASK_0000278401-mRNA-1	3.31E-21	97.1
TASK_0000353501-mRNA-1	6.05E-115	362
TASK_0000425301-mRNA-1	3.31E-57	212
TASK_0000442501-mRNA-1	5.25E-45	175
TASK_0000460301-mRNA-1	2.26E-30	131
TASK_0000468201-mRNA-1	1.35E-78	258
TASK_0000510901-mRNA-1	1.53E-60	221
TASK_0000514001-mRNA-1	5.87E-06	58.5
TASK_0000548501-mRNA-1	7.82E-17	92.8
TASK_0000555701-mRNA-1	2.63E-106	327
TASK_0000588601-mRNA-1	1.75E-76	253
TASK_0000689201-mRNA-1	1.27E-13	82.8
TASK_0000702201-mRNA-1	4.30E-74	249
TASK_0000767501-mRNA-1	6.37E-12	77.4
TASK_0000833401-mRNA-1	1.82E-156	489
TASK_0000833801-mRNA-1	4.93E-57	189
TASK_0000912801-mRNA-1	8.74E-06	49.3
TASK_0000912901-mRNA-1	2.80E-34	133
TASK_0000952501-mRNA-1	1.10E-45	171
TASK_0000963801-mRNA-1	5.60E-21	105
TASK_0000971201-mRNA-1	5.08E-90	315
TASK_0000998501-mRNA-1	4.02E-06	53.9
Tm1G000027	2.05E-06	60.5
Tm1G001098	3.68E-75	253
Tm1G001099	1.26E-68	236
Tm1G001864	1.42E-84	286
Tm1G001992	1.36E-24	119
Tm1G002627	7.82E-17	92.8
Tm1G002801	3.13E-142	493
Tm1G003288	8.30E-51	188
Tm1G003415	2.87E-16	92.8
Tm1G003633	7.90E-114	358
Tm1G003652	5.87E-06	58.5
Tm1G004222	9.97E-21	104
Tm1G004840	1.37E-12	72
Tm1G005057	1.14E-92	298
Tm1G005175	2.93E-83	289
Tm1G005184	1.65E-69	241
Tm1G005463	4.08E-06	60.1
Tm1G005520	1.08E-99	315
Tm1G005522	4.47E-107	329
Tm1G005589	6.54E-45	175
Tm3G008172	2.98E-11	75.5
Tm3G008174	4.19E-74	249
Tm3G008220	1.53E-21	101
Tm3G008625	4.12E-157	474
Tm3G009129	7.08E-69	238
Tm4G010013	4.63E-18	88.2
Tm4G010019	4.14E-30	130
Tm4G010040	1.22E-31	132
Tm4G010043	4.49E-31	136
Tm4G010050	7.64E-48	179
Tm4G010063	1.90E-29	127
Tm4G010075	1.11E-09	67.4
Tm4G010085	3.47E-53	209
Tm4G010095	1.96E-32	133
Tm4G010098	6.96E-27	125
Tm5G011653	9.95E-77	253
Tm7G012925	1.10E-62	221
TSAs00001g00204m00001	5.60E-21	105
TSAs00002g00691m00001	1.61E-47	190
TSAs00002g00763m00001	1.68E-93	302
TSAs00005g01535m00001	2.58E-94	329
TSAs00005g01536m00001	1.83E-34	136
TSAs00008g02011m00001	2.95E-10	72.4
TSAs00008g02077m00001	1.26E-23	116
TSAs00014g03023m00001	2.07E-84	286
TSAs00019g03658m00001	7.82E-17	92.8
TSAs00027g04479m00001	3.42E-64	233
TSAs00028g04584m00001	2.85E-246	739
TSAs00034g05133m00001	9.59E-14	83.2
TSAs00037g05426m00001	9.95E-77	253
TSAs00039g05553m00001	1.80E-08	66.2
TSAs00042g05823m00001	5.95E-45	175
TSAs00044g05967m00001	5.04E-15	89
TSAs00045g06028m00001	6.08E-64	229
TSAs00047g06184m00001	6.07E-109	343
TSAs00047g06188m00001	8.92E-168	516
TSAs00062g07162m00001	6.98E-06	58.5
TSAs00065g07304m00001	1.58E-05	58.2
TSAs00069g07556m00001	5.40E-51	182
TSAs00072g07682m00001	3.93E-64	225
TSAs00074g07731m00001	8.42E-12	77
TSAs00075g07783m00001	8.53E-115	361
TSAs00093g08385m00001	9.35E-04	52
TSAs00101g08586m00001	4.53E-74	249
TSAs00101g08590m00001	6.10E-51	204
TSAs00101g08591m00001	3.40E-25	118
TSAs00113g08823m00001	1.32E-76	264
TSAs00166g09541m00001	3.61E-142	493
TSAs00210g09959m00001	8.58E-47	176
TSAs00222g10058m00001	1.14E-43	181
TSAs00355g10875m00001	1.04E-30	134
TSAs00378g10982m00001	3.86E-19	96.3
TSAs00407g11095m00001	4.30E-31	130
TSAs00758g12127m00001	1.77E-32	129
TSAs00810g12232m00001	1.76E-46	187
TSAs01229g12672m00001	2.29E-19	84.7
TsM_000071300	1.94E-05	57
TsM_000836600	1.89E-76	254
TsM_000021800	5.38E-43	162
TsM_000107700	1.01E-14	86.3
TsM_000975200	5.89E-10	70.9
TsM_000841200	3.39E-36	132
TsM_000926600	1.02E-74	251
TsM_000990300	9.00E-04	51.6
TsM_000974900	4.21E-48	167
TsM_000386700	8.06E-28	119
TsM_001236100	8.06E-20	92.4
TsM_000440800	4.71E-68	237
TsM_000063500	3.15E-12	77.4
TsM_000892300	2.68E-92	298
TsM_000012300	3.66E-23	112
TsM_000043700	7.57E-16	87.8
TsM_001041400	7.17E-45	174
TsM_000940900	5.26E-16	92.4
TsM_000193600	4.66E-69	232
TsM_000714100	3.58E-117	361
TsM_000887800	1.16E-11	75.9
TsM_000436900	1.75E-112	356
TsM_000927400	3.45E-41	162
TsM_000473000	3.91E-129	385
TsM_000940800	1.08E-16	92.8
TsM_000088700	1.12E-60	221
TsM_000776500	1.65E-53	177
TsM_000776300	5.15E-25	106
TsM_000473200	1.68E-17	84
TsM_000273200	6.40E-103	325
TsM_000144500	1.87E-27	120
TsM_001009100	2.93E-28	126
TsM_000442200	5.00E-81	266
TsM_000365700	1.34E-08	61.6
TsM_000870800	8.88E-71	254
TsM_000845500	5.91E-60	207
TsM_000926700	2.33E-67	231
TsM_001156900	3.50E-54	198
TsM_000739100	1.03E-04	51.6
comp101105_c0_seq1.p1	1.35E-11	68.6
comp102249_c0_seq1.p1	9.04E-22	99.8
comp102249_c2_seq1.p1	1.39E-09	62
comp103752_c0_seq1.p1	1.09E-35	131
comp103997_c0_seq1.p1	7.86E-20	87.4
comp111870_c0_seq1.p1	1.84E-35	136
comp112266_c0_seq1.p2	1.06E-05	50.4
comp113562_c0_seq1.p1	9.15E-26	116
comp113562_c1_seq1.p1	7.68E-20	90.5
comp114101_c0_seq1.p1	2.33E-07	58.9
comp114101_c1_seq1.p1	2.97E-46	167
comp115104_c0_seq1.p1	7.90E-47	171
comp115104_c1_seq1.p1	3.25E-55	187
comp115826_c0_seq1.p1	2.64E-06	57.4
comp116123_c0_seq1.p1	1.37E-49	172
comp116123_c1_seq1.p1	1.21E-17	86.7
comp119375_c1_seq1.p1	4.54E-40	145
comp120503_c0_seq1.p1	1.32E-21	99.4
comp120503_c0_seq3.p1	7.59E-08	56.6
comp122841_c0_seq1.p1	1.91E-07	58.9
comp123425_c0_seq3.p1	6.18E-05	52.4
comp123766_c0_seq1.p1	3.10E-08	59.7
comp124051_c1_seq1.p1	1.20E-04	50.8
comp125683_c1_seq1.p1	4.80E-05	53.9
comp125855_c1_seq1.p1	4.23E-04	46.2
comp126864_c0_seq2.p1	1.04E-22	113
comp127555_c1_seq1.p1	8.56E-06	54.3
comp128064_c0_seq1.p1	2.91E-35	125
comp129031_c0_seq1.p1	6.44E-37	151
comp129392_c0_seq1.p1	7.88E-05	49.3
comp130084_c1_seq1.p1	1.60E-93	284
comp130745_c0_seq1.p1	4.16E-40	152
comp130745_c0_seq2.p2	6.33E-08	59.3
comp130844_c1_seq1.p1	2.12E-23	103
comp131058_c0_seq2.p1	7.48E-12	75.1
comp132661_c1_seq1.p1	3.68E-04	51.2
comp133373_c0_seq1.p1	1.62E-14	76.6
comp133373_c0_seq4.p1	5.70E-07	56.6
comp133995_c0_seq1.p1	9.48E-21	104
comp134670_c0_seq2.p1	3.15E-91	286
comp134670_c0_seq3.p1	4.37E-41	147
comp135003_c0_seq2.p1	3.43E-15	76.3
comp135003_c1_seq1.p1	1.07E-107	328
comp135174_c0_seq1.p1	2.34E-188	555
comp135889_c0_seq1.p1	6.67E-34	144
comp136088_c0_seq1.p1	2.92E-60	209
comp136329_c0_seq4.p1	1.01E-06	56.6
comp136416_c1_seq2.p1	1.33E-29	128
comp136835_c0_seq1.p1	1.85E-27	118
comp138125_c1_seq1.p1	1.69E-14	78.2
comp138125_c1_seq11.p1	7.52E-29	125
comp138125_c1_seq13.p1	7.28E-04	46.2
comp138125_c1_seq16.p1	2.39E-04	53.1
comp138125_c1_seq2.p1	2.96E-29	131
comp138125_c1_seq5.p1	8.42E-05	49.3
comp169569_c0_seq1.p1	7.02E-16	79.7
comp169756_c0_seq1.p1	3.63E-09	65.9
comp191518_c0_seq1.p1	1.19E-06	53.9
comp210921_c0_seq1.p1	1.29E-30	114
comp227832_c0_seq1.p1	1.58E-16	84
comp229965_c0_seq1.p1	4.89E-10	68.2
comp240838_c0_seq1.p1	5.85E-19	88.6
comp258512_c0_seq1.p1	3.11E-33	125
comp355283_c0_seq1.p1	3.53E-09	60.5
comp48165_c0_seq1.p1	2.45E-10	64.7
comp52191_c0_seq1.p1	3.08E-06	52.8
comp57703_c0_seq1.p1	9.54E-17	84
comp61867_c0_seq1.p1	3.82E-10	66.6
comp64520_c0_seq1.p1	3.33E-44	148
comp67885_c0_seq1.p1	3.88E-04	47
comp78900_c0_seq1.p1	6.15E-57	191
comp88982_c0_seq1.p1	6.13E-39	149
comp90909_c0_seq1.p1	1.09E-11	68.9
comp91569_c0_seq1.p1	1.43E-08	59.7
comp93142_c0_seq1.p2	2.49E-14	75.1
comp93142_c1_seq1.p1	7.33E-33	124
comp93496_c0_seq1.p1	1.66E-45	156
comp95086_c0_seq1.p1	1.02E-10	68.9
comp95086_c1_seq1.p1	3.02E-83	258
comp95865_c0_seq1.p1	3.14E-38	136
comp96049_c0_seq1.p1	1.89E-55	196
comp97004_c0_seq1.p1	3.57E-16	80.5
BOX15_Mlig015854g1	8.30E-132	400
BOX15_Mlig004065g1	1.21E-107	338
BOX15_Mlig031591g2	1.03E-56	201
BOX15_Mlig013723g1	2.02E-06	58.2
BOX15_Mlig007204g1	3.34E-06	59.7
BOX15_Mlig023951g1	1.57E-16	91.7
BOX15_Mlig003898g1	1.54E-51	189
BOX15_Mlig031004g1	1.65E-06	60.1
BOX15_Mlig031432g4	7.54E-18	96.7
BOX15_Mlig002395g4	7.23E-67	238
BOX15_Mlig007609g1	8.48E-12	76.6
BOX15_Mlig011325g2	6.92E-59	211
BOX15_Mlig022967g3	1.91E-20	104
BOX15_Mlig021793g2	4.92E-107	333
BOX15_Mlig003120g3	8.91E-21	104
BOX15_Mlig010678g1	2.14E-48	180
BOX15_Mlig007416g1	2.21E-05	50.1
BOX15_Mlig028584g3	1.88E-17	95.1
BOX15_Mlig028785g2	7.54E-61	218
BOX15_Mlig019094g1	1.55E-13	82
BOX15_Mlig024322g3	3.29E-12	78.2
BOX15_Mlig029271g2	3.28E-06	58.5
BOX15_Mlig006056g2	6.92E-11	76.3
BOX15_Mlig032051g1	6.27E-08	64.7
BOX15_Mlig015178g3	1.15E-14	86.3
BOX15_Mlig016990g2	2.28E-10	72.8
BOX15_Mlig006976g1	2.42E-05	56.2
BOX15_Mlig031795g3	2.08E-62	223
BOX15_Mlig021130g3	5.52E-21	106
BOX15_Mlig000989g5	3.28E-14	85.5
BOX15_Mlig009538g1	6.92E-05	51.6
BOX15_Mlig000674g2	1.44E-93	313
BOX15_Mlig034115g2	2.63E-32	144
BOX15_Mlig013616g1	4.29E-53	192
BOX15_Mlig011411g1	3.28E-06	53.9
BOX15_Mlig029354g2	8.31E-07	60.1
BOX15_Mlig004551g4	1.49E-13	83.2
BOX15_Mlig014244g1	6.15E-78	261
BOX15_Mlig009645g3	1.44E-05	55.8
BOX15_Mlig024351g4	9.66E-33	136
BOX15_Mlig031804g2	1.35E-109	341
BOX15_Mlig020788g3	1.32E-61	221
BOX15_Mlig026429g3	1.02E-17	95.9
BOX15_Mlig033565g2	4.06E-09	68.6
BOX15_Mlig028680g1	1.27E-04	53.9
BOX15_Mlig027426g1	2.05E-26	122
BOX15_Mlig032568g1	1.30E-63	221
BOX15_Mlig009398g1	4.08E-135	407
BOX15_Mlig025449g1	2.41E-56	201
BOX15_Mlig020199g1	8.98E-18	96.7
BOX15_Mlig009170g1	1.27E-28	132
BOX15_Mlig000841g2	1.04E-72	244
BOX15_Mlig000209g3	1.92E-11	76.3
BOX15_Mlig000862g3	1.15E-162	479
BOX15_Mlig030741g1	5.48E-06	58.5
BOX15_Mlig026840g2	2.84E-57	200
BOX15_Mlig000841g6	7.86E-36	139
BOX15_Mlig002294g2	6.51E-42	169
BOX15_Mlig022707g1	8.08E-38	155
BOX15_Mlig005297g1	6.12E-46	187
BOX15_Mlig007166g1	1.18E-09	70.1
BOX15_Mlig020801g1	4.65E-10	72
BOX15_Mlig008197g1	4.93E-100	316
BOX15_Mlig033226g1	1.36E-35	144
BOX15_Mlig015771g1	4.22E-39	165
BOX15_Mlig013326g1	6.44E-07	55.5
BOX15_Mlig006075g1	2.38E-10	72.8
BOX15_Mlig000461g1	8.15E-135	408
BOX15_Mlig015474g3	2.55E-80	266
BOX15_Mlig032313g1	1.54E-77	263
BOX15_Mlig005955g1	2.84E-25	121
BOX15_Mlig010245g2	3.47E-09	68.9
BOX15_Mlig005363g2	1.71E-11	76.6
BOX15_Mlig016491g1	7.50E-18	88.6
BOX15_Mlig015393g1	1.99E-33	140
BOX15_Mlig017198g1	7.62E-08	64.7
BOX15_Mlig009331g1	2.92E-11	74.3
BOX15_Mlig011397g1	1.87E-09	69.7
BOX15_Mlig003611g1	1.65E-22	107
BOX15_Mlig024916g1	5.17E-09	67
BOX15_Mlig024348g1	4.59E-07	56.6
BOX15_Mlig018669g1	2.01E-13	82.4
BOX15_Mlig016426g1	2.29E-35	149
BOX15_Mlig012309g1	1.76E-37	158
BOX15_Mlig013241g1	1.74E-11	76.3
BOX15_Mlig018909g1	2.59E-08	66.2
BOX15_Mlig025217g1	2.49E-67	236
BOX15_Mlig015385g1	2.86E-09	69.3
BOX15_Mlig009517g1	4.99E-18	97.4
BOX15_Mlig028639g1	4.67E-13	80.1
BOX15_Mlig026767g5	2.27E-51	187
BOX15_Mlig004863g1	1.85E-73	254
BOX15_Mlig010186g1	1.65E-04	53.9
BOX15_Mlig001459g3	4.01E-37	147
BOX15_Mlig008883g4	1.84E-85	275
BOX15_Mlig016491g12	1.77E-28	122
BOX15_Mlig014011g1	1.44E-12	80.5
BOX15_Mlig026396g1	1.74E-11	74.3
BOX15_Mlig031664g1	2.73E-16	87
BOX15_Mlig009645g1	3.88E-05	54.7
BOX15_Mlig030622g1	6.87E-20	102
BOX15_Mlig025621g1	7.10E-12	77.4
BOX15_Mlig033810g1	5.01E-10	72.4
BOX15_Mlig007222g3	1.32E-21	108
BOX15_Mlig000966g1	1.80E-04	53.5
BOX15_Mlig015081g1	6.37E-04	52.8
BOX15_Mlig032482g1	2.95E-10	72.4
BOX15_Mlig031609g1	5.74E-07	62
BOX15_Mlig027167g2	3.27E-41	158
BOX15_Mlig022931g1	4.53E-14	84.3
BOX15_Mlig022345g1	2.29E-09	67
BOX15_Mlig010174g1	1.58E-130	399
BOX15_Mlig019166g1	3.66E-134	406
BOX15_Mlig023922g2	7.10E-169	497
BOX15_Mlig026138g2	1.00E-11	76.6
BOX15_Mlig006140g2	2.40E-29	110
BOX15_Mlig023547g1	2.09E-58	207
BOX15_Mlig012953g1	4.38E-07	62
BOX15_Mlig007558g1	2.16E-18	98.2
BOX15_Mlig014474g5	1.43E-38	150
BOX15_Mlig020283g2	6.81E-136	412
BOX15_Mlig021913g2	2.10E-46	178
BOX15_Mlig033047g1	9.66E-06	57.8
BOX15_Mlig002809g2	4.73E-10	71.6
BOX15_Mlig026586g1	7.45E-09	68.9
BOX15_Mlig002193g1	9.63E-06	54.7
BOX15_Mlig009716g1	1.94E-31	127
BOX15_Mlig009716g2	1.01E-71	240
BOX15_Mlig009645g2	2.91E-05	54.7
BOX15_Mlig015174g1	1.88E-125	383
BOX15_Mlig030616g2	7.25E-12	77.4
BOX15_Mlig021706g1	2.18E-05	52.8
BOX15_Mlig004814g1	2.79E-65	232
BOX15_Mlig020845g1	2.78E-106	357
BOX15_Mlig020704g1	2.99E-07	62
BOX15_Mlig008995g3	1.84E-10	72.8
BOX15_Mlig006398g1	1.61E-06	61.6
BOX15_Mlig005119g9	5.43E-91	296
BOX15_Mlig011179g1	1.60E-27	118
BOX15_Mlig014979g1	7.13E-109	340
BOX15_Mlig025378g2	1.49E-08	66.6
BOX15_Mlig029354g1	2.14E-07	57
BOX15_Mlig005480g1	1.45E-17	90.1
SMEST000150001	4.60E-13	81.3
SMEST000209001	6.98E-14	68.6
SMEST000214001	2.00E-79	258
SMEST000638001	3.77E-15	87.4
SMEST002556001	1.04E-17	88.6
SMEST002905001	1.40E-120	370
SMEST004049001	1.67E-08	66.2
SMEST005358002	6.88E-69	237
SMEST006108001	2.89E-06	55.5
SMEST006412001	4.46E-50	186
SMEST006949001	1.24E-40	170
SMEST008589002	6.71E-47	178
SMEST008719001	1.20E-38	161
SMEST008993001	6.91E-71	239
SMEST009914001	2.15E-13	82
SMEST011523001	1.76E-05	56.6
SMEST011525001	6.42E-07	60.8
SMEST011827001	1.28E-122	376
SMEST012532004	1.44E-43	169
SMEST013147002	5.15E-15	87.4
SMEST014741002	1.12E-119	371
SMEST015256002	4.27E-52	192
SMEST015383001	1.46E-115	356
SMEST016391001	3.05E-04	52.4
SMEST016405001	1.28E-29	126
SMEST016707001	2.52E-11	75.9
SMEST016710001	6.97E-15	86.3
SMEST016913001	1.03E-10	73.6
SMEST017657001	1.18E-05	57
SMEST017668001	2.46E-06	59.3
SMEST017678001	1.37E-07	63.2
SMEST018336002	1.04E-100	315
SMEST018611012	1.07E-36	158
SMEST018611013	1.02E-35	157
SMEST019202001	1.62E-05	57.4
SMEST019203001	2.39E-29	126
SMEST020604001	5.33E-07	59.3
SMEST020658005	1.95E-20	104
SMEST020665001	1.49E-128	389
SMEST020676001	1.15E-07	60.8
SMEST021568001	1.25E-66	233
SMEST021654001	3.54E-15	87
SMEST021796001	1.40E-48	178
SMEST022851001	4.72E-124	397
SMEST022994001	9.22E-10	70.5
SMEST022997001	5.78E-11	73.9
SMEST022999001	5.45E-08	64.3
SMEST023242002	5.55E-72	246
SMEST023360001	7.51E-62	213
SMEST023742004	3.82E-61	226
SMEST023742006	4.61E-57	216
SMEST024217002	4.09E-46	172
SMEST024270001	1.36E-16	91.7
SMEST026005001	1.31E-119	369
SMEST027550001	1.00E-54	197
SMEST027888003	1.10E-13	82.8
SMEST028094001	8.19E-18	95.5
SMEST028455001	1.54E-96	311
SMEST028687001	8.31E-22	108
SMEST029022001	1.93E-15	88.6
SMEST029213001	1.09E-112	353
SMEST031120001	1.45E-32	132
SMEST031120002	4.28E-34	139
SMEST031561004	1.18E-129	394
SMEST032616001	1.89E-04	53.1
SMEST032691001	9.14E-80	262
SMEST034894001	2.76E-05	56.2
SMEST034930001	3.57E-65	249
SMEST035185001	7.97E-11	73.9
SMEST037019002	8.82E-56	218
SMEST037124001	3.10E-77	256
SMEST037525001	6.89E-10	69.7
SMEST039581001	5.44E-10	71.2
SMEST039749001	9.36E-42	160
SMEST040082001	3.10E-75	255
SMEST040424001	1.71E-07	64.3
SMEST041696001	3.48E-29	124
SMEST041729001	2.47E-31	131
SMEST041740001	8.91E-34	137
SMEST041796001	1.74E-34	139
SMEST041818001	5.78E-35	140
SMEST041829001	5.80E-36	142
SMEST041885001	2.29E-81	265
SMEST041886001	5.26E-78	255
SMEST041912001	1.28E-35	142
SMEST041914002	1.51E-37	147
SMEST043119001	9.26E-12	77
SMEST043379001	5.19E-15	89
SMEST043840001	3.06E-35	144
SMEST044381001	4.59E-22	108
SMEST045054001	4.51E-21	106
SMEST045131001	6.88E-15	86.7
SMEST045280001	3.08E-58	205
SMEST047329001	7.04E-22	108
SMEST047372002	1.47E-29	115
SMEST047472002	8.61E-42	149
SMEST047581001	6.52E-16	90.1
SMEST048391002	1.09E-68	238
SMEST048395001	8.80E-26	119
SMEST049231001	5.29E-05	55.8
SMEST049467001	1.82E-66	237
SMEST052669002	2.50E-35	145
SMEST053382001	6.31E-07	61.2
SMEST053390001	4.22E-05	55.5
SMEST053391001	9.40E-06	57
SMEST053446003	1.48E-64	231
SMEST053471001	2.70E-05	56.2
SMEST053477002	6.26E-39	151
SMEST055022002	7.46E-107	350
SMEST056126002	3.29E-15	87.8
SMEST056721001	2.76E-99	317
SMEST060702001	2.94E-09	68.9
SMEST061291002	3.37E-25	114
SMEST061291010	3.32E-26	117
SMEST061503001	1.86E-105	334
SMEST061905001	1.20E-80	264
SMEST061997002	7.38E-35	146
SMEST062815001	5.23E-14	84.3
SMEST064187001	1.97E-25	119
SMEST064433001	2.61E-38	148
SMEST064435001	2.05E-34	138
SMEST064442001	1.48E-34	139
SMEST064521001	1.54E-114	359
SMEST064655002	1.12E-24	111
SMEST064656003	5.20E-23	101
SMEST064696001	9.11E-10	70.9
SMEST065489002	9.08E-26	122
SMEST065907001	3.33E-26	124
SMEST066647002	7.04E-44	169
SMEST066647004	3.04E-44	167
SMEST068777001	2.85E-114	355
SMEST069054001	7.87E-07	60.8
SMEST069074001	3.59E-05	50.4
SMEST069521001	9.84E-14	75.5
SMEST069526001	4.75E-06	52.8
SMEST069533002	1.42E-33	139
SMEST069544001	3.50E-12	73.2
SMEST069546001	2.91E-06	53.5
SMEST069611001	1.34E-16	92
SMEST069788001	9.83E-48	171
SMEST069967002	5.49E-79	259
SMEST071005001	4.97E-65	226
SMEST071641001	1.68E-83	276
SMEST071734001	1.13E-70	253
SMEST072389001	5.57E-15	87
SMEST072895001	2.63E-14	85.5
SMEST073148001	4.36E-04	50.4
SMEST073173009	7.28E-35	150
SMEST073183001	5.99E-30	130
SMEST073189006	9.62E-12	78.2
SMEST073204003	9.67E-17	87.8
SMEST073231003	5.37E-28	124
SMEST073267001	1.97E-07	62.8
SMEST073518001	4.91E-62	218
SMEST074769001	2.75E-12	78.2
SMEST075970001	7.80E-49	179
SMEST077071002	6.55E-35	142
SMEST077704001	1.03E-77	256
SMEST078360001	4.39E-13	79.7
SMEST079502001	5.38E-05	55.1
SMEST080345004	8.60E-09	63.9
SMEST080356001	4.29E-10	66.6
SMEST080367001	5.95E-25	120
SMEST080411004	2.53E-27	120
SMEST080891001	5.18E-39	148
SMEST080891003	5.71E-38	144
SMEST080892001	1.29E-05	55.5
SMEST081650001	8.13E-20	102
SMEST081715001	5.77E-09	68.2
SMEST081862001	7.91E-22	110
Gbulla1a000159T1	1.50E-16	91.7
Gbulla1a000252T1	2.24E-116	360
Gbulla1a000380T1	3.10E-44	167
Gbulla1a001153T1	2.17E-73	248
Gbulla1a001266T1	2.34E-22	108
Gbulla1a001487T1	2.63E-11	75.5
Gbulla1a001833T1	6.27E-06	58.2
Gbulla1a001918T1	2.71E-90	289
Gbulla1a001972T1	3.71E-69	236
Gbulla1a002093T1	1.34E-73	248
Gbulla1a002102T1	2.59E-68	238
Gbulla1a002129T1	3.60E-81	269
Gbulla1a002141T2	8.30E-11	73.9
Gbulla1a002141T4	1.06E-15	88.2
Gbulla1a002145T3	1.38E-67	233
Gbulla1a002154T1	9.88E-103	325
Gbulla1a002248T2	1.47E-59	210
Gbulla1a002262T2	6.05E-46	170
Gbulla1a002262T4	2.74E-46	171
Gbulla1a002336T1	5.66E-49	179
Gbulla1a002360T1	1.28E-50	201
Gbulla1a002564T1	1.57E-56	204
Gbulla1a002566T1	1.09E-61	217
Gbulla1a002718T1	1.77E-21	107
Gbulla1a002744T1	9.63E-29	117
Gbulla1a002910T1	1.25E-06	60.8
Gbulla1a003271T6	3.26E-48	181
Gbulla1a003352T1	1.85E-51	190
Gbulla1a003715T1	1.05E-06	61.2
Gbulla1a003730T1	3.41E-08	65.5
Gbulla1a003745T2	3.77E-32	138
Gbulla1a003904T2	1.33E-43	169
Gbulla1a004179T2	9.36E-101	323
Gbulla1a004230T1	4.29E-93	298
Gbulla1a004557T1	9.53E-06	57.8
Gbulla1a004605T1	2.09E-16	91.3
Gbulla1a004720T1	7.13E-60	204
Gbulla1a005014T1	1.31E-35	137
Gbulla1a005228T1	1.96E-08	66.2
Gbulla1a005242T1	2.79E-43	175
Gbulla1a005242T2	2.98E-45	184
Gbulla1a005258T2	5.90E-45	181
Gbulla1a005288T1	1.14E-88	288
Gbulla1a005860T1	1.53E-15	85.9
Gbulla1a006073T1	3.70E-16	90.1
Gbulla1a006919T2	1.38E-123	375
Gbulla1a006945T1	3.24E-17	94.4
Gbulla1a006986T1	4.77E-76	250
Gbulla1a007298T1	8.16E-96	300
Gbulla1a007505T1	5.05E-64	221
Gbulla1a007594T1	9.07E-28	120
Gbulla1a007915T1	3.04E-05	52
Gbulla1a008310T1	2.01E-55	197
Gbulla1a008542T3	1.13E-97	308
Gbulla1a008898T1	4.84E-05	51.2
Gbulla1a008900T1	2.68E-57	207
Gbulla1a009062T1	5.77E-67	231
Gbulla1a009554T1	4.40E-86	301
Gbulla1a009664T1	1.66E-79	270
Gbulla1a009686T3	2.11E-29	124
Gbulla1a009754T1	1.05E-82	269
Gbulla1a009763T1	1.01E-80	263
Gbulla1a009767T1	7.62E-16	87.4
Gbulla1a009838T1	9.67E-06	56.2
Gbulla1a009842T1	7.09E-09	64.3
Gbulla1a009849T1	1.61E-26	124
Gbulla1a010006T1	3.01E-63	222
Gbulla1a010332T1	4.12E-08	59.3
Gbulla1a010489T1	5.06E-73	245
Gbulla1a010498T1	4.91E-66	229
Gbulla1a010653T1	2.59E-34	146
Gbulla1a010749T2	6.24E-59	211
genemark-scf7180006947446-processed-gene-0.4-mRNA-1	5.67E-26	113
genemark-scf7180006947509-processed-gene-0.0-mRNA-1	1.74E-77	254
genemark-scf7180006947626-processed-gene-0.3-mRNA-1	2.44E-65	226
genemark-scf7180006948030-processed-gene-0.0-mRNA-1	2.21E-33	135
genemark-scf7180006949156-processed-gene-0.2-mRNA-1	1.01E-132	402
genemark-scf7180006949356-processed-gene-0.31-mRNA-1	2.54E-37	145
genemark-scf7180006949874-processed-gene-0.0-mRNA-1	1.42E-20	93.6
genemark-scf7180006950185-processed-gene-0.3-mRNA-1	9.19E-88	287
genemark-scf7180006950468-processed-gene-0.4-mRNA-1	4.56E-99	313
genemark-scf7180006950725-processed-gene-0.7-mRNA-1	5.88E-56	202
genemark-scf7180006950902-processed-gene-0.0-mRNA-1	1.50E-07	58.2
genemark-scf7180006951062-processed-gene-0.1-mRNA-1	4.57E-76	262
genemark-scf7180006951248-processed-gene-0.13-mRNA-1	7.29E-56	193
genemark-scf7180006951876-processed-gene-0.1-mRNA-1	4.64E-92	291
genemark-scf7180006952450-processed-gene-0.6-mRNA-1	1.31E-15	88.6
genemark-scf7180006952571-processed-gene-0.8-mRNA-1	7.54E-75	246
genemark-scf7180006952778-processed-gene-0.1-mRNA-1	6.77E-64	223
genemark-scf7180006953170-processed-gene-0.2-mRNA-1	2.91E-08	62.8
genemark-scf7180006953275-processed-gene-0.1-mRNA-1	3.43E-73	257
genemark-scf7180006953283-processed-gene-0.3-mRNA-1	6.57E-49	177
genemark-scf7180006953283-processed-gene-0.4-mRNA-1	5.39E-79	258
genemark-scf7180006953384-processed-gene-0.9-mRNA-1	8.92E-11	73.9
genemark-scf7180006953439-processed-gene-1.18-mRNA-1	5.01E-14	84
genemark-scf7180006953440-processed-gene-0.5-mRNA-1	5.07E-79	258
maker-scf7180006947379-snap-gene-0.52-mRNA-1	6.30E-83	263
maker-scf7180006947718-snap-gene-0.10-mRNA-1	1.67E-97	318
maker-scf7180006948385-snap-gene-0.22-mRNA-1	2.35E-99	328
maker-scf7180006950185-snap-gene-0.44-mRNA-1	2.66E-05	49.3
maker-scf7180006950185-snap-gene-0.45-mRNA-1	1.38E-100	344
maker-scf7180006950427-snap-gene-0.13-mRNA-1	5.72E-32	132
maker-scf7180006951118-snap-gene-0.8-mRNA-1	4.23E-10	71.2
maker-scf7180006951332-snap-gene-0.8-mRNA-1	1.12E-10	66.6
maker-scf7180006951430-snap-gene-0.16-mRNA-1	2.92E-52	196
maker-scf7180006952079-snap-gene-0.26-mRNA-1	1.48E-50	179
maker-scf7180006952566-snap-gene-0.22-mRNA-1	5.32E-50	180
maker-scf7180006952568-snap-gene-0.48-mRNA-1	2.48E-106	330
maker-scf7180006952601-snap-gene-0.38-mRNA-1	5.30E-47	179
maker-scf7180006952609-snap-gene-0.52-mRNA-1	5.40E-42	160
maker-scf7180006952735-snap-gene-0.73-mRNA-1	2.42E-72	242
maker-scf7180006952862-augustus-gene-0.7-mRNA-1	9.47E-13	75.1
maker-scf7180006952878-snap-gene-0.90-mRNA-1	1.39E-112	345
maker-scf7180006952878-snap-gene-0.91-mRNA-1	2.81E-113	348
maker-scf7180006952885-snap-gene-0.51-mRNA-1	4.19E-93	308
maker-scf7180006953028-snap-gene-0.159-mRNA-1	3.91E-97	306
maker-scf7180006953179-snap-gene-0.42-mRNA-1	6.12E-70	235
maker-scf7180006953212-snap-gene-0.34-mRNA-1	2.61E-115	358
maker-scf7180006953238-snap-gene-0.67-mRNA-1	9.04E-119	363
maker-scf7180006953355-snap-gene-0.59-mRNA-1	9.51E-09	68.2
maker-scf7180006953359-snap-gene-0.98-mRNA-1	1.04E-48	183
snap_masked-scf7180006947291-processed-gene-0.4-mRNA-1	4.20E-09	68.2
snap_masked-scf7180006947467-processed-gene-0.10-mRNA-1	1.47E-64	221
snap_masked-scf7180006947467-processed-gene-0.11-mRNA-1	8.36E-70	237
snap_masked-scf7180006947596-processed-gene-0.3-mRNA-1	5.45E-49	182
snap_masked-scf7180006947596-processed-gene-0.8-mRNA-1	1.20E-17	87
snap_masked-scf7180006947916-processed-gene-0.1-mRNA-1	1.24E-11	75.5
snap_masked-scf7180006948218-processed-gene-0.4-mRNA-1	3.44E-22	100
snap_masked-scf7180006948344-processed-gene-0.1-mRNA-1	4.31E-04	48.9
snap_masked-scf7180006948427-processed-gene-0.1-mRNA-1	6.19E-14	73.9
snap_masked-scf7180006948555-processed-gene-0.24-mRNA-1	1.04E-45	168
snap_masked-scf7180006948867-processed-gene-0.1-mRNA-1	5.75E-10	64.3
snap_masked-scf7180006949080-processed-gene-0.1-mRNA-1	2.75E-05	52
snap_masked-scf7180006949437-processed-gene-0.1-mRNA-1	9.52E-08	56.6
snap_masked-scf7180006950266-processed-gene-0.8-mRNA-1	1.79E-17	84.7
snap_masked-scf7180006950335-processed-gene-0.4-mRNA-1	2.52E-16	81.6
snap_masked-scf7180006950392-processed-gene-0.2-mRNA-1	4.69E-64	222
snap_masked-scf7180006950728-processed-gene-0.8-mRNA-1	6.17E-06	54.3
snap_masked-scf7180006950810-processed-gene-0.7-mRNA-1	1.24E-05	53.5
snap_masked-scf7180006951049-processed-gene-0.2-mRNA-1	3.33E-05	53.9
snap_masked-scf7180006951295-processed-gene-0.1-mRNA-1	1.68E-34	135
snap_masked-scf7180006951866-processed-gene-0.19-mRNA-1	1.80E-08	64.7
snap_masked-scf7180006952033-processed-gene-0.2-mRNA-1	4.16E-13	78.6
snap_masked-scf7180006952484-processed-gene-0.9-mRNA-1	7.54E-33	139
snap_masked-scf7180006952645-processed-gene-0.5-mRNA-1	7.85E-05	53.1
snap_masked-scf7180006952792-processed-gene-0.16-mRNA-1	2.75E-18	87.4
snap_masked-scf7180006952808-processed-gene-0.16-mRNA-1	1.13E-16	90.9
snap_masked-scf7180006953275-processed-gene-0.4-mRNA-1	1.47E-11	64.3
snap_masked-scf7180006953351-processed-gene-0.14-mRNA-1	3.78E-15	87
GW921790.1.p1	5.31E-29	120
GW922465.1.p1	3.58E-25	112
TRINITY_DN14495_c0_g1_i7.p1	2.84E-10	73.6
TRINITY_DN278_c0_g1_i12.p1	7.22E-20	104
TRINITY_DN583_c0_g1_i5.p1	8.15E-44	171
TRINITY_DN2169_c0_g2_i2.p1	4.58E-47	179
TRINITY_DN4712_c0_g1_i4.p1	1.87E-09	68.2
TRINITY_DN372_c0_g2_i12.p1	1.14E-111	350
TRINITY_DN1783_c0_g2_i1.p1	5.66E-68	234
TRINITY_DN2544_c0_g1_i1.p1	4.19E-15	87
TRINITY_DN82683_c0_g3_i1.p1	1.59E-71	243
TRINITY_DN629_c2_g1_i1.p1	9.96E-95	304
TRINITY_DN2223_c0_g1_i2.p1	1.65E-70	241
TRINITY_DN1143_c0_g1_i13.p1	1.98E-81	270
TRINITY_DN3501_c1_g1_i5.p1	3.23E-29	127
TRINITY_DN2969_c0_g1_i4.p2	4.71E-162	485
TRINITY_DN2675_c0_g1_i3.p1	6.18E-69	235
TRINITY_DN1070_c2_g1_i1.p1	1.83E-55	198
TRINITY_DN4163_c0_g1_i4.p1	3.48E-104	327
TRINITY_DN182_c2_g1_i1.p2	7.83E-103	325
TRINITY_DN61669_c0_g1_i1.p1	2.84E-12	77.8
TRINITY_DN1875_c1_g1_i4.p1	1.62E-06	58.2
TRINITY_DN1871_c1_g1_i2.p1	2.96E-103	316
TRINITY_DN362_c0_g1_i10.p2	1.05E-13	80.9
TRINITY_DN806_c0_g1_i1.p2	3.22E-92	291
TRINITY_DN751_c1_g1_i1.p1	3.63E-69	228
TRINITY_DN669_c0_g1_i2.p1	5.55E-10	69.7
TRINITY_DN4729_c0_g1_i5.p1	8.09E-31	130
TRINITY_DN1396_c0_g1_i18.p1	2.68E-07	61.2
TRINITY_DN1954_c0_g1_i5.p1	6.60E-55	194
TRINITY_DN2691_c0_g2_i3.p1	2.06E-08	64.3
TRINITY_DN1153_c0_g3_i2.p1	1.54E-05	55.1
TRINITY_DN64951_c0_g1_i8.p1	6.18E-57	195
TRINITY_DN2102_c0_g1_i5.p2	3.62E-24	108
TRINITY_DN1976_c0_g1_i12.p5	5.25E-17	89
TRINITY_DN1703_c0_g1_i13.p2	1.23E-28	115
TRINITY_DN1153_c0_g1_i12.p2	5.68E-04	49.7
TRINITY_DN15235_c0_g1_i1.p1	4.39E-66	222
TRINITY_DN3433_c0_g1_i2.p3	1.17E-09	66.6
TRINITY_DN27939_c0_g5_i1.p1	2.74E-51	177
TRINITY_DN261_c0_g1_i15.p4	3.27E-23	105
TRINITY_DN27939_c0_g3_i1.p1	5.39E-37	136
TRINITY_DN379_c0_g1_i1.p2	2.55E-60	204
TRINITY_DN16160_c0_g1_i1.p1	6.44E-14	78.6
TRINITY_DN234_c2_g1_i1.p1	2.24E-06	55.5
TRINITY_DN51691_c0_g1_i3.p3	1.30E-41	150
TRINITY_DN5050_c0_g2_i1.p2	3.44E-11	70.5
TRINITY_DN3616_c0_g4_i1.p2	1.84E-05	52
TRINITY_DN28391_c0_g1_i1.p1	1.05E-33	126
TRINITY_DN83_c0_g1_i10.p11	3.73E-14	75.9
TRINITY_DN12455_c0_g1_i1.p6	3.25E-13	73.2
TRINITY_DN1622_c4_g1_i1.p3	3.83E-27	103
TRINITY_DN749_c0_g1_i11.p5	1.64E-09	60.1
TRINITY_DN7744_c0_g2_i2__g.23912	1.86E-112	367
TRINITY_DN13592_c0_g1_i1__g.60716	4.46E-04	53.1
TRINITY_DN5425_c0_g1_i1__g.40156	3.57E-13	81.6
TRINITY_DN4145_c0_g2_i1__g.10088	1.21E-05	56.6
TRINITY_DN14071_c0_g1_i1__g.60845	6.51E-18	95.1
TRINITY_DN716_c0_g1_i1__g.58183	1.34E-77	260
TRINITY_DN19966_c0_g1_i1__g.61958	2.35E-08	65.9
TRINITY_DN8792_c0_g1_i1__g.33803	4.00E-71	240
TRINITY_DN33888_c0_g1_i1__g.64743	8.89E-69	233
TRINITY_DN8938_c0_g4_i1__g.61008	1.28E-07	63.2
TRINITY_DN3243_c0_g1_i4__g.66303	2.14E-70	237
TRINITY_DN37218_c0_g1_i1__g.36314	1.18E-50	188
TRINITY_DN2960_c0_g1_i2__g.35977	2.02E-115	363
TRINITY_DN298_c0_g1_i1__g.23052	7.65E-04	50.8
TRINITY_DN3260_c0_g1_i1__g.66213	1.20E-93	293
TRINITY_DN1941_c0_g1_i3__g.19028	1.34E-91	291
TRINITY_DN126_c2_g1_i2__g.46942	1.04E-50	182
TRINITY_DN3723_c0_g1_i3__g.49168	1.18E-25	118
TRINITY_DN6760_c0_g1_i1__g.49574	6.93E-43	162
TRINITY_DN6232_c1_g2_i4__g.24725	9.43E-11	72.4
TRINITY_DN507_c0_g1_i2__g.63278	1.99E-51	186
TRINITY_DN5582_c1_g3_i5__g.69730	5.53E-23	105
TRINITY_DN8232_c0_g1_i2__g.56161	4.28E-37	147
TRINITY_DN4692_c0_g1_i2__g.70196	1.70E-30	128
TRINITY_DN8865_c0_g1_i1__g.36253	2.27E-11	73.2
TRINITY_DN6550_c0_g1_i1__g.55273	2.67E-17	91.7
TRINITY_DN3248_c1_g1_i2__g.66350	3.17E-77	248
TRINITY_DN5865_c0_g2_i1__g.60030	2.42E-04	51.6
TRINITY_DN2822_c0_g2_i8__g.54467	1.09E-47	173
TRINITY_DN13615_c0_g1_i1__g.43723	6.01E-16	84
TRINITY_DN5079_c0_g3_i1__g.56417	7.21E-58	195
TRINITY_DN8117_c0_g1_i1__g.66884	6.45E-47	164
TRINITY_DN1902_c0_g3_i3__g.19165	4.35E-15	79.7
TRINITY_DN1311_c0_g1_i1__g.7625	1.64E-24	110
TRINITY_DN8539_c0_g1_i1__g.69445	8.68E-30	124
TRINITY_DN303_c0_g2_i3__g.3180	1.18E-26	117
TRINITY_DN1911_c0_g2_i1__g.19186	1.95E-31	128
TRINITY_DN24093_c0_g1_i1__g.38691	3.47E-29	124
TRINITY_DN63_c0_g2_i1__g.14919	1.80E-28	118
TRINITY_DN22685_c0_g5_i1__g.67755	4.15E-30	127
TRINITY_DN49_c0_g3_i1__g.16714	8.65E-04	48.9
TRINITY_DN5676_c0_g1_i1__g.24440	5.60E-11	70.5
TRINITY_DN8855_c1_g1_i2__g.36190	6.17E-19	94
TRINITY_DN3902_c0_g2_i1__g.57064	6.49E-23	103
TRINITY_DN7939_c0_g1_i2__g.59595	4.27E-04	49.7
TRINITY_DN2792_c1_g2_i2__g.39260	2.35E-55	190
TRINITY_DN10154_c0_g1_i1__g.14041	1.21E-21	100
TRINITY_DN12228_c0_g1_i1__g.68744	1.24E-26	113
TRINITY_DN26577_c0_g1_i1__g.26673	1.23E-05	53.9
TRINITY_DN11631_c0_g3_i1__g.62207	1.38E-48	172
TRINITY_DN8117_c0_g2_i1__g.66885	2.70E-36	134
TRINITY_DN24524_c0_g1_i1__g.14079	8.21E-07	57.4
TRINITY_DN2802_c0_g1_i1__g.53889	4.39E-06	54.7
TRINITY_DN1265_c2_g1_i3__g.35425	1.99E-05	52.4
TRINITY_DN16889_c0_g2_i3__g.26277	3.67E-42	154
TRINITY_DN14288_c0_g2_i1__g.35492	1.05E-14	79
TRINITY_DN7998_c0_g1_i1__g.59641	1.03E-24	101
TRINITY_DN16498_c0_g1_i1__g.48816	5.79E-07	56.2
TRINITY_DN472_c0_g1_i1__g.31413	1.17E-11	69.3
TRINITY_DN23543_c0_g1_i1__g.48668	1.40E-06	54.7
TRINITY_DN8539_c0_g2_i1__g.69447	2.39E-08	59.7
TRINITY_DN22685_c0_g4_i1__g.67753	7.50E-10	63.9
TRINITY_DN14288_c0_g3_i1__g.35493	8.25E-33	123
TRINITY_DN18821_c0_g2_i1__g.55338	2.38E-06	53.5
TRINITY_DN37418_c0_g1_i1__g.62372	6.59E-13	72.4
TRINITY_DN3623_c0_g1_i1__g.53133	3.59E-18	85.9
TRINITY_DN1426_c0_g1_i6__g.50543	2.92E-06	52.8
TRINITY_DN28700_c0_g1_i1__g.24501	6.71E-23	94
E_nip_trans_10209_m.65142	4.89E-72	248
E_nip_trans_20683_m.157969	7.99E-21	91.7
E_nip_trans_10270_m.65597	1.58E-15	89.4
E_nip_trans_35232_m.247532	7.45E-24	108
E_nip_trans_35676_m.249542	4.72E-20	103
E_nip_trans_10778_m.71231	2.08E-04	52.4
E_nip_trans_61825_m.386466	1.02E-04	51.2
E_nip_trans_42277_m.293819	9.97E-06	58.2
PXEA_0000069901-mRNA-1	1.03E-05	55.5
PXEA_0000081701-mRNA-1	2.59E-04	43.1
PXEA_0000138301-mRNA-1	3.35E-17	77.8
PXEA_0000261701-mRNA-1	9.93E-09	62
PXEA_0000356301-mRNA-1	5.45E-11	74.3
PXEA_0000378801-mRNA-1	4.97E-08	60.5
PXEA_0000421301-mRNA-1	2.60E-08	59.3
PXEA_0000436301-mRNA-1	2.36E-11	67.8
PXEA_0000468501-mRNA-1	8.24E-28	110
PXEA_0000568401-mRNA-1	1.43E-12	68.6
PXEA_0000569701-mRNA-1	2.22E-05	49.3
PXEA_0000602101-mRNA-1	8.36E-73	238
PXEA_0000636701-mRNA-1	1.22E-05	52.4
PXEA_0000725601-mRNA-1	2.07E-19	88.6
PXEA_0000882501-mRNA-1	3.79E-06	51.6
PXEA_0000886401-mRNA-1	1.16E-27	109
PXEA_0000917101-mRNA-1	5.95E-09	55.5
PXEA_0000966001-mRNA-1	1.94E-06	48.5
PXEA_0001033301-mRNA-1	8.20E-06	55.8
PXEA_0001047801-mRNA-1	1.64E-22	100
PXEA_0001049501-mRNA-1	1.50E-16	78.6
PXEA_0001055801-mRNA-1	6.23E-14	72.4
PXEA_0001180301-mRNA-1	6.59E-31	111
PXEA_0001199101-mRNA-1	2.97E-29	111
PXEA_0001219301-mRNA-1	6.52E-30	124
PXEA_0001247501-mRNA-1	1.46E-15	78.6
PXEA_0001265801-mRNA-1	1.76E-22	97.1
PXEA_0001280601-mRNA-1	1.36E-60	194
PXEA_0001313801-mRNA-1	9.47E-47	180
PXEA_0001359201-mRNA-1	8.25E-06	48.5
PXEA_0001412801-mRNA-1	1.80E-06	51.6
PXEA_0001430001-mRNA-1	6.13E-07	59.7
PXEA_0001506701-mRNA-1	5.70E-19	84
PXEA_0001566501-mRNA-1	2.82E-09	59.3
PXEA_0001658801-mRNA-1	8.19E-23	93.6
PXEA_0001669901-mRNA-1	3.45E-31	121
PXEA_0001720801-mRNA-1	6.73E-14	72
PXEA_0001755601-mRNA-1	3.22E-10	72.8
PXEA_0001762501-mRNA-1	1.81E-05	55.1
PXEA_0001775901-mRNA-1	7.50E-52	183
PXEA_0002032001-mRNA-1	5.38E-06	54.3
PXEA_0002072001-mRNA-1	1.55E-08	58.2
PXEA_0002076901-mRNA-1	2.69E-32	128
PXEA_0002097601-mRNA-1	6.27E-12	77.4
PXEA_0002330101-mRNA-1	2.50E-05	52.4
PXEA_0002398301-mRNA-1	1.05E-07	55.8
PXEA_0002579201-mRNA-1	2.94E-08	56.6
PXEA_0002595701-mRNA-1	1.19E-17	77.4
PXEA_0002611401-mRNA-1	3.20E-41	164
PXEA_0002663301-mRNA-1	1.31E-106	331
PXEA_0002675601-mRNA-1	2.20E-17	89.7
PXEA_0002725201-mRNA-1	6.48E-07	52.4
PXEA_0002874301-mRNA-1	6.40E-83	259
PXEA_0002905301-mRNA-1	2.60E-09	60.5
PXEA_0002922301-mRNA-1	2.94E-15	77
PXEA_0003191101-mRNA-1	2.13E-05	56.2
PXEA_0003257001-mRNA-1	1.10E-05	57.4
PXEA_0003321101-mRNA-1	1.45E-20	87
PXEA_0003394901-mRNA-1	1.19E-65	228
PXEA_0003397201-mRNA-1	9.48E-28	116
PXEA_0003437101-mRNA-1	1.89E-72	241
PXEA_0003502701-mRNA-1	3.91E-29	115
PXEA_0003537501-mRNA-1	2.35E-19	89
PXEA_0003561701-mRNA-1	1.12E-52	182
PXEA_0003679701-mRNA-1	7.45E-05	53.1
PXEA_0003711701-mRNA-1	1.49E-09	60.8
PXEA_0003746701-mRNA-1	1.57E-21	91.3
augustus_masked-agouti_scaf_310-processed-gene-0.2-mRNA-1	6.56E-75	250
augustus_masked-jcf7180000219633-processed-gene-1.11-mRNA-1	2.16E-15	89.4
augustus_masked-jcf7180000225870-processed-gene-0.2-mRNA-1	3.95E-75	251
augustus_masked-jcf7180000276596-processed-gene-0.2-mRNA-1	2.12E-13	81.6
augustus_masked-jcf7180000277226-processed-gene-0.0-mRNA-1	6.32E-10	71.2
maker-agouti_scaf_1131-snap-gene-0.5-mRNA-1	6.18E-04	52
maker-agouti_scaf_322-snap-gene-0.1-mRNA-1	6.36E-40	158
maker-agouti_scaf_914-augustus-gene-0.19-mRNA-1	2.12E-134	415
maker-jcf7180000219501-snap-gene-0.13-mRNA-1	1.20E-78	270
maker-jcf7180000219633-snap-gene-0.1-mRNA-1	1.50E-05	55.5
maker-jcf7180000224771-augustus-gene-0.10-mRNA-1	2.88E-07	62.8
maker-jcf7180000226722-augustus-gene-0.0-mRNA-1	1.02E-76	264
maker-jcf7180000227101-snap-gene-0.1-mRNA-1	8.06E-46	175
maker-jcf7180000231542-augustus-gene-0.1-mRNA-1	1.42E-26	117
maker-jcf7180000233711-snap-gene-0.1-mRNA-1	5.75E-09	66.6
maker-jcf7180000234692-augustus-gene-0.0-mRNA-1	1.19E-10	70.9
maker-jcf7180000257220-snap-gene-0.0-mRNA-1	1.52E-30	130
maker-jcf7180000275465-snap-gene-0.7-mRNA-1	1.20E-38	162
maker-jcf7180000277087-augustus-gene-0.6-mRNA-1	1.89E-12	79.7
snap_masked-jcf7180000224386-processed-gene-0.1-mRNA-1	9.77E-70	237
CSKR_100060-T1	9.41E-45	170
CSKR_100332-T1	4.72E-05	54.7
CSKR_100445-T1	2.03E-06	60.1
CSKR_100484-T1	9.85E-72	248
CSKR_100656-T1	7.46E-76	259
CSKR_100822-T1	3.30E-53	202
CSKR_102333-T1	1.34E-44	176
CSKR_104473-T1	8.60E-08	64.3
CSKR_105969-T1	1.20E-36	143
CSKR_105970-T1	9.28E-27	119
CSKR_106108-T1	1.77E-05	57.8
CSKR_106284-T1	1.56E-72	245
CSKR_107128-T1	1.35E-09	71.2
CSKR_108891-T1	4.88E-129	419
CSKR_109717-T1	1.36E-109	345
CSKR_109736-T1	9.21E-87	288
CSKR_109823-T1	4.73E-34	126
CSKR_109824-T1	1.68E-21	104
CSKR_110046-T1	7.58E-07	61.6
CSKR_110200-T1	2.13E-35	154
CSKR_110516-T1	1.78E-32	140
CSKR_110807-T1	7.55E-64	234
CSKR_110812-T1	8.04E-48	184
CSKR_110817-T1	1.26E-14	82.4
CSKR_111023-T1	1.58E-34	134
CSKR_111665-T1	6.53E-16	90.1
CSKR_111805-T1	4.55E-46	179
CSKR_112300-T1	2.82E-72	243
CSKR_112340-T1	7.23E-29	125
CSKR_112524-T1	2.20E-05	53.9
CSKR_112526-T1	1.57E-17	94.4
CSKR_112592-T1	2.89E-75	251
CSKR_112593-T1	5.50E-77	256
CSKR_113136-T1	2.24E-09	69.3
CSKR_113237-T1	4.88E-18	97.1
CSKR_113749-T1	3.32E-18	98.6
CSKR_114037-T1	2.21E-04	52
CSKR_114067-T1	9.13E-84	285
CSKR_202406-T1	6.31E-04	52
CSKR_202691-T1	1.02E-107	363
CSKR_202736-T1	3.40E-47	177
CSKR_202856-T1	1.41E-24	118
ECPE_0000041601-mRNA-1	4.02E-42	145
ECPE_0000045401-mRNA-1	9.75E-09	61.2
ECPE_0000113701-mRNA-1	3.79E-05	51.6
ECPE_0000207701-mRNA-1	1.03E-50	187
ECPE_0000208001-mRNA-1	1.33E-27	124
ECPE_0000209701-mRNA-1	6.46E-71	241
ECPE_0000222701-mRNA-1	1.32E-11	76.6
ECPE_0000233601-mRNA-1	9.15E-07	62
ECPE_0000233901-mRNA-1	7.00E-30	131
ECPE_0000235101-mRNA-1	7.57E-16	91.3
ECPE_0000239801-mRNA-1	3.95E-09	68.6
ECPE_0000244801-mRNA-1	6.16E-36	142
ECPE_0000244901-mRNA-1	4.30E-12	70.5
ECPE_0000249501-mRNA-1	5.24E-21	87.4
ECPE_0000249601-mRNA-1	6.06E-38	132
ECPE_0000265901-mRNA-1	1.08E-24	114
ECPE_0000279801-mRNA-1	1.72E-50	180
ECPE_0000295201-mRNA-1	5.40E-31	142
ECPE_0000299401-mRNA-1	4.81E-17	92.8
ECPE_0000303801-mRNA-1	5.83E-82	288
ECPE_0000312101-mRNA-1	4.29E-91	312
ECPE_0000322401-mRNA-1	1.31E-13	83.2
ECPE_0000326201-mRNA-1	3.67E-35	125
ECPE_0000426701-mRNA-1	8.19E-32	133
ECPE_0000473701-mRNA-1	2.30E-18	98.2
ECPE_0000473801-mRNA-1	1.54E-19	100
ECPE_0000475001-mRNA-1	1.13E-28	127
ECPE_0000480701-mRNA-1	7.04E-06	49.7
ECPE_0000480801-mRNA-1	3.87E-36	146
ECPE_0000521101-mRNA-1	2.15E-51	186
ECPE_0000557001-mRNA-1	4.43E-05	52
ECPE_0000592501-mRNA-1	2.30E-12	68.2
ECPE_0000672501-mRNA-1	6.80E-29	130
ECPE_0000689801-mRNA-1	8.93E-25	118
ECPE_0000758201-mRNA-1	5.61E-72	243
ECPE_0000779701-mRNA-1	7.37E-24	108
ECPE_0000788501-mRNA-1	7.95E-50	185
ECPE_0000789301-mRNA-1	4.49E-08	60.8
ECPE_0000806801-mRNA-1	8.33E-18	96.3
ECPE_0000831901-mRNA-1	6.31E-04	43.5
ECPE_0000874801-mRNA-1	4.21E-31	129
ECPE_0000919301-mRNA-1	1.53E-04	52.4
ECPE_0000923401-mRNA-1	4.19E-18	94.7
ECPE_0000935901-mRNA-1	1.23E-76	252
ECPE_0000963501-mRNA-1	3.27E-49	166
ECPE_0000967101-mRNA-1	8.09E-04	47
ECPE_0001051601-mRNA-1	9.26E-28	118
ECPE_0001139201-mRNA-1	4.65E-24	114
ECPE_0001252201-mRNA-1	1.13E-17	92.4
ECPE_0001366901-mRNA-1	9.24E-76	249
ECPE_0001473401-mRNA-1	2.02E-04	53.9
ECPE_0001593301-mRNA-1	4.56E-33	133
ECPE_0001722101-mRNA-1	1.03E-35	129
ECPE_0001740501-mRNA-1	5.87E-13	67.4
ECPE_0001753801-mRNA-1	1.88E-12	72.8
FGIG_01541	2.26E-70	239
FGIG_02289	2.32E-24	116
FGIG_02589	4.56E-62	224
FGIG_02590	4.63E-71	243
FGIG_03054	8.00E-09	67.8
FGIG_03226	4.67E-91	292
FGIG_03301	3.66E-72	249
FGIG_03463	6.31E-35	145
FGIG_03466	1.34E-10	71.6
FGIG_04082	2.20E-62	224
FGIG_04240	4.51E-52	194
FGIG_04241	2.52E-63	223
FGIG_04398	2.74E-35	148
FGIG_04701	2.12E-24	119
FGIG_04702	1.75E-57	219
FGIG_05051	6.04E-10	67.8
FGIG_05312	3.57E-13	74.3
FGIG_05554	1.42E-06	60.8
FGIG_05559	1.17E-29	119
FGIG_05560	1.02E-19	88.2
FGIG_05892	5.60E-38	150
FGIG_06005	3.07E-13	82.8
FGIG_06053	3.39E-07	59.3
FGIG_06054	9.38E-11	73.9
FGIG_06186	3.71E-24	107
FGIG_06187	5.24E-14	80.1
FGIG_06644	3.62E-45	177
FGIG_06659	4.61E-37	154
FGIG_06661	1.66E-30	134
FGIG_06849	2.42E-17	92
FGIG_06850	5.37E-36	145
FGIG_07823	6.42E-98	320
FGIG_08212	4.66E-76	256
FGIG_08629	2.87E-61	206
FGIG_09057	2.61E-13	78.6
FGIG_09726	3.99E-10	71.6
FGIG_10124	1.66E-39	155
FGIG_10750	9.41E-15	85.1
FGIG_10773	1.82E-36	153
FGIG_10984	2.88E-15	76.3
FGIG_11629	6.26E-10	70.9
augustus_masked-scaffold10x_598_pilon-processed-gene-1.200-mRNA-1	4.34E-07	57.4
maker-scaffold10x_100_pilon-snap-gene-0.1-mRNA-1	1.09E-27	125
maker-scaffold10x_1086_pilon-pred_gff_StringTie-gene-0.30-mRNA-1	3.32E-76	256
maker-scaffold10x_111_pilon-augustus-gene-0.6-mRNA-1	2.54E-86	288
maker-scaffold10x_111_pilon-snap-gene-0.71-mRNA-1	2.98E-107	342
maker-scaffold10x_1213_pilon-snap-gene-0.66-mRNA-1	9.75E-21	103
maker-scaffold10x_125_pilon-augustus-gene-0.74-mRNA-1	1.72E-06	60.5
maker-scaffold10x_1322_pilon-snap-gene-0.10-mRNA-1	3.05E-18	98.2
maker-scaffold10x_1326_pilon-snap-gene-0.57-mRNA-1	1.00E-05	57
maker-scaffold10x_1420_pilon-snap-gene-0.54-mRNA-1	8.76E-70	246
maker-scaffold10x_1829_pilon-snap-gene-0.28-mRNA-1	4.88E-17	93.6
maker-scaffold10x_1972_pilon-snap-gene-0.29-mRNA-1	2.44E-88	283
maker-scaffold10x_1972_pilon-snap-gene-0.30-mRNA-1	2.85E-64	226
maker-scaffold10x_240_pilon-snap-gene-0.20-mRNA-1	1.61E-38	157
maker-scaffold10x_24_pilon-augustus-gene-0.6-mRNA-1	2.84E-05	55.5
maker-scaffold10x_256_pilon-snap-gene-0.12-mRNA-1	6.42E-126	398
maker-scaffold10x_330_pilon-snap-gene-0.88-mRNA-1	1.88E-06	60.5
maker-scaffold10x_345_pilon-augustus-gene-0.44-mRNA-1	2.89E-101	326
maker-scaffold10x_370_pilon-snap-gene-0.41-mRNA-1	8.62E-12	74.3
maker-scaffold10x_492_pilon-augustus-gene-0.4-mRNA-1	1.40E-43	166
maker-scaffold10x_493_pilon-snap-gene-1.25-mRNA-1	4.88E-32	139
maker-scaffold10x_513_pilon-snap-gene-1.149-mRNA-1	6.30E-13	79.3
maker-scaffold10x_598_pilon-augustus-gene-1.139-mRNA-1	4.71E-36	148
maker-scaffold10x_602_pilon-pred_gff_StringTie-gene-0.15-mRNA-1	2.87E-15	89.4
maker-scaffold10x_609_pilon-snap-gene-0.7-mRNA-1	1.23E-28	127
maker-scaffold10x_637_pilon-augustus-gene-0.35-mRNA-1	1.21E-23	107
maker-scaffold10x_691_pilon-snap-gene-0.46-mRNA-1	6.82E-09	68.2
maker-scaffold10x_712_pilon-snap-gene-0.7-mRNA-1	7.63E-76	259
maker-scaffold10x_730_pilon-snap-gene-0.76-mRNA-1	7.99E-66	233
maker-scaffold10x_794_pilon-augustus-gene-0.64-mRNA-1	3.61E-69	229
maker-scaffold10x_894_pilon-augustus-gene-0.86-mRNA-1	2.26E-62	225
maker-scaffold10x_908_pilon-snap-gene-1.158-mRNA-1	1.28E-65	222
maker-scaffold10x_908_pilon-snap-gene-1.174-mRNA-1	8.29E-08	53.5
maker-scaffold10x_90_pilon-augustus-gene-0.113-mRNA-1	5.27E-25	115
maker-scaffold10x_90_pilon-snap-gene-0.102-mRNA-1	1.31E-13	75.9
maker-scaffold10x_90_pilon-snap-gene-0.98-mRNA-1	1.05E-58	223
maker-scaffold10x_925_pilon-snap-gene-0.5-mRNA-1	7.23E-25	117
snap_masked-scaffold10x_2623_pilon-processed-gene-0.3-mRNA-1	6.99E-10	70.9
snap_masked-scaffold10x_513_pilon-processed-gene-1.78-mRNA-1	7.76E-11	73.9
FBUS_00206	1.17E-13	75.9
FBUS_00558	2.22E-49	186
FBUS_00785	5.30E-33	135
FBUS_00950	8.44E-28	126
FBUS_01426	1.82E-22	111
FBUS_01599	1.62E-28	120
FBUS_01600	4.32E-35	142
FBUS_01623	6.85E-27	122
FBUS_01874	1.89E-06	53.5
FBUS_02208	1.02E-07	64.3
FBUS_02209	3.88E-25	114
FBUS_02255	2.70E-13	82
FBUS_02328	2.42E-69	235
FBUS_02512	1.11E-14	86.7
FBUS_02513	4.42E-23	114
FBUS_02514	1.47E-57	211
FBUS_02528	5.37E-60	218
FBUS_02647	1.27E-20	105
FBUS_02767	3.84E-86	283
FBUS_02777	1.07E-74	259
FBUS_02809	4.90E-12	77.8
FBUS_03035	7.67E-82	283
FBUS_03615	9.49E-39	158
FBUS_03768	7.75E-25	115
FBUS_03795	2.23E-89	296
FBUS_03796	2.26E-87	290
FBUS_03872	7.30E-36	148
FBUS_04006	7.27E-126	402
FBUS_04043	3.07E-40	164
FBUS_04495	8.15E-70	244
FBUS_04736	1.90E-07	64.3
FBUS_05118	3.62E-27	129
FBUS_05120	5.01E-35	149
FBUS_05335	3.13E-33	136
FBUS_05372	1.76E-13	83.6
FBUS_05431	2.50E-14	70.9
FBUS_05551	9.59E-09	67
FBUS_05912	2.46E-76	257
FBUS_06108	2.72E-74	250
FBUS_06597	3.81E-12	78.6
FBUS_07000	6.11E-21	107
FBUS_07501	1.13E-14	85.9
FBUS_07927	2.17E-04	49.7
FBUS_08443	6.25E-37	150
FBUS_08796	4.73E-37	150
FBUS_09115	5.56E-48	179
FBUS_11148	1.07E-13	72.4
FBUS_11313	1.11E-71	239
FBUS_11854	8.52E-95	300
CRM22_000207	4.64E-35	145
CRM22_001344	2.71E-40	156
CRM22_001648	7.53E-129	419
CRM22_002079.1	1.12E-10	74.7
CRM22_002585	5.50E-77	256
CRM22_002586	2.06E-75	251
CRM22_002607	8.54E-50	189
CRM22_002701	2.13E-08	65.9
CRM22_002711.2	2.07E-44	175
CRM22_002991.2	7.83E-66	234
CRM22_003453	1.56E-72	245
CRM22_003618	1.76E-15	88.6
CRM22_003849	4.62E-53	199
CRM22_004075.2	3.77E-07	61.2
CRM22_004510.1	1.20E-30	125
CRM22_004510.2	4.45E-44	169
CRM22_004601	1.33E-73	246
CRM22_004828	1.73E-49	167
CRM22_004829	1.63E-28	117
CRM22_005099	5.32E-06	58.9
CRM22_005310.1	1.00E-75	259
CRM22_005430	1.08E-83	285
CRM22_006152.2	2.70E-35	145
CRM22_006179	3.12E-25	115
CRM22_006211.5	1.65E-112	355
CRM22_007018	2.31E-148	456
CRM22_007029	1.36E-10	73.2
CRM22_007218.1	2.46E-48	182
CRM22_007742	1.19E-13	73.2
CRM22_008616.1	7.70E-06	58.9
CRM22_009199	2.35E-69	240
CRM22_009406	5.10E-13	81.3
CRM22_009422.1	1.83E-18	98.6
CRM22_009721	1.75E-46	180
CRM22_010139	3.19E-18	97.8
CRM22_010246.1	9.49E-65	226
CRM22_010246.2	3.81E-66	229
CRM22_010247.2	7.52E-62	219
CRM22_010277.1	1.16E-84	281
CRM22_010535	6.46E-19	100
CRM22_010924	3.80E-08	57.8
CRM22_011292	2.24E-07	63.2
T265_00747	7.14E-68	219
T265_01528	2.00E-06	60.1
T265_01690	9.66E-10	70.5
T265_02533	2.79E-14	84.7
T265_02868	6.20E-06	57.4
T265_03886	1.25E-69	241
T265_04919	1.37E-14	85.1
T265_04920	1.93E-11	71.2
T265_05648	1.62E-85	290
T265_05667	5.25E-113	356
T265_05735	2.15E-04	53.5
T265_06210	1.20E-34	146
T265_06211	2.94E-59	212
T265_06223	5.26E-76	253
T265_06225	4.04E-77	256
T265_06813	6.36E-47	175
T265_07724	6.40E-37	150
T265_07728	5.68E-20	101
T265_08541	6.89E-69	233
T265_10270	4.99E-47	186
T265_10302	6.11E-10	71.6
T265_10352	1.33E-05	54.3
T265_10354	7.79E-07	58.5
T265_12012	3.58E-18	88.6
T265_12626	1.87E-18	88.6
T265_12893	3.73E-13	75.1
T265_13009	2.87E-29	127
T265_13118	1.80E-46	179
T265_13190	2.35E-64	208
T265_13422	1.44E-48	182
T265_13679	1.47E-44	172
T265_13838	1.12E-61	224
T265_13973	3.42E-19	93.6
T265_14323	2.95E-21	107
T265_14364	8.62E-67	241
T265_14536	2.86E-10	69.7
T265_14724	1.38E-66	248
T265_15588	8.83E-76	259
T265_16029	2.39E-04	48.5
DEA37_0000062	4.71E-19	96.7
DEA37_0000235	4.10E-12	72.8
DEA37_0001308	5.26E-15	84.3
DEA37_0002114	1.22E-23	104
DEA37_0002115	1.04E-36	144
DEA37_0002622	5.86E-08	54.3
DEA37_0002623	2.75E-20	100
DEA37_0002624	3.34E-52	171
DEA37_0002704	5.56E-75	244
DEA37_0003890	6.16E-09	62.8
DEA37_0004462	3.40E-04	49.7
DEA37_0004464	5.82E-16	89.4
DEA37_0005114	6.56E-81	261
DEA37_0005115	1.24E-08	64.7
DEA37_0005117	6.96E-11	72
DEA37_0005192	2.06E-77	258
DEA37_0007079	3.93E-30	128
DEA37_0007182	9.21E-22	101
DEA37_0007322	3.17E-49	185
DEA37_0007576	4.17E-09	66.6
DEA37_0007907	7.16E-12	77.4
DEA37_0008185	1.17E-72	244
DEA37_0008606	9.73E-25	114
DEA37_0008608	1.58E-17	94.7
DEA37_0008611	1.69E-23	108
DEA37_0008752	6.89E-11	65.1
DEA37_0009266	9.42E-12	77.4
DEA37_0009581	5.78E-64	226
DEA37_0009670	8.62E-05	52.8
DEA37_0010008	3.98E-06	58.5
DEA37_0010404	2.93E-51	184
DEA37_0011209	8.72E-148	445
DEA37_0011560	3.75E-73	245
DEA37_0011576	8.94E-21	91.3
DEA37_0011578	2.45E-46	175
DEA37_0011753	2.57E-08	65.9
DEA37_0012378	1.88E-07	63.2
DEA37_0013022	2.69E-08	66.2
DEA37_0013057	5.00E-15	87.4
DEA37_0013337	8.33E-102	338
DEA37_0014300	2.09E-07	55.5
DEA37_0014302	8.99E-72	236
DEA37_0014955	1.88E-67	233
DC041_0000575	7.14E-20	99.4
DC041_0000656	3.33E-33	137
DC041_0000691	1.09E-17	96.7
DC041_0000760	2.93E-41	171
DC041_0001742	2.34E-05	55.5
DC041_0002543	3.58E-19	83.2
DC041_0002544	2.76E-36	138
DC041_0003523	8.66E-76	254
DC041_0003524	8.18E-41	159
DC041_0003983	7.55E-190	623
DC041_0004136	2.45E-27	120
DC041_0004563	1.59E-68	234
DC041_0004614	2.13E-20	91.7
DC041_0004624	4.99E-35	134
DC041_0004745	1.70E-61	228
DC041_0005042	4.08E-42	165
DC041_0005325	7.87E-46	187
DC041_0006550	3.72E-12	77.8
DC041_0006773	1.03E-30	132
DC041_0006782	3.48E-56	203
DC041_0006783	5.56E-38	157
DC041_0006807	2.58E-24	109
DC041_0006865	4.09E-19	100
DC041_0006933	4.39E-04	51.6
DC041_0007292	6.79E-49	185
DC041_0007293	5.29E-63	226
DC041_0007369	4.30E-07	62.8
DC041_0008558	6.94E-05	52
DC041_0008559	2.39E-04	51.2
DC041_0008560	8.50E-04	47
DC041_0008876	8.95E-26	113
DC041_0009168	1.38E-11	73.9
DC041_0009852	7.79E-12	77.8
DC041_0010235	3.12E-06	57
DC041_0010345	1.44E-48	180
DC041_0010377	3.78E-72	243
DC041_0010992	3.92E-119	380
DC041_0011588	2.18E-07	54.3
DC041_0012271	3.01E-28	123
DC041_0012679	3.11E-25	118
SCUD_0000012601-mRNA-1	7.43E-40	157
SCUD_0000023701-mRNA-1	1.28E-69	230
SCUD_0000086901-mRNA-1	1.41E-04	52.8
SCUD_0000222601-mRNA-1	3.77E-12	77.8
SCUD_0000282801-mRNA-1	3.68E-05	51.2
SCUD_0000323701-mRNA-1	9.29E-11	70.1
SCUD_0000424801-mRNA-1	2.79E-27	109
SCUD_0000543201-mRNA-1	1.49E-10	63.5
SCUD_0000582601-mRNA-1	4.69E-24	102
SCUD_0000736701-mRNA-1	1.38E-80	274
SCUD_0000736801-mRNA-1	9.05E-47	171
SCUD_0000780101-mRNA-1	6.77E-04	47
SCUD_0000794301-mRNA-1	9.56E-55	197
SCUD_0000802801-mRNA-1	3.90E-44	180
SCUD_0000893501-mRNA-1	1.97E-04	51.2
SCUD_0000903301-mRNA-1	4.93E-51	185
SCUD_0000953601-mRNA-1	1.12E-10	72.8
SCUD_0001014901-mRNA-1	1.59E-68	234
SCUD_0001019001-mRNA-1	3.90E-46	175
SCUD_0001019201-mRNA-1	7.98E-77	256
SCUD_0001120301-mRNA-1	4.43E-23	109
SCUD_0001127201-mRNA-1	4.14E-05	54.3
SCUD_0001186701-mRNA-1	3.13E-05	50.8
SCUD_0001192101-mRNA-1	1.65E-05	54.7
SCUD_0001200101-mRNA-1	1.47E-06	55.5
SCUD_0001203201-mRNA-1	1.61E-17	89.4
SCUD_0001235401-mRNA-1	3.38E-27	117
SCUD_0001385201-mRNA-1	1.63E-38	153
SCUD_0001389301-mRNA-1	4.12E-34	140
SCUD_0001419901-mRNA-1	1.40E-20	105
SCUD_0001452501-mRNA-1	4.67E-23	108
SCUD_0001465501-mRNA-1	2.16E-20	88.6
SCUD_0001544601-mRNA-1	8.04E-19	93.6
SCUD_0001545501-mRNA-1	1.33E-11	73.9
SCUD_0001707701-mRNA-1	1.99E-21	102
SCUD_0001707801-mRNA-1	2.73E-23	109
SCUD_0001748501-mRNA-1	1.98E-40	149
SCUD_0001805601-mRNA-1	8.36E-04	50.4
SCUD_0001813101-mRNA-1	7.87E-09	60.1
SCUD_0001828501-mRNA-1	2.40E-72	243
SCUD_0001860701-mRNA-1	3.80E-37	132
SCUD_0001876601-mRNA-1	1.48E-44	164
SCUD_0001896101-mRNA-1	1.48E-09	67
SCUD_0002047801-mRNA-1	2.68E-11	75.1
SCUD_0002050201-mRNA-1	1.87E-42	160
SCUD_0002072201-mRNA-1	1.68E-36	140
SCUD_0002141701-mRNA-1	1.05E-13	81.3
SCUD_0002226601-mRNA-1	1.62E-82	271
SCUD_0002252401-mRNA-1	6.06E-13	65.9
SCUD_0002268201-mRNA-1	1.32E-14	76.6
MS3_0011647.1	3.78E-72	243
MS3_0011718.1	1.87E-09	70.5
MS3_0011794.1	8.00E-58	218
MS3_0011806.1	5.35E-11	73.6
MS3_0011807.1	4.03E-04	51.2
MS3_0012065.1	5.34E-67	229
MS3_0012268.1	3.03E-36	152
MS3_0013394.1	1.75E-48	192
MS3_0013845.1	1.37E-24	113
MS3_0014938.1	5.72E-12	78.2
MS3_0015225.1	1.70E-68	241
MS3_0015312.1	4.07E-103	320
MS3_0015347.1	5.73E-124	405
MS3_0015402.1	3.24E-19	100
MS3_0015499.1	5.05E-13	80.5
MS3_0015774.1	1.56E-18	99
MS3_0015857.1	1.43E-44	173
MS3_0016111.1	3.16E-98	342
MS3_0016276.1	4.20E-42	165
MS3_0016976.1	5.70E-74	255
MS3_0017353.1	5.33E-45	173
MS3_0017490.1	3.01E-28	123
MS3_0017600.1	1.42E-274	863
MS3_0018301.1	1.10E-64	254
MS3_0019175.1	4.99E-28	124
MS3_0019220.1	1.46E-04	53.5
MS3_0019327.1	7.61E-41	160
MS3_0019988.1	1.08E-40	149
MS3_0020041.1	9.55E-10	70.1
MS3_0020253.1	8.70E-07	61.6
MS3_0020326.1	4.25E-76	253
MS3_0020669.1	8.27E-64	217
MS3_0020873.1	4.11E-15	88.2
EWB00_000689	2.90E-83	283
EWB00_000903	4.34E-44	179
EWB00_000959	6.21E-18	91.7
EWB00_000994	6.51E-30	124
EWB00_001287	5.93E-69	235
EWB00_001803	5.26E-50	185
EWB00_001959.1	8.08E-69	243
EWB00_002747	3.53E-12	77.8
EWB00_002806	7.26E-13	80.5
EWB00_003130	5.07E-61	222
EWB00_003131	3.07E-64	227
EWB00_003132	1.43E-58	211
EWB00_004230	5.80E-12	76.6
EWB00_004630	9.54E-73	248
EWB00_005092	2.63E-61	213
EWB00_005770	8.60E-36	154
EWB00_006004	1.80E-18	98.2
EWB00_006065	1.31E-122	388
EWB00_006254	2.15E-18	98.2
EWB00_006346.1	4.08E-28	124
EWB00_006495	1.02E-74	259
EWB00_006661	5.92E-93	305
EWB00_006662.1	2.93E-78	262
EWB00_006662.2	1.10E-106	340
EWB00_007183.2	2.28E-09	70.1
EWB00_007595	4.98E-20	92.8
EWB00_007597	2.60E-37	151
EWB00_008387	1.13E-54	199
EWB00_008559	1.20E-17	96.3
EWB00_008662.3	3.74E-33	143
EWB00_008689	9.48E-05	53.9
EWB00_008986	1.77E-73	247
EWB00_009408	8.15E-99	345
EWB00_009623	1.05E-45	184
EWB00_010225	1.03E-53	193
EWB00_010226	5.04E-77	257
EWB00_011150	4.22E-16	90.9
Smp_012000.1	1.10E-33	141
Smp_015630.1	6.16E-75	251
Smp_031680.1	7.86E-105	335
Smp_037960.1	3.05E-64	224
Smp_052630.1	1.58E-12	79.7
Smp_083980.1	4.62E-20	103
Smp_093210.1	6.82E-17	93.2
Smp_096480.1	3.78E-72	243
Smp_104890.1	1.11E-68	236
Smp_135040.1	1.63E-43	171
Smp_139330.1	4.79E-92	303
Smp_140920.2	2.31E-124	408
Smp_141570.1	1.27E-28	124
Smp_142700.2	2.05E-63	223
Smp_144110.1	4.66E-13	81.6
Smp_157790.1	5.05E-83	285
Smp_162680.1	2.22E-18	98.2
Smp_170810.1	1.21E-15	89.4
Smp_176310.1	1.75E-73	256
Smp_180570.1	1.82E-57	205
Smp_246130.1	7.79E-84	272
Smp_305740.1	8.74E-72	247
Smp_306240.2	2.55E-57	206
Smp_321840.1	1.34E-11	73.6
Smp_322850.1	8.39E-38	160
Smp_332020.1	6.91E-64	228
Smp_333670.1	3.91E-35	152
Smp_334250.3	3.20E-08	66.6
Smp_334630.1	1.32E-33	141
Smp_334730.1	1.37E-67	239
Smp_336620.1	1.44E-50	189
Smp_337330.1	2.20E-27	122
Smp_342000.1	3.51E-10	71.6
Smp_346800.1	4.39E-06	58.9
Smp_347630.1	1.49E-48	195
SMRZ_0000025001-mRNA-1	6.05E-43	169
SMRZ_0000153001-mRNA-1	2.23E-06	59.7
SMRZ_0000161101-mRNA-1	4.95E-42	158
SMRZ_0000234201-mRNA-1	3.60E-06	57.4
SMRZ_0000278401-mRNA-1	1.85E-04	52
SMRZ_0000303201-mRNA-1	2.97E-05	55.1
SMRZ_0000310901-mRNA-1	3.40E-28	123
SMRZ_0000365101-mRNA-1	1.30E-77	254
SMRZ_0000365401-mRNA-1	1.23E-44	171
SMRZ_0000399701-mRNA-1	3.01E-09	61.2
SMRZ_0000399801-mRNA-1	1.93E-58	211
SMRZ_0000428401-mRNA-1	3.78E-72	243
SMRZ_0000429601-mRNA-1	2.15E-57	202
SMRZ_0000470101-mRNA-1	2.07E-06	58.2
SMRZ_0000511701-mRNA-1	1.10E-24	110
SMRZ_0000642801-mRNA-1	3.25E-14	75.9
SMRZ_0000682301-mRNA-1	1.12E-39	154
SMRZ_0000755801-mRNA-1	7.62E-07	56.6
SMRZ_0000801101-mRNA-1	1.02E-19	85.1
SMRZ_0000818001-mRNA-1	1.16E-137	429
SMRZ_0000878401-mRNA-1	2.26E-18	98.2
SMRZ_0000960301-mRNA-1	2.14E-35	140
SMRZ_0000972101-mRNA-1	1.85E-31	116
SMRZ_0000981701-mRNA-1	7.26E-39	155
SMRZ_0001033201-mRNA-1	1.02E-07	58.9
SMRZ_0001099201-mRNA-1	6.77E-04	47
SMRZ_0001156601-mRNA-1	8.38E-11	72.8
SMRZ_0001172101-mRNA-1	1.69E-27	108
SMRZ_0001205901-mRNA-1	2.28E-11	72.4
SMRZ_0001226201-mRNA-1	1.88E-14	80.5
SMRZ_0001230001-mRNA-1	1.07E-07	62.4
SMRZ_0001280501-mRNA-1	5.86E-68	232
SMRZ_0001309301-mRNA-1	5.23E-60	193
SMRZ_0001322801-mRNA-1	6.74E-04	48.5
SMRZ_0001344001-mRNA-1	2.20E-23	102
SMRZ_0001555601-mRNA-1	2.84E-41	166
SMRZ_0001596201-mRNA-1	2.09E-70	245
SMRZ_0001596301-mRNA-1	1.73E-102	330
SMRZ_0001647201-mRNA-1	2.88E-60	218
SMRZ_0001690901-mRNA-1	1.06E-06	55.5
SMRZ_0001709001-mRNA-1	9.84E-22	100
SMRZ_0001753301-mRNA-1	2.25E-04	51.2
SMRZ_0001845001-mRNA-1	1.39E-12	79.7
SMRZ_0002038901-mRNA-1	1.59E-31	137
SMRZ_0002043301-mRNA-1	1.43E-36	145
SMRZ_0002117001-mRNA-1	2.92E-06	55.1
SMRZ_0002311001-mRNA-1	3.25E-12	64.7
SMRZ_0002319201-mRNA-1	4.58E-30	124
SMRZ_0002392101-mRNA-1	6.93E-73	245
SMRZ_0002534601-mRNA-1	1.74E-63	212
SMTD_0000000101-mRNA-1	2.00E-48	192
SMTD_0000013601-mRNA-1	1.09E-22	103
SMTD_0000026501-mRNA-1	4.37E-12	78.6
SMTD_0000143801-mRNA-1	6.48E-14	76.3
SMTD_0000392501-mRNA-1	7.91E-05	52.4
SMTD_0000543301-mRNA-1	7.44E-39	151
SMTD_0000579401-mRNA-1	1.04E-04	52.8
SMTD_0000613001-mRNA-1	2.45E-27	120
SMTD_0000635201-mRNA-1	4.53E-09	59.3
SMTD_0000664601-mRNA-1	7.07E-13	65.9
SMTD_0000665301-mRNA-1	1.56E-25	109
SMTD_0000685401-mRNA-1	5.82E-64	226
SMTD_0000692601-mRNA-1	1.23E-19	102
SMTD_0000721401-mRNA-1	2.49E-09	66.6
SMTD_0000721501-mRNA-1	1.95E-27	117
SMTD_0000735101-mRNA-1	1.06E-55	211
SMTD_0000756901-mRNA-1	1.18E-52	187
SMTD_0000802401-mRNA-1	3.78E-72	243
SMTD_0000824901-mRNA-1	2.98E-68	233
SMTD_0000850001-mRNA-1	5.62E-07	56.2
SMTD_0000893901-mRNA-1	1.63E-15	89.4
SMTD_0000924401-mRNA-1	4.59E-58	207
SMTD_0000927101-mRNA-1	4.47E-05	54.3
SMTD_0000952701-mRNA-1	4.85E-35	135
SMTD_0001012701-mRNA-1	9.23E-36	138
SMTD_0001031001-mRNA-1	2.25E-57	202
SMTD_0001056601-mRNA-1	7.03E-40	143
SMTD_0001147301-mRNA-1	4.47E-38	132
SMTD_0001220101-mRNA-1	1.67E-11	75.5
SMTD_0001280301-mRNA-1	2.52E-14	84
SMTD_0001360501-mRNA-1	9.38E-35	139
SMTD_0001424401-mRNA-1	1.28E-11	71.2
SMTD_0001453601-mRNA-1	9.83E-31	127
SMTD_0001470301-mRNA-1	2.11E-76	254
SMTD_0001495401-mRNA-1	1.80E-07	61.2
SMTD_0001539301-mRNA-1	5.62E-11	65.9
SMTD_0001618901-mRNA-1	9.07E-04	47
SMTD_0001716501-mRNA-1	5.24E-16	74.7
SMTD_0001741301-mRNA-1	5.91E-72	239
SMTD_0001783501-mRNA-1	6.32E-31	127
SMTD_0001809201-mRNA-1	6.55E-06	57.8
SMTD_0001852201-mRNA-1	3.59E-04	50.8
SMTD_0001881401-mRNA-1	6.50E-76	253
SMTD_0001892701-mRNA-1	1.33E-11	73.9
SMTD_0001912001-mRNA-1	2.85E-32	128
SMTD_0001919101-mRNA-1	6.05E-65	203
SMTD_0002063701-mRNA-1	3.74E-05	50.8
SMTD_0002066001-mRNA-1	2.21E-06	57
SMTD_0002132901-mRNA-1	9.89E-05	48.1
SMTD_0002141001-mRNA-1	4.75E-04	48.5
SMTD_0002152601-mRNA-1	3.55E-20	86.3
SMTD_0002250801-mRNA-1	1.07E-04	51.2
SROB_0000129601-mRNA-1	8.07E-07	60.5
SROB_0000129901-mRNA-1	1.69E-93	306
SROB_0000150001-mRNA-1	1.85E-20	104
SROB_0000164601-mRNA-1	1.34E-21	90.5
SROB_0000164701-mRNA-1	3.05E-38	139
SROB_0000190501-mRNA-1	1.65E-63	218
SROB_0000267301-mRNA-1	1.06E-45	174
SROB_0000290801-mRNA-1	1.18E-66	226
SROB_0000295301-mRNA-1	1.45E-12	80.1
SROB_0000299301-mRNA-1	1.88E-06	55.8
SROB_0000299601-mRNA-1	2.84E-13	82
SROB_0000338801-mRNA-1	2.54E-68	233
SROB_0000339901-mRNA-1	2.66E-11	74.7
SROB_0000398301-mRNA-1	7.48E-34	132
SROB_0000398401-mRNA-1	1.77E-48	181
SROB_0000412601-mRNA-1	5.12E-70	236
SROB_0000431101-mRNA-1	4.43E-05	54.7
SROB_0000464001-mRNA-1	1.69E-54	175
SROB_0000475501-mRNA-1	2.11E-76	251
SROB_0000479401-mRNA-1	7.97E-19	85.1
SROB_0000531601-mRNA-1	6.92E-14	82.8
SROB_0000558601-mRNA-1	2.32E-04	48.9
SROB_0000643001-mRNA-1	2.18E-13	79.3
SROB_0000793401-mRNA-1	2.19E-06	58.5
SROB_0000804701-mRNA-1	7.56E-14	76.6
SROB_0000862401-mRNA-1	1.06E-58	214
SROB_0000876901-mRNA-1	1.43E-06	53.9
SROB_0000879301-mRNA-1	4.03E-19	100
SROB_0001075401-mRNA-1	4.04E-10	68.9
SROB_0001192901-mRNA-1	5.77E-11	65.9
SROB_0001219001-mRNA-1	8.73E-50	182
SROB_0001329601-mRNA-1	3.19E-25	111
SROB_0001442101-mRNA-1	5.40E-05	53.1
SROB_0001563001-mRNA-1	4.95E-09	67.8
SROB_0001568101-mRNA-1	3.98E-05	52.8
SROB_0001609501-mRNA-1	2.23E-16	87
SROB_0001619801-mRNA-1	3.26E-13	79
SROB_0001651301-mRNA-1	5.88E-24	112
SROB_0001673601-mRNA-1	2.04E-27	118
SROB_0001678201-mRNA-1	3.90E-06	52.8
SROB_0001693301-mRNA-1	3.59E-05	50.1
SROB_0001712101-mRNA-1	7.14E-15	79
SROB_0001878301-mRNA-1	3.94E-47	167
SROB_0001933801-mRNA-1	1.80E-15	82.8
SROB_0001946801-mRNA-1	1.09E-07	55.8
SROB_0001967201-mRNA-1	2.13E-10	64.3
SROB_0002045101-mRNA-1	2.35E-26	111
SROB_0002081001-mRNA-1	1.34E-28	115
SROB_0002118801-mRNA-1	1.51E-16	82
SROB_0002169401-mRNA-1	1.87E-53	177
SROB_0002238801-mRNA-1	7.56E-21	93.2
TRE_0000090401-mRNA-1	1.65E-04	48.9
TRE_0000139301-mRNA-1	6.83E-11	66.6
TRE_0000140201-mRNA-1	2.30E-27	120
TRE_0000142601-mRNA-1	4.25E-06	54.7
TRE_0000142701-mRNA-1	1.88E-04	48.9
TRE_0000182201-mRNA-1	3.83E-20	99.4
TRE_0000182301-mRNA-1	3.22E-27	115
TRE_0000200301-mRNA-1	7.85E-10	67.8
TRE_0000212001-mRNA-1	7.72E-10	71.2
TRE_0000219801-mRNA-1	6.57E-07	61.2
TRE_0000220001-mRNA-1	6.20E-05	55.1
TRE_0000297801-mRNA-1	4.76E-34	142
TRE_0000417301-mRNA-1	4.15E-07	58.5
TRE_0000422201-mRNA-1	1.85E-22	107
TRE_0000479301-mRNA-1	1.70E-11	75.5
TRE_0000520601-mRNA-1	4.87E-04	50.8
TRE_0000545801-mRNA-1	2.68E-22	100
TRE_0000609201-mRNA-1	5.65E-46	181
TRE_0000617401-mRNA-1	2.99E-79	263
TRE_0000638701-mRNA-1	1.44E-33	145
TRE_0000653701-mRNA-1	6.50E-33	133
TRE_0000658101-mRNA-1	1.81E-40	140
TRE_0000658901-mRNA-1	3.13E-68	231
TRE_0000675701-mRNA-1	1.88E-40	152
TRE_0000759201-mRNA-1	2.61E-13	70.5
TRE_0000795501-mRNA-1	1.71E-24	105
TRE_0000939101-mRNA-1	4.35E-04	46.2
TRE_0000998601-mRNA-1	3.12E-05	52.8
TRE_0001015201-mRNA-1	8.94E-62	198
TRE_0001068001-mRNA-1	2.26E-45	166
TRE_0001124001-mRNA-1	2.46E-19	92.8
TRE_0001199001-mRNA-1	4.26E-04	50.1
TRE_0001270301-mRNA-1	5.68E-04	50.8
TRE_0001375701-mRNA-1	6.18E-06	53.5
TRE_0001437201-mRNA-1	3.10E-12	75.9
TRE_0001473501-mRNA-1	2.43E-35	137
TRE_0001491201-mRNA-1	4.66E-74	248
TRE_0001556301-mRNA-1	1.95E-12	79.3
TRE_0001627601-mRNA-1	9.04E-07	53.5
TRE_0001631101-mRNA-1	3.74E-21	91.7
TRE_0001659501-mRNA-1	1.04E-23	105
TRE_0001762501-mRNA-1	1.06E-05	57.8
TRE_0001801601-mRNA-1	4.13E-05	48.5
TRE_0001919201-mRNA-1	1.70E-08	52
TRE_0002044501-mRNA-1	1.04E-15	77
TRE_0002076201-mRNA-1	1.13E-08	59.3
TRE_0002186001-mRNA-1	1.22E-23	101
DILT_0000031701-mRNA-1	1.75E-90	288
DILT_0000361801-mRNA-1	4.65E-83	266
DILT_0001059501-mRNA-1	1.41E-74	251
DILT_0001223101-mRNA-1	6.66E-44	158
DILT_0001318901-mRNA-1	3.54E-49	173
DILT_0001527901-mRNA-1	3.20E-39	145
DILT_0001682601-mRNA-1	6.12E-69	227
maker-E.canG7_contigs_7107-pred_gff_cdna2genome-gene-1.212-mRNA-1	1.14E-90	287
maker-E.canG7_contigs_6006-pred_gff_blastx-gene-0.237-mRNA-1	1.65E-108	333
maker-E.canG7_contigs_3694-snap-gene-0.34-mRNA-1	1.72E-67	231
EgrG_000839300	1.15E-107	330
EgrG_000977600	7.16E-89	283
EgrG_000815100	6.51E-60	211
EmuJ_000815100.1	4.18E-62	216
EmuJ_000839300.1	1.44E-109	335
EmuJ_000977600.1	2.83E-90	286
Eoli_000815100.t1	7.74E-22	99.8
Eoli_000839300.t1	1.43E-68	226
TTAC_0000226701-mRNA-1	4.71E-86	274
TTAC_0000497301-mRNA-1	2.11E-100	310
TTAC_0000792501-mRNA-1	3.32E-70	237
HDID_0000072701-mRNA-1	4.23E-62	218
HDID_0000268001-mRNA-1	2.47E-115	352
HDID_0000996001-mRNA-1	8.35E-89	280
HDID_0000996101-mRNA-1	1.34E-45	164
HmN_000557000	4.44E-99	309
HmN_000740800	1.07E-77	253
HmN_000691000	3.29E-60	213
HmN_000740700	5.11E-76	247
HNAJ_0000119501-mRNA-1	2.87E-67	223
HNAJ_0000119601-mRNA-1	2.54E-25	109
HNAJ_0000202101-mRNA-1	8.79E-60	211
HNAJ_0000326401-mRNA-1	1.12E-113	348
MCU_003006-RA	5.60E-89	284
MCU_003006-RC	1.80E-86	275
MCU_008505-RA	4.92E-94	293
MCU_012573-RA	1.13E-08	62.8
SSLN_0000484301-mRNA-1	3.60E-70	239
SSLN_0000619801-mRNA-1	7.03E-51	173
SSLN_0000779301-mRNA-1	1.91E-90	285
SSLN_0001283501-mRNA-1	2.07E-86	274
SSLN_0001387701-mRNA-1	3.78E-104	324
SPER_0000896401-mRNA-1	1.01E-80	258
SPER_0001011701-mRNA-1	3.02E-78	251
SPER_0001303601-mRNA-1	1.23E-16	80.9
SPER_0002358801-mRNA-1	2.23E-12	68.2
SPER_0002358901-mRNA-1	3.58E-46	164
SPER_0003031501-mRNA-1	1.67E-72	243
SPER_0003470201-mRNA-1	3.20E-43	157
TASK_0000043501-mRNA-1	7.99E-66	226
TASK_0000517901-mRNA-1	1.71E-110	339
TASK_0000674001-mRNA-1	4.75E-85	271
Tm1G005475	8.07E-82	263
TSAs00008g02169m00001	1.71E-110	339
TSAs00065g07290m00001	1.90E-93	295
TSAs00180g09711m00001	7.99E-66	226
TsM_000577800	2.14E-111	342
TsM_000842800	1.55E-13	73.6
TsM_001187100	4.06E-66	227
TsM_000842900	2.41E-63	213
comp121836_c2_seq1.p1	2.17E-77	247
comp125061_c0_seq1.p1	1.44E-26	106
comp125061_c1_seq1.p1	5.79E-25	102
comp125061_c2_seq1.p1	5.76E-39	141
comp129721_c0_seq1.p1	3.72E-114	348
comp133517_c0_seq10.p1	2.42E-123	371
comp133517_c0_seq12.p1	7.59E-84	264
comp133517_c0_seq6.p1	1.50E-131	391
comp133517_c0_seq8.p1	9.19E-75	240
BOX15_Mlig019017g2	3.89E-80	261
BOX15_Mlig019017g3	6.63E-79	263
BOX15_Mlig014818g1	3.02E-107	333
BOX15_Mlig018619g1	1.24E-130	389
BOX15_Mlig027460g2	1.37E-109	338
SMEST010795001	1.34E-112	347
SMEST020579002	2.31E-55	189
SMEST028996002	3.03E-116	352
SMEST037592001	1.29E-97	304
SMEST044174001	3.07E-113	352
SMEST046729001	1.38E-90	286
SMEST046751001	2.71E-87	278
SMEST046895001	7.63E-98	304
Gbulla1a000859T1	5.28E-106	329
Gbulla1a000906T3	8.79E-103	319
Gbulla1a002034T1	1.80E-41	154
Gbulla1a002061T1	6.20E-104	323
Gbulla1a002900T1	7.99E-82	267
Gbulla1a005749T1	1.10E-107	333
Gbulla1a005770T1	1.10E-106	332
genemark-scf7180006951261-processed-gene-0.9-mRNA-1	7.34E-108	335
genemark-scf7180006952644-processed-gene-0.14-mRNA-1	2.72E-47	167
genemark-scf7180006953309-processed-gene-0.1-mRNA-1	1.04E-33	132
maker-scf7180006950709-snap-gene-0.42-mRNA-1	5.85E-71	233
maker-scf7180006951048-snap-gene-0.16-mRNA-1	1.08E-45	164
maker-scf7180006951261-augustus-gene-0.126-mRNA-1	1.45E-99	314
snap_masked-scf7180006950328-processed-gene-0.19-mRNA-1	7.74E-84	273
snap_masked-scf7180006951380-processed-gene-0.12-mRNA-1	3.10E-32	134
snap_masked-scf7180006953309-processed-gene-0.9-mRNA-1	6.86E-109	335
TRINITY_DN935_c0_g1_i3.p1	6.39E-82	270
TRINITY_DN129_c0_g1_i2.p2	5.62E-113	349
TRINITY_DN22278_c0_g1_i10.p1	5.08E-106	329
TRINITY_DN5050_c0_g1_i6.p2	6.71E-98	306
TRINITY_DN22443_c0_g2_i1.p1	7.54E-110	334
TRINITY_DN1820_c1_g1_i1.p1	4.67E-25	106
TRINITY_DN91357_c1_g1_i1.p2	4.64E-21	94.7
TRINITY_DN8890_c0_g1_i2__g.36236	3.40E-82	271
TRINITY_DN3325_c0_g1_i1__g.27981	2.74E-100	314
TRINITY_DN1837_c1_g1_i1__g.5196	2.37E-90	284
PXEA_0000286901-mRNA-1	2.98E-59	206
PXEA_0002615101-mRNA-1	1.64E-108	343
PXEA_0003221501-mRNA-1	3.88E-113	346
augustus_masked-agouti_scaf_271-processed-gene-0.10-mRNA-1	5.33E-121	369
maker-agouti_scaf_959-augustus-gene-1.6-mRNA-1	1.87E-40	147
maker-agouti_scaf_959-snap-gene-1.1-mRNA-1	1.34E-80	261
maker-jcf7180000232964-snap-gene-0.1-mRNA-1	3.37E-84	268
maker-jcf7180000272047-augustus-gene-0.1-mRNA-1	6.28E-100	310
snap_masked-jcf7180000223389-processed-gene-0.4-mRNA-1	6.88E-97	302
CSKR_102705-T1	3.68E-120	367
CSKR_105941-T1	4.15E-68	225
CSKR_112689-T1	3.03E-65	226
CSKR_112690-T1	5.41E-67	227
ECPE_0000319501-mRNA-1	1.97E-65	224
ECPE_0000397401-mRNA-1	5.88E-43	161
ECPE_0000525901-mRNA-1	6.87E-119	364
ECPE_0000826801-mRNA-1	6.68E-42	151
FGIG_01755	1.16E-80	263
FGIG_03945	1.43E-106	326
FGIG_03946	5.20E-40	149
FGIG_08187	1.99E-64	220
FGIG_08252	2.10E-62	219
maker-scaffold10x_238_pilon-snap-gene-0.101-mRNA-1	8.03E-107	330
maker-scaffold10x_238_pilon-snap-gene-0.93-mRNA-1	3.04E-113	346
maker-scaffold10x_270_pilon-pred_gff_StringTie-gene-0.50-mRNA-1	6.38E-117	359
snap_masked-scaffold10x_1597_pilon-processed-gene-0.78-mRNA-1	5.15E-65	226
FBUS_00881	9.59E-66	228
FBUS_00882	1.60E-60	209
FBUS_03627	6.87E-119	364
FBUS_04894	9.81E-100	313
FBUS_04895	4.04E-111	341
CRM22_002620	3.27E-64	223
CRM22_002621	8.26E-66	224
CRM22_003306	1.47E-119	366
CRM22_009039	1.66E-110	338
T265_00119	3.24E-64	223
T265_00120	2.45E-64	219
T265_00386	1.04E-119	366
T265_07025	8.10E-05	45.8
T265_14191	6.18E-81	257
DEA37_0000790	7.33E-28	115
DEA37_0001507	3.22E-50	181
DEA37_0005634	8.14E-65	226
DEA37_0008133	6.28E-120	367
DC041_0000353	4.36E-64	211
DC041_0003705	3.60E-114	355
DC041_0004272	1.95E-37	142
DC041_0008432	1.23E-114	353
DC041_0010302	9.32E-48	179
SCUD_0000173201-mRNA-1	3.41E-26	111
SCUD_0000715501-mRNA-1	5.49E-21	95.5
SCUD_0000842201-mRNA-1	4.93E-124	405
SCUD_0000842401-mRNA-1	1.69E-36	137
MS3_0013173.1	2.62E-66	227
MS3_0013287.1	1.74E-114	353
MS3_0013288.1	1.28E-114	356
MS3_0017078.1	7.55E-50	183
EWB00_005380	6.69E-35	132
EWB00_005381	7.52E-125	403
EWB00_008088	2.23E-56	204
EWB00_009839.3	1.32E-109	337
Smp_311480.2	3.07E-115	355
Smp_311490.1	1.18E-117	363
Smp_333600.1	7.50E-111	340
Smp_341500.1	8.19E-55	196
SMRZ_0000563001-mRNA-1	4.92E-114	352
SMRZ_0000710401-mRNA-1	5.40E-45	171
SMRZ_0000776801-mRNA-1	1.24E-114	356
SMRZ_0001444901-mRNA-1	4.58E-20	95.1
SMRZ_0001445001-mRNA-1	1.08E-43	154
SMTD_0000617001-mRNA-1	1.23E-51	184
SMTD_0000660901-mRNA-1	1.49E-20	94
SMTD_0001462301-mRNA-1	5.60E-115	357
SMTD_0001860801-mRNA-1	4.57E-27	113
SROB_0000135901-mRNA-1	3.30E-18	90.9
SROB_0000207101-mRNA-1	2.30E-17	86.3
SROB_0000754901-mRNA-1	2.86E-64	213
SROB_0000933301-mRNA-1	6.64E-120	369
SROB_0001198801-mRNA-1	1.72E-117	361
TRE_0000111601-mRNA-1	1.61E-08	62
TRE_0000179201-mRNA-1	1.07E-22	100
TRE_0000339101-mRNA-1	5.12E-116	356
TRE_0000472301-mRNA-1	3.30E-33	127
TRE_0000571701-mRNA-1	7.24E-52	192
TRE_0001731501-mRNA-1	1.67E-28	120
TRE_0001938901-mRNA-1	7.69E-94	301
