Gbulla1a000159T1	4.23e-139	422
Gbulla1a000252T1	6.63e-173	499
Gbulla1a000380T1	7.98e-43	162
Gbulla1a000859T1	1.40e-166	479
Gbulla1a000896T1	3.95e-33	120
Gbulla1a000897T1	1.96e-61	207
Gbulla1a000906T3	2.02e-151	442
Gbulla1a001153T1	5.66e-136	424
Gbulla1a001266T1	3.78e-129	402
Gbulla1a001487T1	1.50e-100	324
Gbulla1a001833T1	3.68e-128	393
Gbulla1a001918T1	3.96e-49	182
Gbulla1a001972T1	3.15e-139	415
Gbulla1a002034T1	6.73e-50	174
Gbulla1a002061T1	2.82e-173	499
Gbulla1a002093T1	3.54e-98	313
Gbulla1a002102T1	6.06e-114	367
Gbulla1a002129T1	4.45e-120	371
Gbulla1a002141T2	2.29e-24	113
Gbulla1a002141T4	3.21e-28	126
Gbulla1a002145T3	8.21e-82	271
Gbulla1a002154T1	5.76e-148	442
Gbulla1a002248T2	3.51e-126	384
Gbulla1a002262T2	5.90e-77	257
Gbulla1a002262T4	1.38e-76	256
Gbulla1a002336T1	2.30e-69	231
Gbulla1a002360T1	1.63e-77	276
Gbulla1a002423T1	2.45e-05	53.1
Gbulla1a002564T1	3.42e-99	315
Gbulla1a002566T1	5.47e-125	371
Gbulla1a002718T1	9.08e-34	140
Gbulla1a002744T1	5.86e-20	89.0
Gbulla1a002900T1	8.29e-118	360
Gbulla1a002910T1	8.61e-69	244
Gbulla1a003271T6	2.98e-183	535
Gbulla1a003352T1	1.08e-117	358
Gbulla1a003438T3	2.73e-15	84.3
Gbulla1a003715T1	2.04e-130	397
Gbulla1a003730T1	3.48e-135	411
Gbulla1a003745T2	1.29e-112	358
Gbulla1a003904T2	6.45e-182	535
Gbulla1a004179T2	1.22e-136	416
Gbulla1a004230T1	1.68e-66	226
Gbulla1a004557T1	1.00e-05	53.1
Gbulla1a004605T1	6.78e-135	409
Gbulla1a004720T1	3.98e-27	116
Gbulla1a005014T1	1.66e-19	90.5
Gbulla1a005228T1	5.79e-104	328
Gbulla1a005242T1	2.20e-63	233
Gbulla1a005242T2	9.43e-83	290
Gbulla1a005258T2	1.87e-74	265
Gbulla1a005288T1	1.37e-97	309
Gbulla1a005749T1	1.45e-184	531
Gbulla1a005770T1	2.44e-185	534
Gbulla1a005860T1	1.74e-20	95.1
Gbulla1a006073T1	7.53e-59	220
Gbulla1a006919T2	5.93e-158	462
Gbulla1a006945T1	9.53e-166	495
Gbulla1a006986T1	6.83e-86	276
Gbulla1a007298T1	4.85e-132	397
Gbulla1a007505T1	1.30e-118	369
Gbulla1a007594T1	4.09e-18	89.0
Gbulla1a007915T1	2.18e-06	55.1
Gbulla1a008310T1	1.67e-98	314
Gbulla1a008542T3	9.58e-174	511
Gbulla1a008550T1	7.23e-08	60.1
Gbulla1a008898T1	9.95e-08	55.1
Gbulla1a008900T1	1.46e-98	318
Gbulla1a008958T1	2.13e-14	80.9
Gbulla1a009062T1	2.38e-124	378
Gbulla1a009554T1	6.93e-184	561
Gbulla1a009599T1	9.59e-06	52.8
Gbulla1a009664T1	2.78e-160	486
Gbulla1a009686T3	1.36e-24	106
Gbulla1a009754T1	7.17e-190	543
Gbulla1a009763T1	5.15e-179	513
Gbulla1a009767T1	6.30e-21	99.4
Gbulla1a009838T1	8.26e-87	267
Gbulla1a009842T1	2.59e-54	181
Gbulla1a009849T1	1.80e-72	256
Gbulla1a010006T1	4.76e-106	334
Gbulla1a010332T1	1.78e-06	55.8
Gbulla1a010489T1	1.45e-145	430
Gbulla1a010498T1	2.27e-154	454
Gbulla1a010523T1	7.92e-49	181
Gbulla1a010653T1	7.90e-120	382
Gbulla1a010749T2	4.84e-95	308
augustus_masked-scf7180006950230-processed-gene-0.0-mRNA-1	4.55e-21	94.0
genemark-scf7180006947446-processed-gene-0.4-mRNA-1	3.41e-81	268
genemark-scf7180006947509-processed-gene-0.0-mRNA-1	4.15e-173	498
genemark-scf7180006947626-processed-gene-0.3-mRNA-1	7.60e-117	359
genemark-scf7180006948030-processed-gene-0.0-mRNA-1	7.55e-37	141
genemark-scf7180006949156-processed-gene-0.2-mRNA-1	3.12e-184	540
genemark-scf7180006949356-processed-gene-0.31-mRNA-1	4.58e-45	173
genemark-scf7180006949874-processed-gene-0.0-mRNA-1	2.56e-27	108
genemark-scf7180006950185-processed-gene-0.3-mRNA-1	3.50e-113	353
genemark-scf7180006950468-processed-gene-0.4-mRNA-1	8.00e-161	481
genemark-scf7180006950725-processed-gene-0.7-mRNA-1	6.89e-95	304
genemark-scf7180006950902-processed-gene-0.0-mRNA-1	4.64e-45	149
genemark-scf7180006951062-processed-gene-0.1-mRNA-1	2.31e-151	464
genemark-scf7180006951248-processed-gene-0.13-mRNA-1	1.05e-94	300
genemark-scf7180006951261-processed-gene-0.9-mRNA-1	6.67e-182	521
genemark-scf7180006951876-processed-gene-0.1-mRNA-1	1.26e-74	244
genemark-scf7180006952450-processed-gene-0.6-mRNA-1	9.23e-88	300
genemark-scf7180006952571-processed-gene-0.8-mRNA-1	8.82e-125	384
genemark-scf7180006952644-processed-gene-0.14-mRNA-1	7.75e-62	194
genemark-scf7180006952778-processed-gene-0.1-mRNA-1	1.16e-131	395
genemark-scf7180006953170-processed-gene-0.2-mRNA-1	1.68e-48	174
genemark-scf7180006953275-processed-gene-0.1-mRNA-1	1.38e-131	414
genemark-scf7180006953283-processed-gene-0.3-mRNA-1	6.16e-112	341
genemark-scf7180006953283-processed-gene-0.4-mRNA-1	2.88e-189	537
genemark-scf7180006953309-processed-gene-0.1-mRNA-1	7.31e-55	180
genemark-scf7180006953384-processed-gene-0.9-mRNA-1	1.85e-140	423
genemark-scf7180006953439-processed-gene-1.18-mRNA-1	2.05e-135	410
genemark-scf7180006953440-processed-gene-0.5-mRNA-1	4.13e-54	189
maker-scf7180006947379-snap-gene-0.52-mRNA-1	2.05e-95	304
maker-scf7180006947718-snap-gene-0.10-mRNA-1	3.31e-133	402
maker-scf7180006948385-snap-gene-0.22-mRNA-1	1.01e-184	558
maker-scf7180006950185-snap-gene-0.44-mRNA-1	8.00e-14	65.1
maker-scf7180006950185-snap-gene-0.45-mRNA-1	1.56e-141	437
maker-scf7180006950427-snap-gene-0.13-mRNA-1	1.95e-135	404
maker-scf7180006950709-snap-gene-0.42-mRNA-1	3.33e-109	329
maker-scf7180006951048-snap-gene-0.16-mRNA-1	2.04e-76	235
maker-scf7180006951118-snap-gene-0.8-mRNA-1	7.37e-161	474
maker-scf7180006951261-augustus-gene-0.126-mRNA-1	9.77e-163	477
maker-scf7180006951332-snap-gene-0.8-mRNA-1	1.01e-78	237
maker-scf7180006951430-snap-gene-0.16-mRNA-1	5.06e-99	315
maker-scf7180006952079-snap-gene-0.26-mRNA-1	3.52e-82	250
maker-scf7180006952566-snap-gene-0.22-mRNA-1	1.15e-68	228
maker-scf7180006952568-snap-gene-0.48-mRNA-1	1.22e-52	188
maker-scf7180006952601-snap-gene-0.38-mRNA-1	1.74e-92	298
maker-scf7180006952609-snap-gene-0.52-mRNA-1	2.56e-154	454
maker-scf7180006952735-snap-gene-0.73-mRNA-1	3.08e-41	157
maker-scf7180006952862-augustus-gene-0.7-mRNA-1	9.73e-68	221
maker-scf7180006952878-snap-gene-0.90-mRNA-1	2.74e-130	385
maker-scf7180006952878-snap-gene-0.91-mRNA-1	2.25e-119	362
maker-scf7180006952885-snap-gene-0.51-mRNA-1	3.56e-123	387
maker-scf7180006953028-snap-gene-0.159-mRNA-1	5.76e-48	177
maker-scf7180006953179-snap-gene-0.42-mRNA-1	1.70e-125	388
maker-scf7180006953212-snap-gene-0.34-mRNA-1	6.38e-139	423
maker-scf7180006953238-snap-gene-0.67-mRNA-1	3.70e-184	528
maker-scf7180006953355-snap-gene-0.59-mRNA-1	2.98e-95	310
maker-scf7180006953359-snap-gene-0.98-mRNA-1	1.83e-86	276
snap_masked-scf7180006947291-processed-gene-0.4-mRNA-1	2.27e-18	92.8
snap_masked-scf7180006947467-processed-gene-0.10-mRNA-1	2.29e-146	434
snap_masked-scf7180006947467-processed-gene-0.11-mRNA-1	2.84e-141	419
snap_masked-scf7180006947542-processed-gene-0.1-mRNA-1	7.45e-08	59.7
snap_masked-scf7180006947596-processed-gene-0.3-mRNA-1	1.07e-60	219
snap_masked-scf7180006947596-processed-gene-0.7-mRNA-1	7.19e-09	57.4
snap_masked-scf7180006947596-processed-gene-0.8-mRNA-1	1.01e-27	112
snap_masked-scf7180006947785-processed-gene-0.4-mRNA-1	2.08e-15	76.6
snap_masked-scf7180006947785-processed-gene-0.6-mRNA-1	8.85e-33	126
snap_masked-scf7180006947916-processed-gene-0.1-mRNA-1	2.00e-99	310
snap_masked-scf7180006948218-processed-gene-0.4-mRNA-1	1.68e-50	177
snap_masked-scf7180006948427-processed-gene-0.1-mRNA-1	1.28e-17	77.4
snap_masked-scf7180006948555-processed-gene-0.24-mRNA-1	1.46e-64	219
snap_masked-scf7180006948596-processed-gene-0.3-mRNA-1	2.83e-14	79.3
snap_masked-scf7180006948867-processed-gene-0.1-mRNA-1	4.52e-11	63.5
snap_masked-scf7180006949080-processed-gene-0.1-mRNA-1	8.36e-41	149
snap_masked-scf7180006949080-processed-gene-0.2-mRNA-1	4.59e-40	145
snap_masked-scf7180006949101-processed-gene-0.1-mRNA-1	4.94e-41	152
snap_masked-scf7180006949437-processed-gene-0.1-mRNA-1	3.38e-44	147
snap_masked-scf7180006950266-processed-gene-0.8-mRNA-1	4.38e-24	99.8
snap_masked-scf7180006950288-processed-gene-0.7-mRNA-1	2.76e-04	48.9
snap_masked-scf7180006950328-processed-gene-0.19-mRNA-1	2.37e-109	338
snap_masked-scf7180006950335-processed-gene-0.4-mRNA-1	1.87e-64	198
snap_masked-scf7180006950392-processed-gene-0.2-mRNA-1	9.98e-116	353
snap_masked-scf7180006950728-processed-gene-0.8-mRNA-1	6.57e-44	147
snap_masked-scf7180006950810-processed-gene-0.7-mRNA-1	1.09e-47	159
snap_masked-scf7180006951049-processed-gene-0.2-mRNA-1	7.63e-52	182
snap_masked-scf7180006951295-processed-gene-0.1-mRNA-1	1.02e-45	154
snap_masked-scf7180006951314-processed-gene-0.5-mRNA-1	1.22e-04	48.9
snap_masked-scf7180006951380-processed-gene-0.12-mRNA-1	2.48e-33	132
snap_masked-scf7180006951977-processed-gene-0.9-mRNA-1	3.20e-05	47.0
snap_masked-scf7180006952033-processed-gene-0.2-mRNA-1	3.46e-18	90.1
snap_masked-scf7180006952237-processed-gene-0.1-mRNA-1	7.75e-37	129
snap_masked-scf7180006952484-processed-gene-0.9-mRNA-1	1.06e-123	384
snap_masked-scf7180006952645-processed-gene-0.5-mRNA-1	8.41e-07	54.7
snap_masked-scf7180006952792-processed-gene-0.16-mRNA-1	2.95e-29	110
snap_masked-scf7180006952808-processed-gene-0.16-mRNA-1	4.38e-32	137
snap_masked-scf7180006952857-processed-gene-0.1-mRNA-1	1.95e-04	45.1
snap_masked-scf7180006953275-processed-gene-0.4-mRNA-1	6.58e-18	81.6
snap_masked-scf7180006953277-processed-gene-0.9-mRNA-1	1.74e-22	107
snap_masked-scf7180006953309-processed-gene-0.9-mRNA-1	3.09e-192	546
snap_masked-scf7180006953351-processed-gene-0.14-mRNA-1	8.21e-19	92.8
snap_masked-scf7180006953457-processed-gene-0.14-mRNA-1	4.12e-04	47.0
GW921790.1.p1	1.45e-66	212
GW922465.1.p1	1.43e-135	404
TRINITY_DN14495_c0_g1_i7.p1	1.37e-19	99.0
TRINITY_DN278_c0_g1_i12.p1	2.70e-44	174
TRINITY_DN583_c0_g1_i5.p1	4.42e-154	465
TRINITY_DN2169_c0_g2_i2.p1	7.73e-181	531
TRINITY_DN4712_c0_g1_i4.p1	3.38e-134	410
TRINITY_DN372_c0_g2_i12.p1	9.35e-60	208
TRINITY_DN935_c0_g1_i3.p1	1.66e-123	377
TRINITY_DN261_c2_g1_i2.p1	2.10e-107	340
TRINITY_DN1783_c0_g2_i1.p1	1.32e-150	447
TRINITY_DN2544_c0_g1_i1.p1	2.42e-129	395
TRINITY_DN82683_c0_g3_i1.p1	2.75e-183	530
TRINITY_DN629_c2_g1_i1.p1	6.87e-138	418
TRINITY_DN2223_c0_g1_i2.p1	1.89e-143	427
TRINITY_DN129_c0_g1_i2.p2	6.03e-194	556
TRINITY_DN1143_c0_g1_i13.p1	3.15e-95	306
TRINITY_DN3501_c1_g1_i5.p1	2.89e-94	293
TRINITY_DN22278_c0_g1_i10.p1	1.16e-171	496
TRINITY_DN2969_c0_g1_i4.p2	5.04e-188	556
TRINITY_DN2675_c0_g1_i3.p1	4.38e-82	273
TRINITY_DN58324_c0_g1_i1.p1	3.36e-52	190
TRINITY_DN1070_c2_g1_i1.p1	4.83e-102	318
TRINITY_DN4163_c0_g1_i4.p1	2.66e-114	353
TRINITY_DN5050_c0_g1_i6.p2	1.88e-132	394
TRINITY_DN182_c2_g1_i1.p2	7.58e-155	449
TRINITY_DN61669_c0_g1_i1.p1	5.82e-12	72.8
TRINITY_DN1875_c1_g1_i4.p1	2.10e-43	158
TRINITY_DN1871_c1_g1_i2.p1	1.61e-137	411
TRINITY_DN362_c0_g1_i10.p2	5.47e-31	129
TRINITY_DN22443_c0_g2_i1.p1	1.47e-170	488
TRINITY_DN1742_c0_g3_i1.p1	8.53e-30	125
TRINITY_DN806_c0_g1_i1.p2	2.42e-143	437
TRINITY_DN751_c1_g1_i1.p1	1.57e-80	254
TRINITY_DN669_c0_g1_i2.p1	1.85e-94	297
TRINITY_DN4729_c0_g1_i5.p1	8.01e-71	237
TRINITY_DN1396_c0_g1_i18.p1	1.46e-78	255
TRINITY_DN1954_c0_g1_i5.p1	8.54e-73	234
TRINITY_DN2691_c0_g2_i3.p1	2.49e-58	204
TRINITY_DN1153_c0_g3_i2.p1	7.20e-73	237
TRINITY_DN64951_c0_g1_i8.p1	6.63e-34	133
TRINITY_DN2102_c0_g1_i5.p2	3.56e-58	204
TRINITY_DN1976_c0_g1_i12.p5	3.35e-36	135
TRINITY_DN898_c0_g1_i1.p1	1.24e-14	78.2
TRINITY_DN1703_c0_g1_i13.p2	4.58e-63	217
TRINITY_DN1153_c0_g1_i12.p2	8.57e-52	182
TRINITY_DN15235_c0_g1_i1.p1	3.13e-84	261
TRINITY_DN4638_c0_g1_i8.p2	2.61e-68	222
TRINITY_DN3433_c0_g1_i2.p3	7.97e-49	172
TRINITY_DN27939_c0_g5_i1.p1	1.72e-72	227
TRINITY_DN261_c0_g1_i15.p4	1.78e-79	256
TRINITY_DN3616_c0_g2_i1.p2	7.77e-23	99.0
TRINITY_DN27939_c0_g3_i1.p1	3.34e-59	191
TRINITY_DN379_c0_g1_i1.p2	1.26e-74	232
TRINITY_DN16160_c0_g1_i1.p1	1.49e-19	89.0
TRINITY_DN234_c2_g1_i1.p1	3.31e-54	187
TRINITY_DN51691_c0_g1_i3.p3	5.82e-75	241
TRINITY_DN34116_c0_g1_i4.p1	1.60e-10	64.3
TRINITY_DN5050_c0_g2_i1.p2	3.57e-54	188
TRINITY_DN660_c0_g1_i1.p1	1.51e-08	58.2
TRINITY_DN1049_c1_g1_i1.p1	7.29e-07	53.1
TRINITY_DN26292_c0_g2_i1.p1	2.09e-10	63.5
TRINITY_DN2512_c0_g2_i2.p3	1.98e-13	72.0
TRINITY_DN1820_c1_g1_i1.p1	2.23e-37	135
TRINITY_DN3616_c0_g4_i1.p2	7.85e-17	80.9
TRINITY_DN83_c0_g2_i1.p3	1.71e-10	62.0
TRINITY_DN112_c1_g3_i4.p3	1.44e-09	59.3
TRINITY_DN28391_c0_g1_i1.p1	5.44e-34	123
TRINITY_DN125373_c0_g3_i2.p1	4.58e-04	43.1
TRINITY_DN91357_c1_g1_i1.p2	1.77e-38	134
TRINITY_DN83_c0_g1_i10.p11	5.97e-30	117
TRINITY_DN12455_c0_g1_i1.p6	3.68e-24	100
TRINITY_DN1622_c4_g1_i1.p3	5.03e-42	150
TRINITY_DN1170_c1_g1_i1.p4	7.30e-29	109
TRINITY_DN749_c0_g1_i11.p5	2.39e-14	71.6
TRINITY_DN7744_c0_g2_i2__g.23912	6.23e-181	546
TRINITY_DN13592_c0_g1_i1__g.60716	1.02e-74	256
TRINITY_DN5425_c0_g1_i1__g.40156	5.50e-128	397
TRINITY_DN4145_c0_g2_i1__g.10088	9.30e-129	395
TRINITY_DN8890_c0_g1_i2__g.36236	1.77e-129	392
TRINITY_DN14071_c0_g1_i1__g.60845	9.02e-38	153
TRINITY_DN716_c0_g1_i1__g.58183	1.01e-83	274
TRINITY_DN5909_c0_g1_i1__g.64859	7.51e-10	66.6
TRINITY_DN22682_c0_g1_i1__g.67797	1.85e-50	186
TRINITY_DN19966_c0_g1_i1__g.61958	2.85e-123	378
TRINITY_DN8792_c0_g1_i1__g.33803	2.79e-163	476
TRINITY_DN3325_c0_g1_i1__g.27981	2.13e-147	436
TRINITY_DN33888_c0_g1_i1__g.64743	4.25e-111	342
TRINITY_DN8938_c0_g4_i1__g.61008	8.19e-34	139
TRINITY_DN3243_c0_g1_i4__g.66303	1.31e-173	499
TRINITY_DN37218_c0_g1_i1__g.36314	1.44e-129	388
TRINITY_DN2960_c0_g1_i2__g.35977	7.44e-135	416
TRINITY_DN298_c0_g1_i1__g.23052	1.54e-18	92.4
TRINITY_DN3260_c0_g1_i1__g.66213	3.11e-107	326
TRINITY_DN1941_c0_g1_i3__g.19028	7.32e-98	306
TRINITY_DN126_c2_g1_i2__g.46942	2.98e-73	243
TRINITY_DN3723_c0_g1_i3__g.49168	2.30e-71	230
TRINITY_DN1837_c1_g1_i1__g.5196	1.96e-133	393
TRINITY_DN6760_c0_g1_i1__g.49574	7.43e-95	298
TRINITY_DN6232_c1_g2_i4__g.24725	1.86e-27	118
TRINITY_DN507_c0_g1_i2__g.63278	4.04e-67	221
TRINITY_DN5582_c1_g3_i5__g.69730	1.35e-29	122
TRINITY_DN8232_c0_g1_i2__g.56161	3.59e-122	372
TRINITY_DN4692_c0_g1_i2__g.70196	1.21e-74	247
TRINITY_DN8865_c0_g1_i1__g.36253	2.31e-57	190
TRINITY_DN6550_c0_g1_i1__g.55273	2.81e-23	104
TRINITY_DN3248_c1_g1_i2__g.66350	1.67e-55	192
TRINITY_DN4445_c0_g1_i1__g.12099	3.23e-11	68.9
TRINITY_DN3001_c1_g1_i1__g.67382	3.99e-42	155
TRINITY_DN5865_c0_g2_i1__g.60030	1.79e-06	54.3
TRINITY_DN2822_c0_g2_i8__g.54467	2.81e-85	265
TRINITY_DN13615_c0_g1_i1__g.43723	1.28e-70	224
TRINITY_DN5079_c0_g3_i1__g.56417	9.61e-64	207
TRINITY_DN3699_c1_g1_i1__g.53314	5.70e-36	139
TRINITY_DN8117_c0_g1_i1__g.66884	1.30e-69	219
TRINITY_DN1902_c0_g3_i3__g.19165	4.14e-27	106
TRINITY_DN1311_c0_g1_i1__g.7625	2.33e-63	204
TRINITY_DN8539_c0_g1_i1__g.69445	5.62e-45	166
TRINITY_DN303_c0_g2_i3__g.3180	3.52e-38	146
TRINITY_DN1911_c0_g2_i1__g.19186	1.90e-41	150
TRINITY_DN24093_c0_g1_i1__g.38691	4.30e-38	141
TRINITY_DN63_c0_g2_i1__g.14919	1.43e-36	141
TRINITY_DN22685_c0_g5_i1__g.67755	2.45e-35	134
TRINITY_DN18821_c0_g1_i2__g.55333	2.79e-31	125
TRINITY_DN49_c0_g3_i1__g.16714	1.69e-41	144
TRINITY_DN5676_c0_g1_i1__g.24440	3.21e-16	82.0
TRINITY_DN8855_c1_g1_i2__g.36190	5.34e-30	122
TRINITY_DN3902_c0_g2_i1__g.57064	3.92e-35	136
TRINITY_DN7939_c0_g1_i2__g.59595	5.16e-24	104
TRINITY_DN2792_c1_g2_i2__g.39260	6.03e-75	231
TRINITY_DN10154_c0_g1_i1__g.14041	2.45e-56	196
TRINITY_DN5894_c1_g1_i1__g.59934	1.62e-06	51.2
TRINITY_DN12228_c0_g1_i1__g.68744	1.16e-36	140
TRINITY_DN26577_c0_g1_i1__g.26673	1.24e-52	183
TRINITY_DN11631_c0_g3_i1__g.62207	4.87e-61	197
TRINITY_DN8117_c0_g2_i1__g.66885	6.55e-48	162
TRINITY_DN24524_c0_g1_i1__g.14079	3.60e-36	137
TRINITY_DN2802_c0_g1_i1__g.53889	8.95e-43	146
TRINITY_DN2337_c0_g3_i1__g.75067	4.46e-05	47.8
TRINITY_DN362_c0_g4_i1__g.3418	7.78e-05	47.0
TRINITY_DN1265_c2_g1_i3__g.35425	2.18e-11	60.8
TRINITY_DN16889_c0_g2_i3__g.26277	1.32e-27	111
TRINITY_DN14288_c0_g2_i1__g.35492	4.67e-37	137
TRINITY_DN3116_c0_g3_i1__g.27220	1.44e-23	100
TRINITY_DN25291_c0_g1_i1__g.72598	1.09e-16	80.5
TRINITY_DN7998_c0_g1_i1__g.59641	6.76e-40	139
TRINITY_DN16498_c0_g1_i1__g.48816	9.60e-29	114
TRINITY_DN472_c0_g1_i1__g.31413	1.72e-25	102
TRINITY_DN23543_c0_g1_i1__g.48668	1.11e-15	77.0
TRINITY_DN8539_c0_g2_i1__g.69447	1.45e-20	90.9
TRINITY_DN22685_c0_g4_i1__g.67753	3.38e-17	80.9
TRINITY_DN14288_c0_g3_i1__g.35493	2.82e-59	192
TRINITY_DN18821_c0_g2_i1__g.55338	5.82e-32	114
TRINITY_DN37418_c0_g1_i1__g.62372	2.58e-44	149
TRINITY_DN3623_c0_g1_i1__g.53133	1.18e-07	53.1
TRINITY_DN1426_c0_g1_i6__g.50543	9.76e-11	61.6
TRINITY_DN1733_c0_g2_i2__g.73152	2.51e-24	94.7
TRINITY_DN28700_c0_g1_i1__g.24501	1.09e-36	123
TRINITY_DN14288_c0_g4_i1__g.35491	6.40e-28	109
TRINITY_DN8415_c0_g3_i2__g.74673	3.74e-08	53.5
E_nip_trans_10209_m.65142	3.19e-128	395
E_nip_trans_20683_m.157969	1.88e-25	94.4
E_nip_trans_10270_m.65597	7.49e-46	181
E_nip_trans_35232_m.247532	4.97e-72	240
E_nip_trans_08002_m.41709	4.12e-21	104
E_nip_trans_35676_m.249542	3.03e-198	587
E_nip_trans_43665_m.304955	7.18e-08	59.7
E_nip_trans_10778_m.71231	2.57e-26	115
E_nip_trans_09773_m.60799	2.15e-20	102
E_nip_trans_61825_m.386466	2.43e-06	52.0
E_nip_trans_42277_m.293819	1.41e-15	84.0
E_nip_trans_68515_m.438439	2.54e-12	68.2
E_nip_trans_18793_m.146275	8.08e-46	170
PXEA_0000038301-mRNA-1	4.25e-55	181
PXEA_0000045401-mRNA-1	3.25e-12	65.9
PXEA_0000069901-mRNA-1	2.26e-06	53.5
PXEA_0000081701-mRNA-1	7.65e-06	43.9
PXEA_0000138301-mRNA-1	1.48e-25	102
PXEA_0000229301-mRNA-1	4.46e-14	70.5
PXEA_0000261701-mRNA-1	3.03e-31	122
PXEA_0000265301-mRNA-1	1.41e-09	63.9
PXEA_0000286901-mRNA-1	5.06e-115	353
PXEA_0000289501-mRNA-1	1.38e-18	82.8
PXEA_0000295501-mRNA-1	9.95e-07	50.4
PXEA_0000356301-mRNA-1	3.43e-228	650
PXEA_0000378801-mRNA-1	5.17e-85	279
PXEA_0000421301-mRNA-1	1.08e-28	105
PXEA_0000436301-mRNA-1	1.31e-21	93.2
PXEA_0000468501-mRNA-1	8.43e-50	158
PXEA_0000513501-mRNA-1	1.67e-15	82.8
PXEA_0000568401-mRNA-1	1.65e-13	66.2
PXEA_0000569701-mRNA-1	5.96e-06	45.8
PXEA_0000602101-mRNA-1	5.62e-127	373
PXEA_0000636701-mRNA-1	5.01e-17	81.3
PXEA_0000725601-mRNA-1	8.79e-36	125
PXEA_0000882501-mRNA-1	2.51e-09	56.6
PXEA_0000886401-mRNA-1	2.61e-34	133
PXEA_0000917101-mRNA-1	1.45e-22	85.5
PXEA_0000966001-mRNA-1	1.51e-10	59.3
PXEA_0001033301-mRNA-1	1.30e-80	256
PXEA_0001047801-mRNA-1	6.13e-45	146
PXEA_0001049501-mRNA-1	1.02e-24	97.1
PXEA_0001055801-mRNA-1	1.94e-29	104
PXEA_0001180301-mRNA-1	5.00e-35	122
PXEA_0001199101-mRNA-1	9.49e-41	134
PXEA_0001219301-mRNA-1	1.01e-63	205
PXEA_0001247501-mRNA-1	1.51e-26	99.0
PXEA_0001265801-mRNA-1	1.34e-33	115
PXEA_0001280601-mRNA-1	8.55e-72	226
PXEA_0001299301-mRNA-1	3.38e-08	58.9
PXEA_0001313801-mRNA-1	1.64e-58	192
PXEA_0001318101-mRNA-1	3.47e-187	550
PXEA_0001345701-mRNA-1	4.58e-16	78.2
PXEA_0001355001-mRNA-1	2.49e-41	150
PXEA_0001359201-mRNA-1	4.82e-12	60.1
PXEA_0001412801-mRNA-1	2.48e-18	76.6
PXEA_0001419201-mRNA-1	1.01e-40	149
PXEA_0001430001-mRNA-1	9.20e-62	200
PXEA_0001453801-mRNA-1	4.34e-08	58.2
PXEA_0001460401-mRNA-1	2.69e-06	47.8
PXEA_0001506701-mRNA-1	2.68e-29	109
PXEA_0001566501-mRNA-1	1.45e-20	80.9
PXEA_0001632701-mRNA-1	7.61e-20	89.4
PXEA_0001647501-mRNA-1	6.85e-31	120
PXEA_0001658801-mRNA-1	8.99e-37	123
PXEA_0001669901-mRNA-1	2.65e-78	248
PXEA_0001720801-mRNA-1	1.28e-21	82.8
PXEA_0001755601-mRNA-1	4.19e-191	560
PXEA_0001762501-mRNA-1	5.81e-27	107
PXEA_0001775901-mRNA-1	4.35e-89	271
PXEA_0001815501-mRNA-1	1.60e-12	64.7
PXEA_0001878901-mRNA-1	9.92e-24	99.8
PXEA_0001887801-mRNA-1	2.08e-24	99.0
PXEA_0001896901-mRNA-1	1.77e-35	122
PXEA_0002032001-mRNA-1	1.56e-35	137
PXEA_0002072001-mRNA-1	4.08e-30	110
PXEA_0002076901-mRNA-1	2.82e-102	301
PXEA_0002097601-mRNA-1	1.35e-166	495
PXEA_0002315701-mRNA-1	6.54e-31	121
PXEA_0002330101-mRNA-1	4.29e-68	209
PXEA_0002398301-mRNA-1	1.42e-22	90.5
PXEA_0002579201-mRNA-1	3.07e-16	70.5
PXEA_0002595701-mRNA-1	8.81e-33	114
PXEA_0002611401-mRNA-1	1.93e-76	260
PXEA_0002615101-mRNA-1	1.62e-207	595
PXEA_0002631001-mRNA-1	3.44e-29	111
PXEA_0002663301-mRNA-1	1.48e-122	365
PXEA_0002675601-mRNA-1	1.52e-21	97.8
PXEA_0002694601-mRNA-1	1.07e-38	135
PXEA_0002725201-mRNA-1	1.54e-25	95.9
PXEA_0002830401-mRNA-1	8.58e-27	110
PXEA_0002874301-mRNA-1	4.75e-100	300
PXEA_0002896101-mRNA-1	1.54e-11	65.5
PXEA_0002905301-mRNA-1	2.20e-20	82.0
PXEA_0002922301-mRNA-1	2.10e-20	87.0
PXEA_0003038301-mRNA-1	5.01e-89	270
PXEA_0003046501-mRNA-1	1.51e-44	150
PXEA_0003159701-mRNA-1	2.92e-32	127
PXEA_0003191101-mRNA-1	3.09e-87	287
PXEA_0003221501-mRNA-1	4.54e-220	620
PXEA_0003257001-mRNA-1	3.81e-115	356
PXEA_0003321101-mRNA-1	2.71e-26	97.8
PXEA_0003349801-mRNA-1	6.58e-37	134
PXEA_0003394901-mRNA-1	3.93e-126	382
PXEA_0003397201-mRNA-1	1.34e-114	333
PXEA_0003436301-mRNA-1	1.76e-28	108
PXEA_0003437101-mRNA-1	2.34e-211	597
PXEA_0003466801-mRNA-1	5.09e-17	75.9
PXEA_0003502701-mRNA-1	6.81e-51	159
PXEA_0003537501-mRNA-1	3.45e-31	109
PXEA_0003561701-mRNA-1	3.58e-100	300
PXEA_0003563801-mRNA-1	1.48e-27	105
PXEA_0003607801-mRNA-1	1.35e-12	70.5
PXEA_0003663001-mRNA-1	5.33e-13	72.8
PXEA_0003679701-mRNA-1	2.40e-59	194
PXEA_0003711701-mRNA-1	1.17e-35	131
PXEA_0003746701-mRNA-1	8.60e-30	110
augustus_masked-agouti_scaf_271-processed-gene-0.10-mRNA-1	7.40e-230	644
augustus_masked-agouti_scaf_310-processed-gene-0.2-mRNA-1	1.85e-114	356
augustus_masked-jcf7180000219633-processed-gene-1.11-mRNA-1	5.52e-220	625
augustus_masked-jcf7180000225870-processed-gene-0.2-mRNA-1	1.70e-203	574
augustus_masked-jcf7180000276596-processed-gene-0.2-mRNA-1	2.60e-126	385
augustus_masked-jcf7180000277226-processed-gene-0.0-mRNA-1	9.45e-203	584
maker-agouti_scaf_1050-snap-gene-0.0-mRNA-1	3.55e-88	280
maker-agouti_scaf_1131-snap-gene-0.5-mRNA-1	6.26e-173	505
maker-agouti_scaf_322-snap-gene-0.1-mRNA-1	3.90e-127	387
maker-agouti_scaf_914-augustus-gene-0.19-mRNA-1	3.52e-205	611
maker-agouti_scaf_959-augustus-gene-1.6-mRNA-1	9.25e-57	181
maker-agouti_scaf_959-snap-gene-1.1-mRNA-1	1.44e-96	300
maker-jcf7180000219501-snap-gene-0.13-mRNA-1	7.03e-115	360
maker-jcf7180000219633-snap-gene-0.1-mRNA-1	2.31e-13	74.3
maker-jcf7180000222797-augustus-gene-0.6-mRNA-1	4.59e-123	388
maker-jcf7180000224771-augustus-gene-0.10-mRNA-1	2.06e-77	258
maker-jcf7180000225855-augustus-gene-0.9-mRNA-1	1.83e-96	310
maker-jcf7180000226722-augustus-gene-0.0-mRNA-1	3.88e-161	491
maker-jcf7180000227101-snap-gene-0.1-mRNA-1	9.06e-178	516
maker-jcf7180000231542-augustus-gene-0.1-mRNA-1	3.53e-34	135
maker-jcf7180000232964-snap-gene-0.1-mRNA-1	1.57e-98	302
maker-jcf7180000233711-snap-gene-0.1-mRNA-1	1.40e-50	175
maker-jcf7180000234692-augustus-gene-0.0-mRNA-1	8.54e-39	146
maker-jcf7180000257220-snap-gene-0.0-mRNA-1	1.35e-108	332
maker-jcf7180000272047-augustus-gene-0.1-mRNA-1	7.17e-109	330
maker-jcf7180000275465-snap-gene-0.7-mRNA-1	7.10e-68	244
maker-jcf7180000276180-snap-gene-0.10-mRNA-1	9.32e-155	462
maker-jcf7180000277087-augustus-gene-0.6-mRNA-1	1.08e-73	260
snap_masked-jcf7180000223389-processed-gene-0.4-mRNA-1	7.20e-109	328
snap_masked-jcf7180000224386-processed-gene-0.1-mRNA-1	3.30e-158	463
CSKR_100060-T1	1.46e-106	327
CSKR_100332-T1	1.04e-17	89.7
CSKR_100445-T1	2.46e-179	523
CSKR_100484-T1	5.90e-134	414
CSKR_100656-T1	3.71e-162	494
CSKR_100822-T1	8.29e-126	424
CSKR_102333-T1	2.21e-161	504
CSKR_102705-T1	8.76e-224	630
CSKR_104473-T1	1.47e-204	585
CSKR_105941-T1	2.20e-105	317
CSKR_105969-T1	4.12e-70	219
CSKR_105970-T1	2.47e-41	157
CSKR_106108-T1	1.51e-32	139
CSKR_106284-T1	1.69e-198	564
CSKR_107128-T1	3.12e-79	279
CSKR_108891-T1	8.52e-183	556
CSKR_109717-T1	1.35e-136	411
CSKR_109736-T1	1.50e-108	338
CSKR_109822-T1	1.52e-05	46.2
CSKR_109823-T1	8.05e-48	169
CSKR_109824-T1	8.83e-49	177
CSKR_110046-T1	2.98e-166	491
CSKR_110200-T1	2.33e-77	272
CSKR_110516-T1	4.84e-113	357
CSKR_110807-T1	7.10e-131	407
CSKR_110812-T1	5.35e-73	260
CSKR_110817-T1	4.66e-23	102
CSKR_111023-T1	7.40e-95	291
CSKR_111665-T1	1.02e-210	603
CSKR_111805-T1	8.10e-77	259
CSKR_112300-T1	3.48e-112	350
CSKR_112340-T1	2.75e-107	338
CSKR_112524-T1	4.27e-64	200
CSKR_112526-T1	5.93e-147	436
CSKR_112592-T1	1.59e-159	466
CSKR_112593-T1	7.66e-180	518
CSKR_112689-T1	3.48e-116	361
CSKR_112690-T1	5.82e-94	298
CSKR_113136-T1	4.09e-185	539
CSKR_113237-T1	1.37e-170	504
CSKR_113626-T1	3.02e-150	466
CSKR_113749-T1	1.24e-185	540
CSKR_114037-T1	1.24e-28	125
CSKR_114067-T1	4.04e-121	381
CSKR_202359-T1	1.41e-115	369
CSKR_202406-T1	2.48e-157	469
CSKR_202481-T1	4.77e-102	324
CSKR_202691-T1	0.0	1001
CSKR_202736-T1	3.54e-140	410
CSKR_202771-T1	1.85e-117	368
CSKR_202856-T1	1.16e-40	163
ECPE_0000041601-mRNA-1	3.96e-51	168
ECPE_0000045401-mRNA-1	3.53e-52	174
ECPE_0000053801-mRNA-1	7.03e-13	69.3
ECPE_0000113701-mRNA-1	3.95e-64	202
ECPE_0000207701-mRNA-1	3.30e-120	377
ECPE_0000208001-mRNA-1	5.35e-63	232
ECPE_0000209701-mRNA-1	3.85e-111	348
ECPE_0000222701-mRNA-1	6.53e-202	580
ECPE_0000233601-mRNA-1	1.08e-85	283
ECPE_0000233901-mRNA-1	2.26e-128	394
ECPE_0000235101-mRNA-1	2.28e-225	642
ECPE_0000237301-mRNA-1	9.54e-16	82.8
ECPE_0000239801-mRNA-1	1.42e-188	548
ECPE_0000244801-mRNA-1	8.33e-67	215
ECPE_0000244901-mRNA-1	1.76e-22	95.5
ECPE_0000249501-mRNA-1	5.64e-40	130
ECPE_0000249601-mRNA-1	7.47e-51	172
ECPE_0000265901-mRNA-1	1.42e-51	176
ECPE_0000279801-mRNA-1	8.65e-85	261
ECPE_0000295201-mRNA-1	2.60e-48	191
ECPE_0000299401-mRNA-1	6.18e-166	485
ECPE_0000303801-mRNA-1	8.26e-142	451
ECPE_0000312101-mRNA-1	8.06e-97	336
ECPE_0000315701-mRNA-1	3.53e-11	59.7
ECPE_0000319501-mRNA-1	2.01e-124	379
ECPE_0000322401-mRNA-1	1.62e-145	438
ECPE_0000326201-mRNA-1	4.30e-51	159
ECPE_0000331401-mRNA-1	2.64e-121	378
ECPE_0000376301-mRNA-1	1.01e-25	108
ECPE_0000376401-mRNA-1	4.92e-34	127
ECPE_0000397401-mRNA-1	9.86e-75	245
ECPE_0000426701-mRNA-1	4.50e-96	304
ECPE_0000462901-mRNA-1	2.01e-13	68.6
ECPE_0000472801-mRNA-1	2.25e-07	48.5
ECPE_0000473701-mRNA-1	8.10e-18	90.9
ECPE_0000473801-mRNA-1	2.48e-35	141
ECPE_0000475001-mRNA-1	3.58e-32	130
ECPE_0000480701-mRNA-1	1.32e-26	103
ECPE_0000480801-mRNA-1	9.88e-98	306
ECPE_0000521101-mRNA-1	4.21e-73	244
ECPE_0000525901-mRNA-1	7.44e-226	635
ECPE_0000557001-mRNA-1	4.57e-22	100
ECPE_0000592501-mRNA-1	1.59e-42	139
ECPE_0000603801-mRNA-1	3.89e-56	180
ECPE_0000672501-mRNA-1	1.94e-38	154
ECPE_0000689801-mRNA-1	3.97e-45	174
ECPE_0000710001-mRNA-1	9.93e-58	183
ECPE_0000758201-mRNA-1	1.67e-180	520
ECPE_0000779701-mRNA-1	1.82e-119	367
ECPE_0000788501-mRNA-1	3.60e-75	249
ECPE_0000789301-mRNA-1	4.61e-29	117
ECPE_0000806801-mRNA-1	5.59e-93	302
ECPE_0000826801-mRNA-1	9.72e-61	198
ECPE_0000831901-mRNA-1	3.90e-19	77.4
ECPE_0000868601-mRNA-1	9.62e-71	232
ECPE_0000874801-mRNA-1	1.63e-96	296
ECPE_0000909701-mRNA-1	2.49e-12	66.6
ECPE_0000919301-mRNA-1	2.46e-57	190
ECPE_0000923401-mRNA-1	2.39e-35	140
ECPE_0000935901-mRNA-1	7.59e-204	573
ECPE_0000963501-mRNA-1	6.98e-55	183
ECPE_0000967101-mRNA-1	3.50e-06	48.9
ECPE_0001051601-mRNA-1	6.28e-33	128
ECPE_0001139201-mRNA-1	8.00e-43	168
ECPE_0001176001-mRNA-1	1.01e-40	148
ECPE_0001252201-mRNA-1	8.44e-35	138
ECPE_0001357701-mRNA-1	3.50e-86	266
ECPE_0001366901-mRNA-1	1.20e-91	278
ECPE_0001422401-mRNA-1	4.48e-79	243
ECPE_0001457301-mRNA-1	3.36e-36	124
ECPE_0001473401-mRNA-1	3.63e-159	480
ECPE_0001593301-mRNA-1	6.16e-116	336
ECPE_0001722101-mRNA-1	8.55e-65	205
ECPE_0001740501-mRNA-1	2.55e-25	95.5
ECPE_0001743601-mRNA-1	2.88e-73	241
ECPE_0001753801-mRNA-1	1.63e-20	90.9
FGIG_01388	1.01e-176	515
FGIG_01541	1.88e-180	520
FGIG_01755	1.84e-168	478
FGIG_02289	1.92e-193	561
FGIG_02532	2.45e-135	417
FGIG_02589	1.90e-77	258
FGIG_02590	6.78e-83	278
FGIG_03054	5.91e-166	487
FGIG_03226	2.51e-147	438
FGIG_03227	3.52e-08	51.2
FGIG_03301	2.74e-137	414
FGIG_03463	6.96e-123	382
FGIG_03466	1.57e-25	111
FGIG_03945	7.87e-140	408
FGIG_03946	1.56e-57	185
FGIG_04082	5.86e-96	310
FGIG_04240	1.52e-151	451
FGIG_04241	1.56e-225	642
FGIG_04398	1.23e-52	200
FGIG_04701	4.10e-53	199
FGIG_04702	1.49e-126	426
FGIG_04818	2.67e-41	148
FGIG_05051	3.83e-57	190
FGIG_05068	3.18e-19	92.0
FGIG_05312	3.54e-39	147
FGIG_05554	1.30e-76	259
FGIG_05559	8.17e-55	177
FGIG_05560	2.41e-49	165
FGIG_05653	5.01e-145	456
FGIG_05892	1.15e-141	419
FGIG_06005	2.97e-220	629
FGIG_06053	1.85e-26	106
FGIG_06054	2.54e-18	92.4
FGIG_06186	8.94e-34	129
FGIG_06187	2.33e-17	82.8
FGIG_06644	1.32e-128	384
FGIG_06659	6.36e-47	187
FGIG_06661	1.25e-39	162
FGIG_06849	1.07e-30	127
FGIG_06850	1.87e-66	214
FGIG_07047	9.98e-86	282
FGIG_07048	7.02e-20	86.7
FGIG_07823	8.66e-220	651
FGIG_07930	3.06e-23	108
FGIG_08187	1.13e-100	313
FGIG_08212	4.45e-197	561
FGIG_08252	1.87e-114	356
FGIG_08629	5.72e-81	246
FGIG_09057	7.50e-23	104
FGIG_09417	9.61e-18	84.0
FGIG_09726	1.27e-194	564
FGIG_10124	2.94e-133	394
FGIG_10452	5.41e-34	125
FGIG_10750	1.40e-103	327
FGIG_10773	4.06e-62	219
FGIG_10984	3.70e-16	77.4
FGIG_11302	6.84e-137	418
FGIG_11629	3.77e-182	530
FGIG_12014	2.71e-13	75.5
augustus_masked-scaffold10x_598_pilon-processed-gene-1.200-mRNA-1	4.19e-11	65.5
maker-scaffold10x_100_pilon-snap-gene-0.1-mRNA-1	6.55e-45	174
maker-scaffold10x_1086_pilon-pred_gff_StringTie-gene-0.30-mRNA-1	2.21e-197	562
maker-scaffold10x_111_pilon-augustus-gene-0.6-mRNA-1	2.32e-104	328
maker-scaffold10x_111_pilon-snap-gene-0.71-mRNA-1	1.49e-144	433
maker-scaffold10x_1213_pilon-snap-gene-0.66-mRNA-1	9.74e-91	299
maker-scaffold10x_125_pilon-augustus-gene-0.74-mRNA-1	3.17e-19	95.9
maker-scaffold10x_1322_pilon-snap-gene-0.10-mRNA-1	4.12e-157	474
maker-scaffold10x_1326_pilon-snap-gene-0.57-mRNA-1	3.27e-97	308
maker-scaffold10x_1373_pilon-snap-gene-0.98-mRNA-1	4.73e-13	75.1
maker-scaffold10x_1420_pilon-snap-gene-0.54-mRNA-1	6.08e-126	396
maker-scaffold10x_1829_pilon-snap-gene-0.28-mRNA-1	5.77e-203	584
maker-scaffold10x_1972_pilon-snap-gene-0.29-mRNA-1	9.94e-150	451
maker-scaffold10x_1972_pilon-snap-gene-0.30-mRNA-1	9.72e-213	607
maker-scaffold10x_217_pilon-augustus-gene-1.19-mRNA-1	3.82e-148	462
maker-scaffold10x_234_pilon-snap-gene-0.15-mRNA-1	2.25e-120	375
maker-scaffold10x_238_pilon-snap-gene-0.101-mRNA-1	7.18e-142	417
maker-scaffold10x_238_pilon-snap-gene-0.93-mRNA-1	3.35e-152	443
maker-scaffold10x_240_pilon-snap-gene-0.20-mRNA-1	1.30e-73	261
maker-scaffold10x_24_pilon-augustus-gene-0.6-mRNA-1	1.45e-102	321
maker-scaffold10x_256_pilon-snap-gene-0.12-mRNA-1	8.53e-178	544
maker-scaffold10x_270_pilon-pred_gff_StringTie-gene-0.50-mRNA-1	1.38e-221	624
maker-scaffold10x_330_pilon-snap-gene-0.88-mRNA-1	2.51e-77	261
maker-scaffold10x_345_pilon-augustus-gene-0.44-mRNA-1	1.02e-168	498
maker-scaffold10x_345_pilon-snap-gene-1.104-mRNA-1	2.55e-134	412
maker-scaffold10x_370_pilon-snap-gene-0.41-mRNA-1	3.61e-79	279
maker-scaffold10x_492_pilon-augustus-gene-0.4-mRNA-1	1.50e-127	381
maker-scaffold10x_493_pilon-snap-gene-1.25-mRNA-1	1.16e-111	352
maker-scaffold10x_498_pilon-snap-gene-0.4-mRNA-1	1.90e-89	291
maker-scaffold10x_513_pilon-snap-gene-1.149-mRNA-1	7.97e-76	249
maker-scaffold10x_598_pilon-augustus-gene-1.139-mRNA-1	1.10e-111	346
maker-scaffold10x_602_pilon-pred_gff_StringTie-gene-0.15-mRNA-1	1.71e-229	652
maker-scaffold10x_609_pilon-snap-gene-0.7-mRNA-1	1.93e-42	162
maker-scaffold10x_637_pilon-augustus-gene-0.35-mRNA-1	1.20e-34	134
maker-scaffold10x_691_pilon-snap-gene-0.46-mRNA-1	1.27e-165	488
maker-scaffold10x_712_pilon-snap-gene-0.7-mRNA-1	2.70e-139	419
maker-scaffold10x_730_pilon-snap-gene-0.76-mRNA-1	1.09e-114	364
maker-scaffold10x_794_pilon-augustus-gene-0.64-mRNA-1	8.26e-125	378
maker-scaffold10x_894_pilon-augustus-gene-0.86-mRNA-1	1.88e-95	309
maker-scaffold10x_908_pilon-snap-gene-1.158-mRNA-1	1.74e-88	270
maker-scaffold10x_908_pilon-snap-gene-1.174-mRNA-1	9.38e-20	79.3
maker-scaffold10x_908_pilon-snap-gene-1.175-mRNA-1	2.57e-13	75.5
maker-scaffold10x_90_pilon-augustus-gene-0.113-mRNA-1	2.34e-38	149
maker-scaffold10x_90_pilon-snap-gene-0.102-mRNA-1	4.43e-15	79.3
maker-scaffold10x_90_pilon-snap-gene-0.98-mRNA-1	4.42e-126	426
maker-scaffold10x_925_pilon-snap-gene-0.5-mRNA-1	1.57e-193	561
snap_masked-scaffold10x_1597_pilon-processed-gene-0.78-mRNA-1	6.04e-116	360
snap_masked-scaffold10x_2623_pilon-processed-gene-0.3-mRNA-1	1.27e-194	564
snap_masked-scaffold10x_513_pilon-processed-gene-1.78-mRNA-1	8.46e-167	491
FBUS_00206	8.85e-50	177
FBUS_00288	9.57e-117	370
FBUS_00558	2.43e-172	508
FBUS_00785	2.43e-137	399
FBUS_00881	1.60e-119	371
FBUS_00882	2.78e-93	295
FBUS_00950	1.54e-47	179
FBUS_01426	2.30e-157	475
FBUS_01599	1.04e-42	164
FBUS_01600	2.16e-67	217
FBUS_01623	2.58e-106	345
FBUS_01874	2.32e-06	47.0
FBUS_02208	5.31e-167	491
FBUS_02209	9.32e-35	137
FBUS_02255	3.44e-197	571
FBUS_02328	2.19e-117	365
FBUS_02512	2.57e-31	132
FBUS_02513	7.14e-52	195
FBUS_02514	2.28e-125	421
FBUS_02528	8.64e-90	294
FBUS_02647	3.46e-188	548
FBUS_02767	4.05e-141	423
FBUS_02777	3.65e-173	523
FBUS_02809	7.00e-185	540
FBUS_03035	1.29e-124	391
FBUS_03615	6.05e-57	211
FBUS_03627	5.38e-221	622
FBUS_03768	1.34e-34	140
FBUS_03795	1.59e-114	355
FBUS_03796	1.69e-106	333
FBUS_03872	3.01e-123	383
FBUS_04006	6.11e-174	534
FBUS_04043	1.14e-158	480
FBUS_04495	5.22e-129	404
FBUS_04736	9.05e-81	270
FBUS_04886	1.68e-92	300
FBUS_04894	2.90e-136	402
FBUS_04895	2.10e-148	433
FBUS_05118	1.68e-50	195
FBUS_05120	3.12e-49	194
FBUS_05300	8.04e-75	251
FBUS_05335	6.69e-102	318
FBUS_05372	3.09e-229	652
FBUS_05431	9.86e-25	94.0
FBUS_05551	2.92e-135	406
FBUS_05811	2.73e-14	78.2
FBUS_05912	1.24e-141	424
FBUS_06108	9.55e-199	566
FBUS_06256	1.26e-55	178
FBUS_06257	3.83e-73	248
FBUS_06320	8.87e-152	462
FBUS_06597	8.97e-173	507
FBUS_07000	9.15e-53	199
FBUS_07501	1.02e-141	424
FBUS_07927	3.85e-64	198
FBUS_08443	4.02e-49	181
FBUS_08796	1.59e-83	276
FBUS_09115	6.40e-126	377
FBUS_11148	1.51e-34	115
FBUS_11313	3.06e-179	517
FBUS_11854	2.13e-130	384
CRM22_000207	6.11e-123	380
CRM22_001344	1.12e-54	197
CRM22_001410	3.68e-102	324
CRM22_001648	2.38e-184	561
CRM22_002079.1	6.31e-80	281
CRM22_002585	6.67e-181	520
CRM22_002586	1.59e-159	466
CRM22_002607	9.27e-112	356
CRM22_002620	7.23e-119	368
CRM22_002621	7.49e-95	301
CRM22_002701	1.93e-210	606
CRM22_002711.2	7.47e-166	514
CRM22_002781.1	4.60e-150	465
CRM22_002781.2	7.58e-150	465
CRM22_002991.2	1.61e-134	406
CRM22_003306	5.03e-223	628
CRM22_003453	1.69e-198	564
CRM22_003618	1.78e-208	597
CRM22_003849	6.58e-126	424
CRM22_004075.2	8.00e-19	93.2
CRM22_004510.1	2.00e-62	211
CRM22_004510.2	2.13e-105	324
CRM22_004601	3.89e-113	353
CRM22_004828	6.86e-66	214
CRM22_004829	1.34e-64	219
CRM22_005099	9.41e-167	492
CRM22_005310.1	4.45e-163	496
CRM22_005430	5.11e-121	381
CRM22_006152.2	1.38e-109	340
CRM22_006179	5.73e-61	223
CRM22_006211.5	5.82e-152	452
CRM22_006310.1	2.31e-94	315
CRM22_006310.2	1.20e-118	371
CRM22_007018	5.58e-210	607
CRM22_007029	2.99e-185	540
CRM22_007218.1	5.42e-182	531
CRM22_007742	2.30e-41	139
CRM22_008616.1	1.86e-23	110
CRM22_009039	5.34e-144	418
CRM22_009199	4.98e-118	370
CRM22_009406	1.16e-84	279
CRM22_009422.1	1.06e-213	613
CRM22_009542	1.98e-143	439
CRM22_009721	6.16e-75	254
CRM22_010139	2.98e-168	498
CRM22_010246.1	3.24e-227	648
CRM22_010246.2	1.23e-229	651
CRM22_010247.2	5.00e-162	479
CRM22_010277.1	2.63e-109	340
CRM22_010535	1.15e-183	535
CRM22_010922	4.15e-09	53.5
CRM22_010924	3.55e-10	57.0
CRM22_011292	3.70e-168	497
T265_00119	2.10e-115	358
T265_00120	1.20e-94	298
T265_00386	7.14e-223	627
T265_00747	4.31e-95	295
T265_01528	1.35e-166	491
T265_01690	3.01e-182	532
T265_01743	2.29e-46	184
T265_02251	2.10e-152	457
T265_02533	1.12e-194	560
T265_02868	5.16e-20	95.9
T265_03214	4.17e-13	74.7
T265_03675	2.88e-117	369
T265_03886	1.35e-120	377
T265_04919	1.44e-110	342
T265_04920	9.94e-48	169
T265_05530	3.59e-103	327
T265_05648	3.76e-109	343
T265_05667	1.31e-149	446
T265_05735	1.07e-178	523
T265_06210	1.69e-174	508
T265_06211	3.73e-222	634
T265_06223	2.44e-161	471
T265_06225	8.35e-179	514
T265_06312	1.21e-121	379
T265_06813	4.99e-108	331
T265_07025	5.57e-13	65.1
T265_07724	9.17e-51	186
T265_07728	5.93e-29	126
T265_08541	1.70e-110	346
T265_08781	4.89e-07	52.8
T265_10270	2.03e-86	286
T265_10302	6.86e-213	609
T265_10352	1.38e-64	201
T265_10354	6.62e-63	203
T265_10438	3.26e-151	468
T265_12012	5.99e-76	230
T265_12626	5.12e-27	109
T265_12893	1.48e-31	117
T265_13009	1.48e-108	338
T265_13118	1.06e-75	255
T265_13190	1.39e-84	259
T265_13422	3.28e-171	502
T265_13679	1.34e-163	496
T265_13838	5.71e-121	384
T265_13973	3.88e-82	251
T265_14191	9.46e-106	315
T265_14323	5.07e-34	141
T265_14364	4.41e-132	407
T265_14536	2.39e-93	293
T265_14724	4.31e-179	541
T265_15588	5.58e-162	493
T265_16029	6.00e-61	193
DEA37_0000062	6.15e-95	295
DEA37_0000235	6.74e-58	189
DEA37_0000790	8.50e-39	135
DEA37_0000857	1.20e-60	196
DEA37_0001308	1.66e-97	302
DEA37_0001507	1.26e-89	282
DEA37_0002114	5.29e-40	149
DEA37_0002115	4.88e-72	225
DEA37_0002367	1.41e-13	76.6
DEA37_0002622	1.06e-13	69.7
DEA37_0002623	4.04e-35	143
DEA37_0002624	1.77e-49	169
DEA37_0002704	5.05e-98	291
DEA37_0002706	3.07e-14	78.2
DEA37_0003890	9.11e-18	80.9
DEA37_0004462	1.38e-56	185
DEA37_0004464	2.46e-112	347
DEA37_0005114	3.26e-98	299
DEA37_0005115	4.65e-09	58.2
DEA37_0005117	2.52e-19	85.9
DEA37_0005192	2.01e-204	579
DEA37_0005634	1.01e-118	369
DEA37_0006482	2.34e-87	286
DEA37_0006484	1.90e-57	199
DEA37_0007079	1.23e-96	300
DEA37_0007182	1.41e-34	144
DEA37_0007262	9.38e-25	94.4
DEA37_0007322	8.85e-181	529
DEA37_0007576	9.40e-12	68.9
DEA37_0007907	1.46e-165	488
DEA37_0008133	1.23e-229	644
DEA37_0008185	1.63e-169	492
DEA37_0008606	1.53e-155	462
DEA37_0008608	4.45e-123	380
DEA37_0008611	1.18e-83	268
DEA37_0008752	3.48e-16	74.3
DEA37_0009235	8.03e-167	493
DEA37_0009266	6.22e-83	285
DEA37_0009581	3.67e-125	382
DEA37_0009670	2.94e-58	200
DEA37_0010008	5.09e-147	438
DEA37_0010147	1.01e-40	142
DEA37_0010148	4.06e-63	210
DEA37_0010181	1.64e-10	62.4
DEA37_0010404	5.85e-82	265
DEA37_0011209	1.31e-203	607
DEA37_0011560	8.11e-114	354
DEA37_0011576	1.46e-43	151
DEA37_0011578	1.67e-89	288
DEA37_0011753	1.81e-134	413
DEA37_0012378	2.53e-194	561
DEA37_0013022	7.18e-79	264
DEA37_0013057	1.30e-226	645
DEA37_0013087	8.95e-64	212
DEA37_0013337	7.96e-257	748
DEA37_0014214	6.36e-89	270
DEA37_0014300	3.89e-16	75.5
DEA37_0014301	9.65e-23	97.1
DEA37_0014302	5.53e-135	389
DEA37_0014955	8.02e-111	343
DEA37_0014957	6.74e-08	50.4
DC041_0000353	5.14e-83	258
DC041_0000575	5.09e-44	166
DC041_0000656	4.83e-70	223
DC041_0000691	1.99e-29	128
DC041_0000760	2.59e-67	246
DC041_0001742	4.26e-82	253
DC041_0002192	3.70e-86	283
DC041_0002539	4.67e-08	50.8
DC041_0002543	2.40e-31	107
DC041_0002544	2.86e-58	204
DC041_0003523	2.50e-209	591
DC041_0003524	1.69e-112	343
DC041_0003705	5.52e-213	605
DC041_0003969	3.93e-81	261
DC041_0003983	0.0	1085
DC041_0004136	5.21e-109	334
DC041_0004272	6.63e-53	173
DC041_0004563	1.43e-125	387
DC041_0004614	6.74e-41	140
DC041_0004624	2.48e-48	160
DC041_0004745	2.24e-122	401
DC041_0005042	1.82e-90	285
DC041_0005325	5.09e-103	357
DC041_0006296	2.12e-55	199
DC041_0006535	2.72e-98	315
DC041_0006550	1.71e-214	616
DC041_0006773	1.87e-146	435
DC041_0006782	2.57e-195	563
DC041_0006783	1.77e-92	308
DC041_0006807	1.18e-59	201
DC041_0006865	4.70e-210	607
DC041_0006933	9.80e-51	175
DC041_0007292	2.15e-86	275
DC041_0007293	2.45e-79	263
DC041_0007369	5.36e-70	252
DC041_0008432	5.15e-213	603
DC041_0008558	9.69e-66	207
DC041_0008559	1.54e-48	167
DC041_0008560	2.45e-42	147
DC041_0008876	4.12e-37	144
DC041_0009168	8.34e-99	306
DC041_0009852	2.60e-174	514
DC041_0010234	1.46e-54	177
DC041_0010235	1.05e-63	200
DC041_0010302	1.29e-102	322
DC041_0010345	8.16e-66	232
DC041_0010377	4.01e-182	524
DC041_0010916	2.19e-15	82.8
DC041_0010992	1.36e-164	510
DC041_0011492	3.36e-59	187
DC041_0011588	9.92e-24	95.9
DC041_0011589	1.01e-07	55.8
DC041_0012271	4.73e-99	307
DC041_0012679	2.01e-113	371
SCUD_0000012601-mRNA-1	3.86e-97	308
SCUD_0000023701-mRNA-1	2.69e-97	300
SCUD_0000086901-mRNA-1	2.57e-70	224
SCUD_0000173201-mRNA-1	2.30e-40	149
SCUD_0000222601-mRNA-1	1.44e-214	617
SCUD_0000269401-mRNA-1	1.73e-57	183
SCUD_0000282801-mRNA-1	5.64e-25	100
SCUD_0000323701-mRNA-1	5.74e-68	220
SCUD_0000424801-mRNA-1	2.96e-26	100
SCUD_0000543201-mRNA-1	1.02e-09	56.2
SCUD_0000582601-mRNA-1	7.01e-45	144
SCUD_0000686101-mRNA-1	2.12e-40	140
SCUD_0000715501-mRNA-1	3.36e-33	120
SCUD_0000736701-mRNA-1	4.78e-99	315
SCUD_0000736801-mRNA-1	9.35e-93	292
SCUD_0000749401-mRNA-1	1.17e-06	49.7
SCUD_0000780101-mRNA-1	1.16e-58	181
SCUD_0000794301-mRNA-1	6.28e-71	239
SCUD_0000802801-mRNA-1	2.53e-71	258
SCUD_0000842201-mRNA-1	3.84e-208	602
SCUD_0000842401-mRNA-1	3.39e-67	216
SCUD_0000893501-mRNA-1	3.25e-58	191
SCUD_0000903301-mRNA-1	9.77e-167	484
SCUD_0000953601-mRNA-1	1.89e-97	308
SCUD_0001014901-mRNA-1	1.01e-125	387
SCUD_0001019001-mRNA-1	4.89e-124	375
SCUD_0001019201-mRNA-1	1.34e-209	591
SCUD_0001120301-mRNA-1	6.34e-53	193
SCUD_0001127201-mRNA-1	6.03e-82	253
SCUD_0001172501-mRNA-1	4.11e-26	107
SCUD_0001186701-mRNA-1	1.81e-17	76.6
SCUD_0001192101-mRNA-1	7.04e-48	171
SCUD_0001200101-mRNA-1	1.11e-37	141
SCUD_0001203201-mRNA-1	8.24e-60	198
SCUD_0001235401-mRNA-1	3.36e-37	144
SCUD_0001247001-mRNA-1	4.37e-55	182
SCUD_0001385201-mRNA-1	1.21e-132	398
SCUD_0001389301-mRNA-1	9.59e-71	224
SCUD_0001419901-mRNA-1	4.70e-210	607
SCUD_0001452501-mRNA-1	1.78e-110	339
SCUD_0001465501-mRNA-1	3.27e-47	158
SCUD_0001544601-mRNA-1	1.98e-29	113
SCUD_0001545501-mRNA-1	1.66e-97	302
SCUD_0001588201-mRNA-1	1.62e-85	261
SCUD_0001707701-mRNA-1	6.14e-62	211
SCUD_0001707801-mRNA-1	5.12e-53	189
SCUD_0001748501-mRNA-1	8.06e-60	191
SCUD_0001805601-mRNA-1	8.00e-88	278
SCUD_0001813101-mRNA-1	5.18e-20	80.1
SCUD_0001828501-mRNA-1	1.67e-182	524
SCUD_0001860701-mRNA-1	4.58e-52	177
SCUD_0001876601-mRNA-1	1.83e-50	162
SCUD_0001886901-mRNA-1	5.96e-08	55.8
SCUD_0001896101-mRNA-1	1.30e-19	85.9
SCUD_0002047801-mRNA-1	7.95e-171	499
SCUD_0002050201-mRNA-1	9.45e-56	194
SCUD_0002072201-mRNA-1	5.80e-66	201
SCUD_0002141701-mRNA-1	1.29e-47	174
SCUD_0002226601-mRNA-1	1.33e-106	314
SCUD_0002252401-mRNA-1	3.86e-25	92.8
SCUD_0002268201-mRNA-1	3.49e-32	111
SCUD_0002325101-mRNA-1	1.54e-10	63.9
MS3_0011647.1	9.94e-183	525
MS3_0011718.1	3.17e-77	273
MS3_0011794.1	4.76e-117	370
MS3_0011806.1	1.88e-101	317
MS3_0011807.1	2.64e-56	190
MS3_0012065.1	1.43e-125	387
MS3_0012268.1	9.90e-63	229
MS3_0013070.1	4.94e-09	52.4
MS3_0013173.1	2.13e-100	310
MS3_0013287.1	7.30e-213	602
MS3_0013288.1	8.36e-215	610
MS3_0013394.1	1.35e-79	280
MS3_0013845.1	9.79e-67	226
MS3_0014938.1	1.21e-174	514
MS3_0015225.1	2.52e-97	316
MS3_0015312.1	1.17e-148	447
MS3_0015347.1	1.35e-171	527
MS3_0015402.1	9.47e-185	539
MS3_0015499.1	2.11e-215	619
MS3_0015774.1	1.89e-209	605
MS3_0015857.1	1.01e-158	474
MS3_0016111.1	3.36e-223	655
MS3_0016276.1	1.21e-62	214
MS3_0016786.1	1.49e-57	184
MS3_0016976.1	2.09e-164	496
MS3_0017078.1	2.96e-104	327
MS3_0017353.1	7.73e-161	486
MS3_0017490.1	4.73e-99	307
MS3_0017600.1	0.0	1186
MS3_0018301.1	0.0	1907
MS3_0019175.1	2.68e-108	337
MS3_0019220.1	2.38e-67	231
MS3_0019327.1	7.44e-52	186
MS3_0019988.1	7.98e-50	179
MS3_0019989.1	5.08e-08	50.8
MS3_0020041.1	9.19e-138	413
MS3_0020253.1	3.96e-26	118
MS3_0020326.1	8.36e-210	591
MS3_0020329.1	1.13e-38	149
MS3_0020669.1	5.52e-105	313
MS3_0020670.1	1.01e-07	55.8
MS3_0020873.1	1.17e-172	506
EWB00_000689	5.88e-121	381
EWB00_000903	2.50e-71	256
EWB00_000959	5.28e-65	214
EWB00_000994	3.22e-109	325
EWB00_001287	3.86e-125	385
EWB00_001803	1.25e-163	483
EWB00_001959.1	3.99e-108	348
EWB00_002033	7.73e-49	163
EWB00_002121.2	2.51e-14	79.0
EWB00_002298	2.84e-105	332
EWB00_002475	3.42e-59	186
EWB00_002476	2.42e-85	273
EWB00_002747	2.16e-190	548
EWB00_002806	1.60e-180	526
EWB00_003130	6.37e-212	607
EWB00_003131	1.78e-229	651
EWB00_003132	7.98e-163	481
EWB00_004230	2.15e-209	600
EWB00_004630	5.96e-135	406
EWB00_005092	5.03e-89	285
EWB00_005380	6.94e-68	218
EWB00_005381	1.52e-211	605
EWB00_005770	4.50e-50	192
EWB00_006004	1.34e-184	539
EWB00_006065	3.09e-150	449
EWB00_006254	2.20e-167	498
EWB00_006346.1	1.68e-77	254
EWB00_006495	2.38e-134	419
EWB00_006661	5.52e-110	346
EWB00_006662.1	1.35e-106	333
EWB00_006662.2	4.18e-148	442
EWB00_007183.2	3.06e-80	281
EWB00_007595	1.15e-46	156
EWB00_007597	4.87e-96	313
EWB00_008088	3.17e-108	340
EWB00_008387	8.02e-90	292
EWB00_008559	1.79e-170	501
EWB00_008662.3	4.09e-125	390
EWB00_008689	8.67e-20	95.9
EWB00_008986	4.28e-179	516
EWB00_009408	0.0	1247
EWB00_009623	1.11e-102	333
EWB00_009839.3	9.53e-150	436
EWB00_010151	1.48e-46	157
EWB00_010225	3.76e-119	355
EWB00_010226	3.70e-211	596
EWB00_011150	5.43e-204	589
Smp_012000.1	4.10e-125	390
Smp_015630.1	5.37e-207	586
Smp_031680.1	2.05e-143	431
Smp_037960.1	3.09e-229	650
Smp_052630.1	2.15e-173	511
Smp_056990.1	1.59e-15	82.8
Smp_058270.1	3.70e-103	327
Smp_083980.1	1.38e-154	466
Smp_093210.1	1.11e-182	533
Smp_096480.1	3.73e-180	519
Smp_104890.1	3.74e-125	385
Smp_135040.1	1.33e-156	493
Smp_139330.1	1.02e-109	346
Smp_140920.2	2.18e-173	533
Smp_141570.1	1.31e-97	303
Smp_142700.2	2.18e-213	610
Smp_144110.1	7.07e-176	518
Smp_157790.1	8.73e-122	383
Smp_162680.1	3.84e-210	607
Smp_170810.1	1.27e-208	600
Smp_175020.1	6.06e-155	471
Smp_176310.1	1.16e-160	487
Smp_180570.1	1.81e-92	301
Smp_246130.1	2.29e-135	410
Smp_305740.1	6.35e-135	406
Smp_306240.2	3.69e-158	469
Smp_311480.2	2.83e-215	608
Smp_311490.1	4.04e-216	612
Smp_321840.1	1.34e-67	221
Smp_322850.1	1.87e-56	210
Smp_332020.1	2.53e-110	354
Smp_333600.1	3.98e-149	434
Smp_333670.1	2.76e-57	214
Smp_334250.3	2.95e-76	270
Smp_334630.1	8.08e-139	413
Smp_334730.1	3.45e-111	353
Smp_336620.1	2.81e-179	525
Smp_337330.1	2.70e-79	259
Smp_341500.1	4.32e-108	334
Smp_342000.1	2.37e-217	624
Smp_346800.1	6.01e-60	211
Smp_347630.1	8.95e-110	378
SMRZ_0000025001-mRNA-1	6.63e-161	480
SMRZ_0000073901-mRNA-1	1.32e-15	81.6
SMRZ_0000117401-mRNA-1	1.82e-112	345
SMRZ_0000153001-mRNA-1	9.97e-86	285
SMRZ_0000161101-mRNA-1	4.63e-144	417
SMRZ_0000234201-mRNA-1	6.35e-63	199
SMRZ_0000278401-mRNA-1	6.00e-57	188
SMRZ_0000303201-mRNA-1	3.50e-80	250
SMRZ_0000310901-mRNA-1	2.41e-98	305
SMRZ_0000365101-mRNA-1	1.24e-210	589
SMRZ_0000365401-mRNA-1	3.02e-115	353
SMRZ_0000399701-mRNA-1	2.23e-21	83.6
SMRZ_0000399801-mRNA-1	1.12e-82	272
SMRZ_0000428401-mRNA-1	4.01e-182	524
SMRZ_0000429601-mRNA-1	6.64e-93	281
SMRZ_0000436801-mRNA-1	3.15e-08	57.4
SMRZ_0000470101-mRNA-1	2.04e-79	255
SMRZ_0000480001-mRNA-1	5.70e-86	263
SMRZ_0000511701-mRNA-1	2.74e-114	331
SMRZ_0000563001-mRNA-1	6.33e-214	605
SMRZ_0000642801-mRNA-1	3.82e-31	109
SMRZ_0000682301-mRNA-1	5.34e-139	412
SMRZ_0000710401-mRNA-1	3.52e-98	311
SMRZ_0000755801-mRNA-1	2.02e-12	67.8
SMRZ_0000776801-mRNA-1	9.29e-214	607
SMRZ_0000801101-mRNA-1	7.64e-47	163
SMRZ_0000818001-mRNA-1	1.30e-182	550
SMRZ_0000878401-mRNA-1	3.73e-212	612
SMRZ_0000895301-mRNA-1	5.58e-12	66.2
SMRZ_0000960301-mRNA-1	5.83e-70	219
SMRZ_0000971901-mRNA-1	2.31e-16	83.2
SMRZ_0000972101-mRNA-1	4.96e-42	150
SMRZ_0000981701-mRNA-1	1.56e-57	201
SMRZ_0001033201-mRNA-1	3.95e-13	69.7
SMRZ_0001099201-mRNA-1	1.16e-58	181
SMRZ_0001156601-mRNA-1	1.34e-102	319
SMRZ_0001172101-mRNA-1	1.27e-45	145
SMRZ_0001205901-mRNA-1	3.66e-66	216
SMRZ_0001226201-mRNA-1	2.01e-59	193
SMRZ_0001230001-mRNA-1	1.03e-37	145
SMRZ_0001280501-mRNA-1	9.48e-126	387
SMRZ_0001295501-mRNA-1	5.73e-59	186
SMRZ_0001309301-mRNA-1	3.63e-76	236
SMRZ_0001322801-mRNA-1	3.61e-25	102
SMRZ_0001344001-mRNA-1	5.16e-51	160
SMRZ_0001444901-mRNA-1	3.41e-32	119
SMRZ_0001445001-mRNA-1	1.15e-59	194
SMRZ_0001555601-mRNA-1	7.16e-58	210
SMRZ_0001596201-mRNA-1	1.25e-80	269
SMRZ_0001596301-mRNA-1	7.99e-136	409
SMRZ_0001609101-mRNA-1	4.36e-105	332
SMRZ_0001619401-mRNA-1	3.87e-26	106
SMRZ_0001647201-mRNA-1	1.41e-200	575
SMRZ_0001690901-mRNA-1	3.13e-38	142
SMRZ_0001709001-mRNA-1	7.83e-59	188
SMRZ_0001753301-mRNA-1	2.87e-57	189
SMRZ_0001845001-mRNA-1	3.45e-174	514
SMRZ_0002038901-mRNA-1	7.45e-80	259
SMRZ_0002043301-mRNA-1	7.35e-78	259
SMRZ_0002117001-mRNA-1	2.60e-12	64.3
SMRZ_0002311001-mRNA-1	3.77e-25	93.6
SMRZ_0002319201-mRNA-1	3.56e-28	118
SMRZ_0002392101-mRNA-1	7.72e-172	514
SMRZ_0002534601-mRNA-1	9.68e-94	288
SMTD_0000000101-mRNA-1	7.82e-75	266
SMTD_0000013601-mRNA-1	5.73e-59	189
SMTD_0000026501-mRNA-1	3.44e-175	516
SMTD_0000143801-mRNA-1	1.50e-30	109
SMTD_0000341601-mRNA-1	5.65e-18	87.8
SMTD_0000392501-mRNA-1	4.23e-67	220
SMTD_0000543301-mRNA-1	2.15e-141	412
SMTD_0000567301-mRNA-1	2.41e-54	175
SMTD_0000579401-mRNA-1	7.60e-58	191
SMTD_0000613001-mRNA-1	5.21e-109	334
SMTD_0000617001-mRNA-1	1.53e-106	317
SMTD_0000635201-mRNA-1	1.88e-21	82.4
SMTD_0000660901-mRNA-1	9.67e-33	118
SMTD_0000664601-mRNA-1	2.25e-25	93.6
SMTD_0000665301-mRNA-1	8.47e-111	331
SMTD_0000685401-mRNA-1	6.06e-92	290
SMTD_0000692601-mRNA-1	1.42e-210	607
SMTD_0000721401-mRNA-1	1.21e-19	86.3
SMTD_0000721501-mRNA-1	1.33e-98	306
SMTD_0000735101-mRNA-1	6.58e-239	694
SMTD_0000756901-mRNA-1	4.59e-70	231
SMTD_0000778501-mRNA-1	1.74e-14	78.6
SMTD_0000802401-mRNA-1	2.83e-182	524
SMTD_0000824901-mRNA-1	9.48e-126	387
SMTD_0000850001-mRNA-1	2.29e-38	142
SMTD_0000893901-mRNA-1	5.67e-44	170
SMTD_0000924401-mRNA-1	1.28e-170	498
SMTD_0000927101-mRNA-1	8.64e-71	225
SMTD_0000927201-mRNA-1	3.50e-26	106
SMTD_0000930301-mRNA-1	4.78e-06	49.3
SMTD_0000952701-mRNA-1	2.56e-48	160
SMTD_0001012701-mRNA-1	1.00e-85	259
SMTD_0001031001-mRNA-1	2.62e-162	472
SMTD_0001056601-mRNA-1	1.55e-58	187
SMTD_0001108401-mRNA-1	1.91e-57	195
SMTD_0001147301-mRNA-1	2.86e-50	171
SMTD_0001213701-mRNA-1	1.59e-28	119
SMTD_0001220101-mRNA-1	4.07e-207	595
SMTD_0001280301-mRNA-1	7.61e-25	103
SMTD_0001287201-mRNA-1	3.00e-40	140
SMTD_0001360501-mRNA-1	1.60e-70	221
SMTD_0001424401-mRNA-1	6.71e-16	77.0
SMTD_0001442701-mRNA-1	6.75e-73	238
SMTD_0001451801-mRNA-1	8.24e-12	68.9
SMTD_0001453601-mRNA-1	1.57e-48	169
SMTD_0001462301-mRNA-1	4.68e-214	608
SMTD_0001470301-mRNA-1	4.67e-133	407
SMTD_0001495401-mRNA-1	3.54e-13	67.8
SMTD_0001539301-mRNA-1	1.64e-18	82.4
SMTD_0001618901-mRNA-1	9.09e-62	196
SMTD_0001626701-mRNA-1	9.85e-07	51.6
SMTD_0001631401-mRNA-1	5.29e-26	96.3
SMTD_0001716501-mRNA-1	1.32e-26	96.7
SMTD_0001741301-mRNA-1	9.58e-95	304
SMTD_0001783501-mRNA-1	1.93e-30	120
SMTD_0001795301-mRNA-1	1.32e-37	130
SMTD_0001809201-mRNA-1	5.25e-12	66.6
SMTD_0001852201-mRNA-1	1.26e-88	268
SMTD_0001860801-mRNA-1	3.21e-41	152
SMTD_0001881401-mRNA-1	1.33e-209	590
SMTD_0001892701-mRNA-1	1.66e-97	302
SMTD_0001912001-mRNA-1	1.78e-63	213
SMTD_0001919101-mRNA-1	1.65e-66	213
SMTD_0002042801-mRNA-1	2.02e-04	46.2
SMTD_0002063701-mRNA-1	1.39e-25	102
SMTD_0002066001-mRNA-1	3.47e-64	200
SMTD_0002126701-mRNA-1	5.05e-18	76.6
SMTD_0002132901-mRNA-1	1.12e-20	82.4
SMTD_0002141001-mRNA-1	1.99e-25	102
SMTD_0002152601-mRNA-1	1.08e-38	128
SMTD_0002196501-mRNA-1	2.02e-23	96.3
SMTD_0002244101-mRNA-1	4.50e-05	41.6
SMTD_0002250801-mRNA-1	5.88e-59	191
SROB_0000129601-mRNA-1	1.10e-08	57.8
SROB_0000129901-mRNA-1	4.29e-125	385
SROB_0000135901-mRNA-1	9.00e-39	144
SROB_0000150001-mRNA-1	3.36e-81	261
SROB_0000164601-mRNA-1	4.14e-40	131
SROB_0000164701-mRNA-1	4.04e-50	170
SROB_0000164801-mRNA-1	6.81e-07	47.8
SROB_0000190501-mRNA-1	7.51e-114	352
SROB_0000207101-mRNA-1	4.23e-27	105
SROB_0000267301-mRNA-1	9.06e-120	363
SROB_0000290801-mRNA-1	9.76e-90	284
SROB_0000295301-mRNA-1	2.45e-176	519
SROB_0000299301-mRNA-1	6.18e-66	202
SROB_0000299601-mRNA-1	8.60e-169	496
SROB_0000324201-mRNA-1	5.65e-42	147
SROB_0000338801-mRNA-1	7.75e-125	384
SROB_0000339901-mRNA-1	6.38e-16	80.9
SROB_0000398201-mRNA-1	5.94e-15	79.7
SROB_0000398301-mRNA-1	1.82e-82	258
SROB_0000398401-mRNA-1	1.07e-108	338
SROB_0000412601-mRNA-1	6.24e-164	476
SROB_0000431101-mRNA-1	3.13e-71	228
SROB_0000464001-mRNA-1	5.73e-61	198
SROB_0000475501-mRNA-1	8.16e-208	583
SROB_0000479401-mRNA-1	6.37e-42	151
SROB_0000531601-mRNA-1	6.23e-100	315
SROB_0000558601-mRNA-1	8.42e-62	196
SROB_0000643001-mRNA-1	3.22e-37	135
SROB_0000754901-mRNA-1	1.93e-84	259
SROB_0000793401-mRNA-1	1.53e-62	211
SROB_0000804701-mRNA-1	4.21e-23	90.9
SROB_0000862401-mRNA-1	4.12e-83	273
SROB_0000876901-mRNA-1	7.55e-20	87.0
SROB_0000879301-mRNA-1	1.52e-210	607
SROB_0000933301-mRNA-1	2.47e-217	615
SROB_0001021401-mRNA-1	5.30e-28	115
SROB_0001074101-mRNA-1	3.16e-84	281
SROB_0001075401-mRNA-1	2.16e-20	88.2
SROB_0001192901-mRNA-1	8.58e-30	110
SROB_0001198801-mRNA-1	1.73e-216	612
SROB_0001219001-mRNA-1	3.99e-86	286
SROB_0001268001-mRNA-1	4.62e-07	52.4
SROB_0001318301-mRNA-1	5.58e-55	177
SROB_0001329601-mRNA-1	1.10e-36	143
SROB_0001412901-mRNA-1	3.46e-26	110
SROB_0001442101-mRNA-1	2.44e-57	189
SROB_0001563001-mRNA-1	4.96e-201	581
SROB_0001568101-mRNA-1	2.94e-24	95.9
SROB_0001609501-mRNA-1	3.99e-50	176
SROB_0001619801-mRNA-1	6.11e-97	301
SROB_0001651301-mRNA-1	5.30e-38	140
SROB_0001673601-mRNA-1	2.53e-80	252
SROB_0001678201-mRNA-1	7.72e-17	72.4
SROB_0001693301-mRNA-1	6.68e-48	162
SROB_0001712101-mRNA-1	1.75e-36	130
SROB_0001878301-mRNA-1	1.93e-63	220
SROB_0001933801-mRNA-1	3.72e-16	75.1
SROB_0001938101-mRNA-1	1.54e-13	65.9
SROB_0001946801-mRNA-1	1.97e-08	51.6
SROB_0001967201-mRNA-1	1.03e-16	77.4
SROB_0001967801-mRNA-1	3.21e-38	139
SROB_0002045101-mRNA-1	8.71e-46	162
SROB_0002081001-mRNA-1	2.81e-31	116
SROB_0002100601-mRNA-1	1.25e-75	237
SROB_0002118801-mRNA-1	6.33e-29	112
SROB_0002169401-mRNA-1	1.66e-53	172
SROB_0002238801-mRNA-1	3.73e-44	142
SROB_0002314101-mRNA-1	8.88e-27	108
TRE_0000090401-mRNA-1	3.85e-42	145
TRE_0000111601-mRNA-1	1.99e-19	89.0
TRE_0000139301-mRNA-1	6.11e-55	183
TRE_0000140201-mRNA-1	5.12e-82	259
TRE_0000142601-mRNA-1	4.85e-69	210
TRE_0000142701-mRNA-1	6.74e-61	193
TRE_0000179201-mRNA-1	1.16e-36	129
TRE_0000182201-mRNA-1	2.51e-32	128
TRE_0000182301-mRNA-1	2.60e-44	159
TRE_0000200301-mRNA-1	2.31e-91	286
TRE_0000212001-mRNA-1	2.19e-160	479
TRE_0000219801-mRNA-1	5.71e-100	318
TRE_0000220001-mRNA-1	7.59e-49	180
TRE_0000238901-mRNA-1	2.43e-113	357
TRE_0000243001-mRNA-1	3.95e-52	175
TRE_0000253501-mRNA-1	2.18e-26	107
TRE_0000295201-mRNA-1	7.59e-13	72.4
TRE_0000297801-mRNA-1	5.45e-43	163
TRE_0000339101-mRNA-1	1.23e-209	592
TRE_0000346101-mRNA-1	2.51e-20	83.2
TRE_0000417301-mRNA-1	2.89e-33	127
TRE_0000422201-mRNA-1	1.37e-30	117
TRE_0000432201-mRNA-1	4.01e-26	102
TRE_0000472301-mRNA-1	8.60e-41	144
TRE_0000479301-mRNA-1	3.77e-191	554
TRE_0000520601-mRNA-1	2.74e-44	156
TRE_0000545801-mRNA-1	4.28e-73	233
TRE_0000559101-mRNA-1	5.47e-56	200
TRE_0000571701-mRNA-1	8.83e-94	301
TRE_0000571901-mRNA-1	1.17e-19	83.6
TRE_0000609201-mRNA-1	2.28e-69	236
TRE_0000617401-mRNA-1	2.03e-208	590
TRE_0000626901-mRNA-1	4.40e-60	206
TRE_0000638701-mRNA-1	3.32e-126	390
TRE_0000652301-mRNA-1	1.05e-55	191
TRE_0000653701-mRNA-1	4.68e-52	179
TRE_0000658101-mRNA-1	1.01e-47	157
TRE_0000658901-mRNA-1	4.86e-128	390
TRE_0000675701-mRNA-1	8.19e-65	214
TRE_0000759201-mRNA-1	7.78e-35	115
TRE_0000776301-mRNA-1	2.22e-19	82.4
TRE_0000790101-mRNA-1	9.16e-36	128
TRE_0000795501-mRNA-1	1.98e-47	153
TRE_0000939101-mRNA-1	1.54e-26	97.4
TRE_0000998601-mRNA-1	2.12e-60	195
TRE_0001015201-mRNA-1	1.27e-77	238
TRE_0001068001-mRNA-1	2.62e-144	412
TRE_0001112801-mRNA-1	1.01e-13	65.1
TRE_0001124001-mRNA-1	1.42e-30	120
TRE_0001128701-mRNA-1	7.05e-07	48.1
TRE_0001153401-mRNA-1	1.46e-11	68.6
TRE_0001160901-mRNA-1	6.42e-44	160
TRE_0001161001-mRNA-1	5.87e-47	161
TRE_0001199001-mRNA-1	1.72e-47	169
TRE_0001211501-mRNA-1	2.22e-05	48.1
TRE_0001270301-mRNA-1	4.62e-68	225
TRE_0001375701-mRNA-1	3.54e-27	101
TRE_0001437201-mRNA-1	1.20e-15	81.3
TRE_0001473501-mRNA-1	9.69e-71	221
TRE_0001491201-mRNA-1	7.19e-180	518
TRE_0001556301-mRNA-1	5.04e-166	494
TRE_0001572701-mRNA-1	1.04e-48	182
TRE_0001627601-mRNA-1	4.97e-09	54.3
TRE_0001631101-mRNA-1	8.73e-22	92.8
TRE_0001659501-mRNA-1	8.74e-60	191
TRE_0001731501-mRNA-1	1.58e-49	176
TRE_0001762501-mRNA-1	4.13e-188	547
TRE_0001801601-mRNA-1	1.57e-04	42.0
TRE_0001806101-mRNA-1	9.60e-59	185
TRE_0001919201-mRNA-1	2.06e-20	80.5
TRE_0001938901-mRNA-1	1.04e-186	538
TRE_0002044501-mRNA-1	1.23e-26	95.5
TRE_0002076201-mRNA-1	8.33e-12	61.2
TRE_0002186001-mRNA-1	1.41e-44	143
TRE_0002196801-mRNA-1	3.88e-75	231
DILT_0000000901-mRNA-1	8.88e-44	154
DILT_0000016501-mRNA-1	1.23e-125	363
DILT_0000021301-mRNA-1	6.83e-73	242
DILT_0000031701-mRNA-1	6.46e-184	524
DILT_0000058801-mRNA-1	1.39e-59	187
DILT_0000085401-mRNA-1	4.12e-51	166
DILT_0000163601-mRNA-1	3.26e-12	62.8
DILT_0000178401-mRNA-1	1.87e-29	112
DILT_0000213901-mRNA-1	1.80e-177	518
DILT_0000263701-mRNA-1	1.96e-04	47.8
DILT_0000264101-mRNA-1	1.54e-57	188
DILT_0000285601-mRNA-1	1.41e-38	136
DILT_0000290101-mRNA-1	2.76e-122	389
DILT_0000300301-mRNA-1	1.28e-72	232
DILT_0000305301-mRNA-1	8.26e-111	345
DILT_0000349001-mRNA-1	2.61e-43	160
DILT_0000359301-mRNA-1	1.11e-145	436
DILT_0000361801-mRNA-1	3.67e-106	323
DILT_0000362601-mRNA-1	1.14e-27	113
DILT_0000369001-mRNA-1	1.90e-216	622
DILT_0000402501-mRNA-1	1.23e-133	399
DILT_0000406101-mRNA-1	4.69e-22	100
DILT_0000444001-mRNA-1	4.45e-12	67.8
DILT_0000526201-mRNA-1	2.20e-148	433
DILT_0000530801-mRNA-1	1.26e-158	461
DILT_0000578601-mRNA-1	6.71e-167	496
DILT_0000600401-mRNA-1	2.33e-70	220
DILT_0000605301-mRNA-1	6.27e-175	509
DILT_0000615301-mRNA-1	3.93e-49	171
DILT_0000618401-mRNA-1	7.54e-180	527
DILT_0000656501-mRNA-1	3.18e-91	286
DILT_0000679401-mRNA-1	4.49e-93	285
DILT_0000723401-mRNA-1	5.41e-29	110
DILT_0000749701-mRNA-1	5.36e-29	105
DILT_0000785301-mRNA-1	5.37e-56	185
DILT_0000817101-mRNA-1	2.87e-58	189
DILT_0000849701-mRNA-1	3.60e-27	107
DILT_0000906401-mRNA-1	5.11e-30	111
DILT_0000912501-mRNA-1	1.82e-71	234
DILT_0000946901-mRNA-1	2.58e-204	589
DILT_0000961901-mRNA-1	4.37e-71	239
DILT_0000964301-mRNA-1	8.21e-98	293
DILT_0000974101-mRNA-1	7.81e-168	483
DILT_0001059501-mRNA-1	1.58e-118	365
DILT_0001092601-mRNA-1	4.51e-34	122
DILT_0001204301-mRNA-1	7.64e-198	565
DILT_0001222201-mRNA-1	1.21e-52	169
DILT_0001223101-mRNA-1	2.07e-60	194
DILT_0001318901-mRNA-1	3.31e-71	223
DILT_0001467401-mRNA-1	5.69e-52	166
DILT_0001527901-mRNA-1	1.21e-48	161
DILT_0001622301-mRNA-1	1.71e-14	71.2
DILT_0001644601-mRNA-1	1.95e-24	100
DILT_0001682601-mRNA-1	7.52e-116	350
DILT_0001687701-mRNA-1	3.17e-49	172
DILT_0001701301-mRNA-1	2.47e-35	122
DILT_0001711801-mRNA-1	1.16e-81	254
DILT_0001763301-mRNA-1	4.79e-27	102
DILT_0001829001-mRNA-1	6.95e-41	150
DILT_0001875401-mRNA-1	2.11e-140	427
DILT_0001892801-mRNA-1	8.44e-21	87.0
DILT_0001919401-mRNA-1	7.33e-08	49.3
DILT_0001921901-mRNA-1	4.97e-14	67.0
DILT_0001975801-mRNA-1	9.70e-24	95.5
maker-E.canG7_contigs_6081-snap-gene-1.21-mRNA-1	5.01e-66	244
maker-E.canG7_contigs_6517-pred_gff_augustus_masked-gene-0.6-mRNA-1	1.84e-119	387
maker-E.canG7_contigs_8273-pred_gff_blastx-gene-2.119-mRNA-1	1.28e-93	304
maker-E.canG7_contigs_7107-pred_gff_cdna2genome-gene-0.94-mRNA-1	2.14e-14	82.0
maker-E.canG7_contigs_7107-pred_gff_cdna2genome-gene-1.212-mRNA-1	1.80e-118	356
maker-E.canG7_contigs_0234-pred_gff_blastx-gene-0.99-mRNA-1	3.68e-207	597
maker-E.canG7_contigs_3364-snap-gene-1.48-mRNA-1	1.46e-133	419
maker-E.canG7_contigs_4941-pred_gff_blastx-gene-0.403-mRNA-1	7.98e-182	535
maker-E.canG7_contigs_9000-pred_gff_blastx-gene-0.325-mRNA-1	3.72e-119	360
maker-E.canG7_contigs_4744-pred_gff_augustus_masked-gene-2.213-mRNA-1	3.36e-209	614
maker-E.canG7_contigs_3140-pred_gff_cdna2genome-gene-1.135-mRNA-1	2.34e-155	473
maker-E.canG7_contigs_6231-snap-gene-0.60-mRNA-1	3.36e-147	434
maker-E.canG7_contigs_6006-pred_gff_blastx-gene-0.237-mRNA-1	3.91e-212	598
maker-E.canG7_contigs_6225-pred_gff_blastx-gene-0.196-mRNA-1	3.64e-181	520
maker-E.canG7_contigs_6225-pred_gff_snap_masked-gene-0.27-mRNA-1	6.98e-237	733
maker-E.canG7_contigs_6871-pred_gff_blastx-gene-0.205-mRNA-1	2.89e-280	814
maker-E.canG7_contigs_2425-pred_gff_blastx-gene-0.200-mRNA-1	6.07e-193	551
maker-E.canG7_contigs_6758-pred_gff_cdna2genome-gene-0.134-mRNA-1	1.66e-139	420
maker-E.canG7_contigs_1140-augustus-gene-0.15-mRNA-1	6.24e-94	300
maker-E.canG7_contigs_8560-pred_gff_cdna2genome-gene-0.126-mRNA-1	4.40e-164	496
maker-E.canG7_contigs_1238-pred_gff_blastx-gene-0.188-mRNA-1	9.55e-213	609
maker-E.canG7_contigs_2844-pred_gff_cdna2genome-gene-0.79-mRNA-1	4.34e-68	227
maker-E.canG7_contigs_5702-snap-gene-0.34-mRNA-1	1.21e-160	479
maker-E.canG7_contigs_3694-snap-gene-0.34-mRNA-1	2.00e-111	348
maker-E.canG7_contigs_7794-pred_gff_cdna2genome-gene-0.89-mRNA-1	1.59e-37	152
maker-E.canG7_contigs_3399-snap-gene-0.18-mRNA-1	8.06e-101	326
maker-E.canG7_contigs_6012-pred_gff_snap_masked-gene-0.5-mRNA-1	7.10e-20	93.2
maker-E.canG7_contigs_0516-pred_gff_cdna2genome-gene-0.43-mRNA-1	9.47e-27	121
maker-E.canG7_contigs_8204-augustus-gene-0.7-mRNA-1	1.95e-41	168
maker-E.canG7_contigs_5159-pred_gff_cdna2genome-gene-0.29-mRNA-1	1.14e-106	325
maker-E.canG7_contigs_5159-pred_gff_tblastx-gene-0.19-mRNA-1	8.12e-57	190
maker-E.canG7_contigs_5377-pred_gff_blastx-gene-0.33-mRNA-1	1.53e-119	375
maker-E.canG7_contigs_0886-pred_gff_blastx-gene-0.32-mRNA-1	5.58e-151	448
maker-E.canG7_contigs_8694-pred_gff_snap_masked-gene-0.1-mRNA-1	5.03e-15	77.0
maker-E.canG7_contigs_4428-pred_gff_cdna2genome-gene-0.4-mRNA-1	1.96e-67	216
maker-E.canG7_contigs_2051-pred_gff_blastx-gene-0.0-mRNA-1	5.00e-24	97.1
maker-E.canG7_contigs_9167-snap-gene-0.2-mRNA-1	3.71e-29	113
maker-E.canG7_contigs_4223-pred_gff_protein2genome-gene-0.8-mRNA-1	2.17e-103	320
EgrG_001156400	3.26e-121	379
EgrG_000975800	7.16e-15	83.6
EgrG_001066000	3.05e-41	166
EgrG_000671000	0.0	968
EgrG_001040300	3.16e-152	447
EgrG_001119800	8.61e-193	551
EgrG_000839300	7.33e-209	590
EgrG_000984000	2.87e-114	350
EgrG_001096400	1.64e-101	311
EgrG_000916400	9.03e-97	298
EgrG_000984100	4.64e-138	409
EgrG_000506500	9.67e-181	521
EgrG_000977600	1.44e-117	354
EgrG_000719050	2.46e-134	406
EgrG_000763100	5.59e-216	620
EgrG_000670700	2.30e-181	520
EgrG_000603400	4.14e-115	367
EgrG_000716500	1.99e-28	127
EgrG_000645700	3.02e-165	481
EgrG_000857600	1.50e-73	262
EgrG_000591600	3.76e-114	347
EgrG_000738300	2.82e-182	536
EgrG_002060300	1.80e-24	99.4
EgrG_000668200	3.26e-151	449
EgrG_001048250.1	2.25e-170	501
EgrG_000043900	2.34e-57	182
EgrG_000063700	5.85e-159	484
EgrG_000251500	1.14e-31	120
EgrG_000769300	1.04e-22	106
EgrG_000485400	5.44e-102	322
EgrG_001065900	3.92e-22	105
EgrG_000869200	5.22e-25	104
EgrG_000462600	7.62e-232	658
EgrG_000993200	6.02e-164	496
EgrG_000506600	2.16e-138	412
EgrG_000869300	3.07e-136	393
EgrG_000815100	2.26e-103	326
EgrG_000424600	2.95e-155	473
EgrG_000849400	2.10e-35	146
EgrG_000526700	9.55e-213	609
EmuJ_000043900.1	2.27e-57	182
EmuJ_000044000.1	1.39e-87	283
EmuJ_000063700.1	1.05e-159	486
EmuJ_000093100.1	6.80e-173	507
EmuJ_000251500.1	7.33e-40	142
EmuJ_000251600.1	7.04e-47	163
EmuJ_000424600.1	2.51e-154	471
EmuJ_000462600.1	5.37e-232	659
EmuJ_000485400.1	8.37e-101	319
EmuJ_000506500.1	1.24e-180	520
EmuJ_000506600.1	6.39e-139	412
EmuJ_000526700.1	1.35e-212	608
EmuJ_000591600.1	1.19e-138	413
EmuJ_000603400.1	4.43e-114	364
EmuJ_000645700.1	9.09e-162	472
EmuJ_000668200.1	3.16e-151	449
EmuJ_000670700.1	9.30e-181	518
EmuJ_000716500.1	7.33e-27	122
EmuJ_000719050.1	1.74e-134	407
EmuJ_000738300.1	2.82e-182	536
EmuJ_000763100.1	2.58e-214	615
EmuJ_000815100.1	4.76e-106	333
EmuJ_000839300.1	2.76e-212	598
EmuJ_000849400.1	1.42e-37	152
EmuJ_000857600.1	4.19e-78	274
EmuJ_000869200.1	8.94e-26	114
EmuJ_000869300.1	1.76e-135	391
EmuJ_000916400.1	1.44e-95	295
EmuJ_000975800.1	2.45e-08	62.4
EmuJ_000977600.1	3.17e-119	358
EmuJ_000984000.1	1.08e-114	352
EmuJ_000984100.1	1.50e-136	405
EmuJ_000993200.1	6.20e-167	504
EmuJ_001040300.1	4.53e-154	451
EmuJ_001048230.1	1.27e-155	457
EmuJ_001065900.1	8.39e-24	110
EmuJ_001066000.1	9.61e-42	168
EmuJ_001096400.1	8.09e-104	317
EmuJ_001119800.1	1.06e-193	553
EmuJ_001156400.1	7.18e-121	374
Eoli_000044000.t1	3.32e-80	248
Eoli_000063700.t1	2.27e-67	230
Eoli_000093100.t1	1.25e-138	417
Eoli_000165100.t1	5.36e-56	183
Eoli_000462600.t1	4.31e-61	193
Eoli_000506500.t1	3.34e-147	433
Eoli_000526700.t1	2.94e-87	276
Eoli_000618700.t1	1.96e-55	189
Eoli_000645700.t1	6.14e-41	136
Eoli_000668200.t1	6.29e-96	294
Eoli_000670700.t1	6.90e-118	354
Eoli_000716500.t1	2.53e-13	67.4
Eoli_000719050.t1	9.99e-118	363
Eoli_000738300.t1	5.64e-40	148
Eoli_000763100.t1	3.21e-42	159
Eoli_000815100.t1	2.39e-43	156
Eoli_000839300.t1	1.95e-140	406
Eoli_000849400.t1	2.20e-19	89.7
Eoli_000869200.t1	4.35e-13	63.5
Eoli_000984000.t1	1.69e-25	99.8
Eoli_001096400.t1	1.58e-102	313
Eoli_001119800.t1	4.69e-151	436
TTAC_0000099701-mRNA-1	5.75e-93	286
TTAC_0000113001-mRNA-1	3.78e-86	264
TTAC_0000144901-mRNA-1	8.42e-83	261
TTAC_0000160401-mRNA-1	3.90e-119	348
TTAC_0000197301-mRNA-1	9.95e-121	374
TTAC_0000214501-mRNA-1	7.89e-209	599
TTAC_0000220701-mRNA-1	8.44e-98	295
TTAC_0000226701-mRNA-1	9.95e-119	353
TTAC_0000257201-mRNA-1	1.53e-107	317
TTAC_0000300901-mRNA-1	1.63e-101	312
TTAC_0000309701-mRNA-1	8.10e-84	265
TTAC_0000337901-mRNA-1	4.62e-66	202
TTAC_0000347201-mRNA-1	2.95e-125	374
TTAC_0000369801-mRNA-1	4.07e-25	94.7
TTAC_0000392901-mRNA-1	3.35e-143	425
TTAC_0000443901-mRNA-1	3.51e-100	305
TTAC_0000448201-mRNA-1	4.21e-94	300
TTAC_0000497301-mRNA-1	4.58e-191	541
TTAC_0000500601-mRNA-1	8.26e-38	140
TTAC_0000548701-mRNA-1	3.43e-57	182
TTAC_0000554801-mRNA-1	4.68e-35	130
TTAC_0000602801-mRNA-1	4.98e-61	199
TTAC_0000610001-mRNA-1	4.25e-27	122
TTAC_0000611701-mRNA-1	2.31e-130	401
TTAC_0000618901-mRNA-1	1.07e-119	382
TTAC_0000667201-mRNA-1	7.91e-49	176
TTAC_0000667301-mRNA-1	2.71e-34	124
TTAC_0000684101-mRNA-1	2.28e-152	468
TTAC_0000685901-mRNA-1	2.37e-24	102
TTAC_0000692901-mRNA-1	7.83e-21	95.9
TTAC_0000705801-mRNA-1	4.76e-63	196
TTAC_0000706101-mRNA-1	2.66e-34	147
TTAC_0000722201-mRNA-1	1.57e-179	519
TTAC_0000722501-mRNA-1	0.0	1039
TTAC_0000733301-mRNA-1	8.41e-225	640
TTAC_0000769201-mRNA-1	1.65e-160	484
TTAC_0000792501-mRNA-1	6.01e-107	333
TTAC_0000802801-mRNA-1	1.80e-99	310
TTAC_0000833901-mRNA-1	3.63e-192	550
TTAC_0000835801-mRNA-1	7.64e-155	460
TTAC_0000837801-mRNA-1	3.14e-35	144
TTAC_0000922801-mRNA-1	1.71e-162	481
TTAC_0000943601-mRNA-1	6.16e-64	216
TTAC_0001034101-mRNA-1	4.98e-40	138
TTAC_0001062901-mRNA-1	5.94e-182	524
TTAC_0001123201-mRNA-1	4.54e-21	95.1
TTAC_0001141301-mRNA-1	1.10e-51	177
TTAC_0001158101-mRNA-1	4.25e-32	113
HDID_0000039701-mRNA-1	4.34e-112	350
HDID_0000041101-mRNA-1	1.48e-115	369
HDID_0000068801-mRNA-1	2.91e-273	795
HDID_0000072701-mRNA-1	3.37e-106	335
HDID_0000131801-mRNA-1	2.14e-53	176
HDID_0000140901-mRNA-1	6.07e-32	118
HDID_0000154601-mRNA-1	9.56e-25	100
HDID_0000211201-mRNA-1	1.04e-31	121
HDID_0000233301-mRNA-1	1.23e-119	348
HDID_0000268001-mRNA-1	5.70e-214	603
HDID_0000281901-mRNA-1	2.97e-171	503
HDID_0000297401-mRNA-1	1.01e-25	111
HDID_0000317501-mRNA-1	6.38e-120	362
HDID_0000380701-mRNA-1	1.57e-52	181
HDID_0000393001-mRNA-1	2.86e-19	83.6
HDID_0000402201-mRNA-1	1.69e-54	175
HDID_0000423001-mRNA-1	8.19e-211	604
HDID_0000432701-mRNA-1	3.64e-103	327
HDID_0000450901-mRNA-1	3.57e-65	201
HDID_0000455201-mRNA-1	2.33e-57	197
HDID_0000470601-mRNA-1	3.62e-164	489
HDID_0000475501-mRNA-1	5.32e-43	141
HDID_0000516501-mRNA-1	5.44e-179	513
HDID_0000519601-mRNA-1	8.16e-09	60.1
HDID_0000539801-mRNA-1	3.13e-117	340
HDID_0000626901-mRNA-1	8.51e-66	218
HDID_0000706101-mRNA-1	1.09e-135	406
HDID_0000719201-mRNA-1	1.37e-82	252
HDID_0000719401-mRNA-1	6.03e-80	260
HDID_0000724701-mRNA-1	8.01e-116	361
HDID_0000761301-mRNA-1	1.02e-168	488
HDID_0000776401-mRNA-1	2.82e-34	142
HDID_0000777301-mRNA-1	6.05e-188	536
HDID_0000778201-mRNA-1	8.68e-34	144
HDID_0000816401-mRNA-1	5.64e-161	479
HDID_0000878501-mRNA-1	3.07e-34	143
HDID_0000883701-mRNA-1	1.62e-170	506
HDID_0000899401-mRNA-1	1.10e-190	554
HDID_0000909201-mRNA-1	2.90e-26	114
HDID_0000951001-mRNA-1	3.35e-105	333
HDID_0000957301-mRNA-1	3.94e-183	535
HDID_0000966101-mRNA-1	4.55e-102	310
HDID_0000992701-mRNA-1	1.02e-24	103
HDID_0000996001-mRNA-1	8.31e-112	334
HDID_0000996101-mRNA-1	4.26e-57	187
HDID_0001026701-mRNA-1	6.45e-124	377
HDID_0001063501-mRNA-1	5.51e-76	253
HDID_0001081201-mRNA-1	3.37e-92	284
HDID_0001108601-mRNA-1	8.93e-18	77.0
HmN_000231800	1.96e-190	554
HmN_000380500.1	1.16e-189	555
HmN_000241200	6.94e-139	414
HmN_003037070.2	2.27e-17	91.7
HmN_000122500	6.13e-133	411
HmN_000557000	5.21e-191	543
HmN_000055300	1.43e-211	606
HmN_000622800	6.14e-168	495
HmN_000453700	2.73e-164	490
HmN_000841800	3.57e-38	154
HmN_000776500.2	5.61e-279	810
HmN_003033740.2	1.04e-31	137
HmN_000493400	4.31e-83	288
HmN_000008300	2.27e-110	360
HmN_000609400	7.33e-94	300
HmN_000286800	9.98e-192	545
HmN_000740800	4.35e-103	316
HmN_000451500	7.17e-115	363
HmN_000540500	1.50e-34	146
HmN_002167300	6.25e-158	480
HmN_003037610	2.42e-101	318
HmN_003033750	9.30e-47	183
HmN_000393300.2	7.52e-224	639
HmN_003037080	8.63e-07	57.4
HmN_000344500	3.38e-174	502
HmN_002117600	1.52e-166	497
HmN_000616400	1.03e-29	129
HmN_000486200	4.87e-167	505
HmN_000410700	4.81e-167	506
HmN_000924100	6.32e-172	504
HmN_000527900	6.08e-75	244
HmN_000318600	3.14e-164	484
HmN_000439000	1.11e-115	351
HmN_000250400	4.10e-181	519
HmN_000458300	5.30e-203	587
HmN_000691000	9.40e-106	333
HmN_000809200.1	5.62e-189	550
HmN_000445600	1.15e-143	438
HmN_000740700	8.54e-96	296
HNAJ_0000000001-mRNA-1	2.61e-71	229
HNAJ_0000033201-mRNA-1	5.41e-169	498
HNAJ_0000060801-mRNA-1	3.45e-08	56.6
HNAJ_0000093501-mRNA-1	2.27e-191	556
HNAJ_0000111301-mRNA-1	2.02e-06	51.6
HNAJ_0000111401-mRNA-1	4.84e-08	60.5
HNAJ_0000119501-mRNA-1	1.28e-87	270
HNAJ_0000119601-mRNA-1	2.34e-41	146
HNAJ_0000142101-mRNA-1	3.98e-115	350
HNAJ_0000155201-mRNA-1	1.67e-125	385
HNAJ_0000183501-mRNA-1	1.55e-87	270
HNAJ_0000202101-mRNA-1	1.93e-108	340
HNAJ_0000213601-mRNA-1	9.91e-280	811
HNAJ_0000220001-mRNA-1	2.63e-84	282
HNAJ_0000220801-mRNA-1	2.67e-39	158
HNAJ_0000262601-mRNA-1	3.18e-25	115
HNAJ_0000304301-mRNA-1	4.69e-10	60.8
HNAJ_0000311501-mRNA-1	3.56e-61	189
HNAJ_0000317801-mRNA-1	2.17e-76	249
HNAJ_0000326401-mRNA-1	2.97e-211	597
HNAJ_0000332001-mRNA-1	1.36e-53	173
HNAJ_0000337101-mRNA-1	4.30e-120	371
HNAJ_0000347901-mRNA-1	7.77e-22	97.4
HNAJ_0000370801-mRNA-1	1.31e-177	499
HNAJ_0000370901-mRNA-1	5.07e-29	121
HNAJ_0000395901-mRNA-1	7.32e-36	130
HNAJ_0000396201-mRNA-1	2.47e-63	196
HNAJ_0000422501-mRNA-1	1.65e-190	542
HNAJ_0000439901-mRNA-1	4.47e-30	115
HNAJ_0000479401-mRNA-1	1.72e-78	256
HNAJ_0000496401-mRNA-1	1.41e-168	501
HNAJ_0000530601-mRNA-1	1.09e-47	164
HNAJ_0000551001-mRNA-1	2.42e-65	207
HNAJ_0000571101-mRNA-1	6.69e-57	194
HNAJ_0000578001-mRNA-1	6.07e-85	262
HNAJ_0000594701-mRNA-1	1.36e-31	120
HNAJ_0000686901-mRNA-1	1.79e-112	335
HNAJ_0000742601-mRNA-1	4.90e-159	476
HNAJ_0000753101-mRNA-1	3.12e-152	454
HNAJ_0000807301-mRNA-1	4.68e-210	602
HNAJ_0000847701-mRNA-1	4.38e-26	105
HNAJ_0000882201-mRNA-1	2.04e-32	119
HNAJ_0000924401-mRNA-1	2.07e-26	116
HNAJ_0000926601-mRNA-1	3.24e-167	483
HNAJ_0000929701-mRNA-1	3.42e-124	359
HNAJ_0000936301-mRNA-1	1.66e-180	517
HNAJ_0000946001-mRNA-1	7.15e-142	440
HNAJ_0000958001-mRNA-1	9.47e-79	257
HNAJ_0000993201-mRNA-1	2.11e-36	149
HNAJ_0001007601-mRNA-1	2.22e-15	77.0
HNAJ_0001047201-mRNA-1	8.50e-78	257
HNAJ_0001073201-mRNA-1	3.62e-72	216
HNAJ_0001110001-mRNA-1	2.11e-84	280
HNAJ_0001190601-mRNA-1	1.91e-54	186
HNAJ_0001212001-mRNA-1	9.71e-41	135
HNAJ_0001279401-mRNA-1	5.16e-32	121
HNAJ_0001291401-mRNA-1	1.53e-59	185
HNAJ_0001298101-mRNA-1	4.52e-16	74.7
HNAJ_0001310401-mRNA-1	1.85e-138	407
HNAJ_0001341601-mRNA-1	3.06e-29	122
HNAJ_0001361301-mRNA-1	9.50e-151	447
HNAJ_0001372901-mRNA-1	1.75e-24	98.6
MCU_000033-RA	1.15e-55	189
MCU_000233-RB	3.96e-171	506
MCU_000247-RA	5.75e-63	194
MCU_000247-RB	1.54e-108	330
MCU_000247-RC	2.13e-47	155
MCU_000636-RA	1.45e-186	547
MCU_001223-RA	1.43e-182	521
MCU_001229-RA	7.21e-131	395
MCU_001256-RA	2.95e-99	317
MCU_002219-RA	4.62e-166	476
MCU_002530-RA	1.15e-166	505
MCU_002553-RA	2.93e-146	441
MCU_002808-RD	7.55e-85	290
MCU_002934-RA	4.67e-118	359
MCU_003006-RA	4.37e-119	358
MCU_003006-RC	3.16e-113	338
MCU_003274-RA	2.82e-204	588
MCU_003318-RA	2.25e-49	191
MCU_003496-RA	9.31e-191	543
MCU_004399-RA	4.07e-193	560
MCU_005313-RA	1.70e-22	92.8
MCU_005543-RC	2.25e-120	377
MCU_005678-RA	9.02e-81	246
MCU_005679-RA	4.16e-67	219
MCU_006737-RA	2.01e-215	617
MCU_006949-RA	5.13e-13	73.6
MCU_007023-RA	5.71e-88	271
MCU_007079-RB	5.79e-235	665
MCU_007220-RB	1.15e-18	95.9
MCU_007735-RA	3.66e-146	430
MCU_007736-RA	1.31e-169	488
MCU_007770-RA	2.80e-134	407
MCU_007979-RA	8.18e-35	144
MCU_008252-RA	2.62e-143	426
MCU_008505-RA	8.50e-180	514
MCU_008819-RA	2.02e-41	137
MCU_009570-RA	5.77e-107	323
MCU_009805-RA	2.30e-49	182
MCU_010531-RC	4.26e-187	536
MCU_010827-RA	1.25e-06	47.4
MCU_011313-RB	4.81e-121	368
MCU_012573-RA	5.70e-17	82.8
MCU_012613-RB	1.83e-136	404
MCU_013693-RA	1.11e-54	176
MCOS_0000511701-mRNA-1	5.62e-38	133
MCOS_0000566501-mRNA-1	1.05e-24	94.7
SSLN_0000121301-mRNA-1	1.77e-88	278
SSLN_0000165201-mRNA-1	8.07e-09	54.3
SSLN_0000213901-mRNA-1	7.03e-165	487
SSLN_0000219001-mRNA-1	1.42e-105	333
SSLN_0000224901-mRNA-1	1.67e-220	632
SSLN_0000270501-mRNA-1	9.25e-127	392
SSLN_0000314901-mRNA-1	1.33e-49	166
SSLN_0000322901-mRNA-1	1.36e-38	136
SSLN_0000323401-mRNA-1	3.21e-87	291
SSLN_0000324901-mRNA-1	0.0	1212
SSLN_0000371201-mRNA-1	5.91e-120	375
SSLN_0000449601-mRNA-1	2.00e-65	241
SSLN_0000449701-mRNA-1	1.84e-12	74.3
SSLN_0000482301-mRNA-1	1.00e-76	249
SSLN_0000484301-mRNA-1	8.76e-121	373
SSLN_0000497001-mRNA-1	1.12e-102	306
SSLN_0000522301-mRNA-1	1.22e-134	395
SSLN_0000564001-mRNA-1	1.24e-123	368
SSLN_0000619801-mRNA-1	1.61e-62	202
SSLN_0000626301-mRNA-1	2.08e-199	569
SSLN_0000683101-mRNA-1	8.01e-180	517
SSLN_0000686801-mRNA-1	4.44e-163	475
SSLN_0000686901-mRNA-1	1.15e-185	533
SSLN_0000694801-mRNA-1	5.34e-151	439
SSLN_0000694901-mRNA-1	1.95e-34	120
SSLN_0000696601-mRNA-1	3.80e-121	370
SSLN_0000777501-mRNA-1	1.89e-26	107
SSLN_0000779301-mRNA-1	7.53e-188	535
SSLN_0000856601-mRNA-1	1.51e-28	113
SSLN_0001003501-mRNA-1	1.15e-132	399
SSLN_0001018201-mRNA-1	9.31e-173	499
SSLN_0001085601-mRNA-1	3.99e-118	356
SSLN_0001092301-mRNA-1	2.29e-171	496
SSLN_0001126601-mRNA-1	3.89e-09	63.5
SSLN_0001133301-mRNA-1	3.47e-133	394
SSLN_0001153901-mRNA-1	2.72e-89	281
SSLN_0001183601-mRNA-1	4.08e-12	63.5
SSLN_0001183801-mRNA-1	6.80e-13	72.0
SSLN_0001192601-mRNA-1	2.11e-44	144
SSLN_0001205601-mRNA-1	9.05e-14	75.9
SSLN_0001283501-mRNA-1	4.74e-110	330
SSLN_0001288001-mRNA-1	4.79e-47	152
SSLN_0001387701-mRNA-1	1.93e-158	464
SSLN_0001416901-mRNA-1	5.74e-191	555
SSLN_0001494501-mRNA-1	5.23e-68	217
SSLN_0001534401-mRNA-1	5.21e-38	149
SSLN_0001594501-mRNA-1	1.66e-98	294
SSLN_0001668201-mRNA-1	5.44e-171	503
SSLN_0001723901-mRNA-1	2.44e-156	446
SSLN_0001734101-mRNA-1	3.05e-208	599
SSLN_0001956901-mRNA-1	1.14e-54	174
SSLN_0001963301-mRNA-1	3.19e-59	189
SSLN_0001976001-mRNA-1	4.41e-85	271
SSLN_0002023501-mRNA-1	1.56e-19	82.8
SPER_0000017901-mRNA-1	4.44e-187	537
SPER_0000110401-mRNA-1	8.51e-77	234
SPER_0000175401-mRNA-1	3.53e-41	135
SPER_0000177501-mRNA-1	7.58e-22	91.3
SPER_0000405701-mRNA-1	1.86e-49	172
SPER_0000457701-mRNA-1	3.83e-46	152
SPER_0000521501-mRNA-1	2.09e-46	151
SPER_0000553701-mRNA-1	1.21e-79	249
SPER_0000578501-mRNA-1	8.82e-92	286
SPER_0000665801-mRNA-1	4.50e-146	427
SPER_0000753401-mRNA-1	7.21e-51	169
SPER_0000842501-mRNA-1	3.08e-07	51.6
SPER_0000895501-mRNA-1	6.84e-113	339
SPER_0000896401-mRNA-1	2.64e-169	484
SPER_0001011701-mRNA-1	2.01e-112	339
SPER_0001047701-mRNA-1	5.37e-111	340
SPER_0001056501-mRNA-1	1.12e-26	115
SPER_0001098301-mRNA-1	8.87e-38	144
SPER_0001101401-mRNA-1	6.78e-35	117
SPER_0001131001-mRNA-1	1.04e-13	74.7
SPER_0001201301-mRNA-1	3.06e-27	109
SPER_0001214701-mRNA-1	5.22e-14	76.6
SPER_0001220401-mRNA-1	4.89e-33	115
SPER_0001250501-mRNA-1	3.29e-90	285
SPER_0001266801-mRNA-1	1.02e-38	135
SPER_0001271601-mRNA-1	2.21e-188	546
SPER_0001303501-mRNA-1	4.80e-08	50.4
SPER_0001303601-mRNA-1	1.97e-11	60.8
SPER_0001381501-mRNA-1	1.74e-69	238
SPER_0001393001-mRNA-1	1.88e-74	241
SPER_0001566201-mRNA-1	3.42e-24	105
SPER_0001662401-mRNA-1	3.83e-30	115
SPER_0001679301-mRNA-1	1.53e-19	90.5
SPER_0001804101-mRNA-1	4.36e-20	83.2
SPER_0001937201-mRNA-1	1.89e-26	107
SPER_0001957501-mRNA-1	1.10e-106	335
SPER_0001961401-mRNA-1	3.68e-26	104
SPER_0001979501-mRNA-1	3.45e-31	108
SPER_0002078901-mRNA-1	3.21e-35	120
SPER_0002217301-mRNA-1	8.29e-138	415
SPER_0002270801-mRNA-1	7.89e-47	164
SPER_0002321001-mRNA-1	4.15e-24	94.7
SPER_0002357801-mRNA-1	1.08e-43	160
SPER_0002358801-mRNA-1	1.55e-13	66.2
SPER_0002358901-mRNA-1	2.11e-54	179
SPER_0002425001-mRNA-1	4.18e-17	71.6
SPER_0002488401-mRNA-1	3.36e-26	103
SPER_0002491001-mRNA-1	8.47e-24	97.8
SPER_0002523001-mRNA-1	5.59e-32	123
SPER_0002630601-mRNA-1	6.94e-37	124
SPER_0002657201-mRNA-1	1.75e-27	107
SPER_0002863701-mRNA-1	7.05e-74	236
SPER_0002951201-mRNA-1	2.64e-13	70.1
SPER_0003012201-mRNA-1	3.60e-21	87.8
SPER_0003019001-mRNA-1	1.17e-132	391
SPER_0003031501-mRNA-1	1.03e-126	385
SPER_0003100201-mRNA-1	6.07e-68	211
SPER_0003109101-mRNA-1	2.52e-60	194
SPER_0003111801-mRNA-1	2.66e-86	267
SPER_0003163001-mRNA-1	2.73e-48	169
SPER_0003226301-mRNA-1	6.77e-21	97.1
SPER_0003294401-mRNA-1	3.16e-57	192
SPER_0003294701-mRNA-1	5.95e-33	118
SPER_0003345701-mRNA-1	8.43e-18	82.4
SPER_0003348701-mRNA-1	2.22e-29	108
SPER_0003420001-mRNA-1	5.89e-14	75.1
SPER_0003453001-mRNA-1	9.88e-103	316
SPER_0003470201-mRNA-1	3.47e-87	269
SPER_0003481201-mRNA-1	9.04e-185	534
SPER_0003499201-mRNA-1	1.65e-97	293
SPER_0003503701-mRNA-1	3.02e-37	130
SPER_0003505101-mRNA-1	9.84e-57	179
SPER_0003667301-mRNA-1	2.64e-44	145
SPER_0003695301-mRNA-1	6.04e-63	203
SPER_0003707201-mRNA-1	6.80e-45	152
SPER_0003804001-mRNA-1	1.03e-43	154
SPER_0003813301-mRNA-1	6.25e-70	218
SPER_0003962601-mRNA-1	8.57e-91	275
TASK_0000010201-mRNA-1	2.33e-100	318
TASK_0000019301-mRNA-1	1.14e-153	460
TASK_0000030801-mRNA-1	2.49e-282	818
TASK_0000032601-mRNA-1	1.13e-40	167
TASK_0000043501-mRNA-1	5.40e-111	343
TASK_0000049901-mRNA-1	5.16e-144	433
TASK_0000079501-mRNA-1	3.61e-38	153
TASK_0000153601-mRNA-1	3.52e-106	340
TASK_0000161301-mRNA-1	4.75e-171	504
TASK_0000184501-mRNA-1	1.18e-166	491
TASK_0000274301-mRNA-1	7.49e-15	76.6
TASK_0000278401-mRNA-1	1.04e-49	162
TASK_0000298801-mRNA-1	8.02e-09	55.1
TASK_0000327701-mRNA-1	3.42e-110	359
TASK_0000353501-mRNA-1	9.31e-141	427
TASK_0000392601-mRNA-1	1.60e-61	229
TASK_0000425301-mRNA-1	1.39e-136	427
TASK_0000442501-mRNA-1	1.06e-152	467
TASK_0000460301-mRNA-1	2.00e-126	387
TASK_0000468201-mRNA-1	2.96e-94	290
TASK_0000510901-mRNA-1	1.74e-229	653
TASK_0000514001-mRNA-1	1.77e-30	132
TASK_0000517901-mRNA-1	2.70e-210	593
TASK_0000519101-mRNA-1	5.46e-20	94.4
TASK_0000548501-mRNA-1	2.14e-216	620
TASK_0000555701-mRNA-1	3.42e-166	478
TASK_0000588601-mRNA-1	1.27e-192	551
TASK_0000674001-mRNA-1	8.01e-117	350
TASK_0000689201-mRNA-1	2.49e-183	539
TASK_0000702201-mRNA-1	2.02e-179	515
TASK_0000767501-mRNA-1	4.10e-209	600
TASK_0000833401-mRNA-1	4.54e-109	350
TASK_0000833801-mRNA-1	5.00e-80	262
TASK_0000867301-mRNA-1	1.26e-151	466
TASK_0000912801-mRNA-1	3.26e-17	77.4
TASK_0000912901-mRNA-1	3.43e-50	173
TASK_0000952501-mRNA-1	2.93e-85	275
TASK_0000963801-mRNA-1	3.87e-190	553
TASK_0000971201-mRNA-1	1.02e-157	503
TASK_0000998501-mRNA-1	3.65e-08	52.4
Tm1G000027	3.18e-159	485
Tm1G000490	4.56e-153	458
Tm1G000965	1.18e-100	319
Tm1G001098	1.37e-180	520
Tm1G001099	1.97e-146	433
Tm1G001864	3.76e-170	514
Tm1G001939	5.86e-60	223
Tm1G001992	1.36e-38	155
Tm1G002627	1.51e-216	620
Tm1G003288	3.10e-171	504
Tm1G003415	1.09e-39	164
Tm1G003633	3.45e-142	430
Tm1G003652	5.73e-31	134
Tm1G004222	1.20e-191	557
Tm1G004840	9.27e-24	99.8
Tm1G005057	8.78e-99	311
Tm1G005148	2.74e-06	50.1
Tm1G005175	1.18e-128	421
Tm1G005184	3.45e-98	332
Tm1G005463	1.33e-17	92.4
Tm1G005475	7.16e-113	340
Tm1G005520	7.33e-109	334
Tm1G005522	1.27e-142	420
Tm1G005589	3.49e-161	490
Tm3G008172	8.09e-31	131
Tm3G008174	1.52e-179	519
Tm3G008220	2.67e-36	139
Tm3G008337	3.13e-04	44.3
Tm3G008625	1.60e-193	564
Tm3G009041	8.86e-116	373
Tm3G009129	8.95e-135	405
Tm4G010013	3.61e-26	115
Tm4G010019	3.17e-32	136
Tm4G010040	5.40e-48	167
Tm4G010043	1.12e-69	245
Tm4G010050	3.16e-63	221
Tm4G010055	3.20e-06	51.6
Tm4G010060	3.56e-18	91.3
Tm4G010063	2.00e-45	164
Tm4G010075	8.76e-16	81.3
Tm4G010085	1.29e-102	352
Tm4G010095	6.12e-70	258
Tm4G010098	1.14e-64	236
Tm4G010520	5.50e-07	55.5
Tm5G011653	6.07e-193	551
Tm7G012925	1.41e-118	372
TSAs00001g00204m00001	3.87e-190	553
TSAs00002g00691m00001	3.20e-120	387
TSAs00002g00763m00001	8.88e-156	456
TSAs00005g01535m00001	3.01e-284	823
TSAs00005g01536m00001	2.25e-79	250
TSAs00007g01831m00001	3.28e-100	318
TSAs00008g02011m00001	4.61e-83	287
TSAs00008g02077m00001	1.83e-38	155
TSAs00008g02169m00001	2.70e-210	593
TSAs00014g03023m00001	3.15e-169	512
TSAs00019g03604m00001	3.87e-27	120
TSAs00019g03658m00001	2.14e-216	620
TSAs00027g04479m00001	9.82e-131	407
TSAs00033g05079m00001	6.18e-153	459
TSAs00034g05133m00001	2.20e-184	541
TSAs00037g05426m00001	6.07e-193	551
TSAs00039g05553m00001	2.82e-172	505
TSAs00042g05823m00001	3.60e-161	489
TSAs00044g05967m00001	3.50e-39	162
TSAs00045g06028m00001	6.62e-233	661
TSAs00047g06184m00001	5.25e-136	409
TSAs00047g06188m00001	3.03e-111	353
TSAs00062g07162m00001	1.19e-29	130
TSAs00065g07290m00001	2.65e-125	373
TSAs00065g07304m00001	1.01e-17	92.8
TSAs00069g07556m00001	3.24e-83	264
TSAs00072g07682m00001	4.45e-120	376
TSAs00074g07731m00001	2.34e-208	598
TSAs00075g07783m00001	1.18e-141	429
TSAs00093g08385m00001	4.48e-159	484
TSAs00101g08586m00001	2.17e-179	515
TSAs00101g08590m00001	4.05e-119	387
TSAs00101g08591m00001	8.35e-70	235
TSAs00113g08823m00001	3.09e-108	358
TSAs00128g09110m00001	7.14e-07	48.9
TSAs00180g09711m00001	3.02e-110	342
TSAs00210g09959m00001	8.52e-66	226
TSAs00222g10058m00001	1.42e-57	219
TSAs00355g10875m00001	5.11e-52	201
TSAs00378g10982m00001	1.89e-24	108
TSAs00407g11095m00001	6.82e-42	155
TSAs00758g12127m00001	3.20e-35	134
TSAs00810g12232m00001	1.03e-68	236
TSAs01229g12672m00001	2.39e-25	97.8
TsM_000071300	3.73e-31	135
TsM_000836600	1.22e-192	550
TsM_000900200	3.64e-170	504
TsM_000021800	6.81e-56	186
TsM_000107700	1.72e-186	547
TsM_000975200	1.07e-164	485
TsM_000841200	5.30e-69	223
TsM_000926600	2.75e-180	520
TsM_000990300	2.25e-159	485
TsM_000974900	5.93e-66	218
TsM_000386700	1.40e-42	157
TsM_000045600	3.53e-96	318
TsM_001236100	2.69e-48	158
TsM_000440800	5.72e-157	466
TsM_000177200	2.06e-14	75.5
TsM_000577800	3.82e-210	593
TsM_001229200	4.08e-09	55.5
TsM_000063500	1.21e-197	568
TsM_000073700	7.59e-154	461
TsM_000892300	3.46e-98	310
TsM_000012300	5.01e-189	550
TsM_000124300	6.56e-99	314
TsM_000043700	2.97e-33	133
TsM_001041400	5.34e-153	468
TsM_000940900	5.62e-36	150
TsM_000193600	1.09e-123	360
TsM_000714100	1.34e-161	471
TsM_000084400	7.99e-25	103
TsM_000887800	4.66e-208	597
TsM_000436900	1.14e-137	419
TsM_000927400	9.70e-155	461
TsM_000473000	1.60e-123	383
TsM_000940800	3.98e-40	163
TsM_000088700	5.63e-231	656
TsM_000776500	3.84e-56	177
TsM_000776300	2.41e-46	149
TsM_000473200	2.19e-16	76.3
TsM_000273200	1.03e-110	342
TsM_000842800	1.01e-18	80.9
TsM_000144500	2.91e-36	142
TsM_001009100	5.00e-68	238
TsM_001187100	1.07e-110	343
TsM_000463300	6.11e-11	67.4
TsM_000442200	5.40e-130	385
TsM_000365700	2.83e-19	87.8
TsM_000870800	2.85e-166	520
TsM_000845500	6.57e-112	343
TsM_000926700	1.84e-146	434
TsM_000842900	4.58e-82	256
TsM_001156900	8.54e-108	343
TsM_000341800	8.17e-08	53.5
TsM_000739100	1.76e-20	92.8
comp101105_c0_seq1.p1	5.22e-10	58.2
comp101562_c0_seq1.p1	7.64e-22	93.6
comp102249_c0_seq1.p1	4.41e-04	44.7
comp102249_c2_seq1.p1	1.36e-04	43.9
comp103752_c0_seq1.p1	2.42e-68	208
comp103997_c0_seq1.p1	4.63e-24	94.0
comp107949_c0_seq1.p1	2.04e-86	273
comp111870_c0_seq1.p1	1.19e-56	188
comp112266_c0_seq1.p2	1.00e-22	95.1
comp112907_c0_seq1.p1	1.85e-05	46.2
comp113415_c0_seq1.p1	1.51e-18	83.2
comp113562_c0_seq1.p1	9.71e-49	179
comp113562_c1_seq1.p1	6.49e-41	138
comp113769_c0_seq1.p1	9.94e-13	67.0
comp114101_c0_seq1.p1	6.99e-40	147
comp114101_c1_seq1.p1	6.12e-117	343
comp115104_c0_seq1.p1	4.06e-84	268
comp115104_c1_seq1.p1	1.68e-99	294
comp115826_c0_seq1.p1	1.45e-12	72.0
comp116123_c0_seq1.p1	1.25e-91	291
comp116123_c1_seq1.p1	1.05e-23	100
comp116585_c0_seq1.p1	2.32e-19	87.4
comp118768_c0_seq1.p1	1.35e-06	49.3
comp119375_c1_seq1.p1	4.18e-88	265
comp119876_c0_seq1.p1	2.94e-34	130
comp120399_c0_seq1.p1	1.14e-42	158
comp120503_c0_seq1.p1	2.46e-49	168
comp120503_c0_seq3.p1	3.25e-21	90.9
comp121836_c2_seq1.p1	5.91e-88	272
comp122841_c0_seq1.p1	2.82e-39	145
comp123271_c0_seq1.p1	4.42e-34	130
comp123425_c0_seq3.p1	2.60e-28	118
comp124051_c0_seq1.p1	2.83e-31	121
comp124051_c1_seq1.p1	1.96e-21	95.9
comp125061_c0_seq1.p1	8.62e-53	174
comp125061_c1_seq1.p1	1.90e-32	117
comp125061_c2_seq1.p1	1.37e-51	166
comp125683_c0_seq1.p1	2.09e-07	53.1
comp125683_c1_seq1.p1	3.62e-21	97.8
comp125855_c1_seq1.p1	6.05e-07	50.4
comp126864_c0_seq2.p1	3.97e-48	189
comp127555_c1_seq1.p1	4.52e-46	165
comp128064_c0_seq1.p1	1.42e-40	141
comp128064_c1_seq1.p1	3.02e-11	64.7
comp129031_c0_seq1.p1	7.57e-37	148
comp129392_c0_seq1.p1	6.98e-27	108
comp129721_c0_seq1.p1	2.44e-212	597
comp130084_c1_seq1.p1	7.66e-112	335
comp130745_c0_seq1.p1	4.05e-04	46.6
comp130745_c0_seq2.p2	1.37e-04	46.6
comp130844_c1_seq1.p1	4.33e-20	91.7
comp131058_c0_seq2.p1	1.05e-04	48.9
comp132661_c0_seq2.p1	1.98e-12	67.8
comp132661_c1_seq1.p1	2.83e-44	163
comp132689_c1_seq1.p1	4.20e-04	48.1
comp133517_c0_seq10.p1	1.14e-129	385
comp133517_c0_seq12.p1	1.84e-76	243
comp133517_c0_seq6.p1	6.05e-125	372
comp133517_c0_seq8.p1	4.17e-83	256
comp133995_c0_seq1.p1	1.11e-36	152
comp134670_c0_seq2.p1	1.86e-112	347
comp134670_c0_seq3.p1	9.64e-47	159
comp135003_c0_seq2.p1	2.70e-25	103
comp135003_c1_seq1.p1	5.53e-123	364
comp135174_c0_seq1.p1	1.81e-240	691
comp135889_c0_seq1.p1	2.14e-43	175
comp136088_c0_seq1.p1	2.65e-52	190
comp136416_c1_seq2.p1	9.96e-38	150
comp136835_c0_seq1.p1	8.14e-05	48.5
comp169569_c0_seq1.p1	2.03e-04	43.1
comp169756_c0_seq1.p1	2.84e-90	286
comp191518_c0_seq1.p1	3.70e-08	54.3
comp210921_c0_seq1.p1	8.68e-45	155
comp227832_c0_seq1.p1	3.08e-77	243
comp229965_c0_seq1.p1	1.81e-09	62.4
comp236355_c0_seq1.p1	9.88e-07	48.9
comp258512_c0_seq1.p1	7.66e-34	118
comp355283_c0_seq1.p1	9.37e-13	66.6
comp49193_c0_seq1.p1	2.75e-04	43.1
comp52191_c0_seq1.p1	5.77e-31	117
comp57703_c0_seq1.p1	1.30e-48	159
comp60507_c0_seq1.p1	2.25e-05	46.6
comp61134_c0_seq1.p1	3.31e-22	93.6
comp61867_c0_seq1.p1	4.97e-84	263
comp64520_c0_seq1.p1	4.89e-49	163
comp71556_c0_seq1.p1	6.09e-30	115
comp78900_c0_seq1.p1	2.56e-68	218
comp88666_c0_seq1.p1	1.30e-17	81.3
comp88982_c0_seq1.p1	8.91e-179	513
comp91569_c0_seq1.p1	1.36e-08	55.8
comp92246_c0_seq1.p1	8.45e-15	68.2
comp92704_c0_seq1.p1	7.55e-21	90.9
comp93142_c0_seq1.p2	3.01e-18	81.6
comp93142_c1_seq1.p1	3.31e-48	158
comp93496_c0_seq1.p1	2.69e-51	175
comp95086_c0_seq1.p1	5.80e-24	99.8
comp95086_c1_seq1.p1	1.41e-99	298
comp95865_c0_seq1.p1	6.22e-52	172
comp96049_c0_seq1.p1	1.16e-50	182
comp96050_c0_seq1.p1	2.33e-31	121
comp96356_c0_seq1.p1	4.51e-20	89.7
BOX15_Mlig015854g1	1.68e-148	444
BOX15_Mlig004065g1	1.81e-138	414
BOX15_Mlig031591g2	6.98e-153	455
BOX15_Mlig013723g1	2.47e-09	62.8
BOX15_Mlig007204g1	1.23e-10	70.1
BOX15_Mlig019017g2	1.03e-102	320
BOX15_Mlig023951g1	1.34e-47	181
BOX15_Mlig003898g1	7.76e-47	177
BOX15_Mlig031004g1	4.31e-04	48.1
BOX15_Mlig031432g4	3.58e-152	459
BOX15_Mlig019017g3	6.18e-101	321
BOX15_Mlig002395g4	3.36e-106	353
BOX15_Mlig007609g1	5.94e-39	153
BOX15_Mlig011325g2	8.72e-145	434
BOX15_Mlig022967g3	1.39e-110	352
BOX15_Mlig021793g2	1.76e-80	260
BOX15_Mlig003120g3	5.80e-73	244
BOX15_Mlig010678g1	9.85e-51	182
BOX15_Mlig007416g1	1.38e-21	92.4
BOX15_Mlig028584g3	5.96e-149	446
BOX15_Mlig028785g2	7.44e-142	426
BOX15_Mlig019094g1	1.15e-15	84.7
BOX15_Mlig024322g3	1.48e-51	191
BOX15_Mlig029271g2	7.29e-09	63.5
BOX15_Mlig006056g2	1.90e-09	66.2
BOX15_Mlig032051g1	4.26e-15	83.2
BOX15_Mlig015178g3	1.58e-142	436
BOX15_Mlig016990g2	2.46e-58	210
BOX15_Mlig014550g2	1.50e-79	269
BOX15_Mlig006976g1	1.96e-10	68.2
BOX15_Mlig031795g3	4.40e-13	77.0
BOX15_Mlig021130g3	9.53e-110	351
BOX15_Mlig000989g5	1.95e-103	337
BOX15_Mlig009538g1	8.86e-04	44.3
BOX15_Mlig000674g2	2.58e-113	367
BOX15_Mlig034115g2	1.03e-31	136
BOX15_Mlig013616g1	9.35e-48	177
BOX15_Mlig011411g1	3.16e-08	55.8
BOX15_Mlig004551g4	3.20e-106	338
BOX15_Mlig014244g1	1.59e-73	244
BOX15_Mlig009645g3	1.82e-08	60.5
BOX15_Mlig024351g4	2.38e-25	113
BOX15_Mlig031804g2	1.92e-79	259
BOX15_Mlig020788g3	8.41e-89	302
BOX15_Mlig026429g3	3.07e-17	91.3
BOX15_Mlig033565g2	5.44e-07	57.4
BOX15_Mlig028680g1	2.22e-10	67.4
BOX15_Mlig027426g1	1.10e-22	106
BOX15_Mlig032568g1	1.09e-53	196
BOX15_Mlig009398g1	1.61e-152	453
BOX15_Mlig025449g1	1.34e-46	171
BOX15_Mlig020199g1	6.93e-19	95.1
BOX15_Mlig009170g1	1.47e-23	112
BOX15_Mlig000841g2	5.05e-148	434
BOX15_Mlig000209g3	1.59e-44	177
BOX15_Mlig000862g3	1.95e-156	460
BOX15_Mlig030741g1	2.62e-22	107
BOX15_Mlig026840g2	7.01e-110	333
BOX15_Mlig000841g6	6.13e-71	224
BOX15_Mlig002294g2	1.52e-36	149
BOX15_Mlig022707g1	2.06e-32	139
BOX15_Mlig005297g1	8.72e-41	166
BOX15_Mlig007166g1	2.31e-19	97.1
BOX15_Mlig020801g1	2.78e-10	68.6
BOX15_Mlig008197g1	2.06e-98	308
BOX15_Mlig033226g1	1.89e-31	131
BOX15_Mlig015771g1	1.97e-39	162
BOX15_Mlig013326g1	2.89e-08	55.5
BOX15_Mlig006075g1	3.96e-24	112
BOX15_Mlig000461g1	8.62e-153	455
BOX15_Mlig015474g3	9.51e-111	342
BOX15_Mlig032313g1	1.15e-149	456
BOX15_Mlig005955g1	4.49e-27	123
BOX15_Mlig010245g2	1.73e-15	84.0
BOX15_Mlig014818g1	1.13e-147	434
BOX15_Mlig005363g2	7.71e-28	121
BOX15_Mlig016491g1	1.83e-16	80.9
BOX15_Mlig015393g1	5.14e-29	127
BOX15_Mlig017198g1	2.45e-14	81.3
BOX15_Mlig009331g1	1.29e-62	219
BOX15_Mlig011397g1	4.79e-15	83.6
BOX15_Mlig003611g1	1.31e-19	95.5
BOX15_Mlig024916g1	3.65e-56	205
BOX15_Mlig024348g1	1.04e-09	63.5
BOX15_Mlig018669g1	5.85e-12	73.2
BOX15_Mlig016426g1	5.11e-33	142
BOX15_Mlig012309g1	9.46e-37	154
BOX15_Mlig013241g1	1.11e-18	95.1
BOX15_Mlig018909g1	5.44e-14	80.1
BOX15_Mlig025217g1	7.29e-18	92.4
BOX15_Mlig015385g1	8.40e-25	114
BOX15_Mlig009517g1	1.20e-20	100
BOX15_Mlig028639g1	5.11e-39	157
BOX15_Mlig026767g5	2.12e-49	179
BOX15_Mlig004863g1	2.06e-145	446
BOX15_Mlig010186g1	2.27e-04	49.3
BOX15_Mlig001459g3	6.82e-66	226
BOX15_Mlig018619g1	2.03e-129	384
BOX15_Mlig008883g4	1.44e-71	236
BOX15_Mlig016491g12	1.30e-26	113
BOX15_Mlig014011g1	4.83e-11	71.2
BOX15_Mlig026396g1	3.32e-25	111
BOX15_Mlig024322g2	5.01e-24	107
BOX15_Mlig031664g1	3.13e-33	131
BOX15_Mlig009645g1	5.71e-18	92.0
BOX15_Mlig030622g1	8.14e-18	92.0
BOX15_Mlig025621g1	5.13e-16	86.7
BOX15_Mlig033810g1	7.04e-07	57.4
BOX15_Mlig007222g3	4.24e-25	114
BOX15_Mlig015081g1	4.36e-13	77.4
BOX15_Mlig032482g1	1.48e-16	88.2
BOX15_Mlig031609g1	7.16e-09	63.5
BOX15_Mlig027167g2	9.66e-41	154
BOX15_Mlig022931g1	3.08e-117	367
BOX15_Mlig022345g1	1.67e-10	66.2
BOX15_Mlig010174g1	4.57e-121	370
BOX15_Mlig019166g1	1.35e-152	454
BOX15_Mlig023922g2	1.69e-139	417
BOX15_Mlig026138g2	1.88e-10	68.6
BOX15_Mlig006140g2	5.55e-37	137
BOX15_Mlig023547g1	4.71e-159	470
BOX15_Mlig012953g1	1.35e-81	272
BOX15_Mlig027460g2	2.15e-118	358
BOX15_Mlig007558g1	6.32e-112	356
BOX15_Mlig014474g5	1.73e-65	224
BOX15_Mlig020283g2	5.73e-158	470
BOX15_Mlig021913g2	4.22e-13	77.0
BOX15_Mlig033047g1	4.87e-05	50.8
BOX15_Mlig002809g2	3.25e-128	396
BOX15_Mlig026586g1	5.93e-11	71.2
BOX15_Mlig002193g1	3.81e-10	68.6
BOX15_Mlig009716g1	1.86e-40	150
BOX15_Mlig015081g3	9.60e-10	66.2
BOX15_Mlig009716g2	3.73e-73	240
BOX15_Mlig009645g2	3.73e-12	73.2
BOX15_Mlig015174g1	8.60e-154	457
BOX15_Mlig030616g2	1.11e-13	79.3
BOX15_Mlig013503g1	1.23e-26	119
BOX15_Mlig021706g1	1.08e-08	55.1
BOX15_Mlig004814g1	2.26e-13	78.2
BOX15_Mlig020845g1	3.63e-120	391
BOX15_Mlig020704g1	1.78e-09	65.5
BOX15_Mlig008995g1	4.87e-05	48.1
BOX15_Mlig008995g3	1.35e-15	84.3
BOX15_Mlig006398g1	1.85e-12	76.3
BOX15_Mlig005119g9	6.58e-160	487
BOX15_Mlig011179g1	3.07e-27	114
BOX15_Mlig014979g1	1.88e-153	451
BOX15_Mlig025378g2	1.79e-15	84.0
BOX15_Mlig029354g1	1.77e-08	56.2
BOX15_Mlig005480g1	4.03e-29	117
SMEST000150001	4.61e-146	441
SMEST000209001	1.94e-19	84.7
SMEST000214001	6.92e-84	272
SMEST000638001	1.66e-12	75.1
SMEST000681001	4.11e-58	204
SMEST002556001	1.59e-16	80.5
SMEST002742001	9.12e-59	204
SMEST002761001	1.26e-35	127
SMEST002905001	9.44e-143	429
SMEST004049001	6.67e-65	226
SMEST005358002	3.09e-159	470
SMEST006108001	2.19e-10	63.5
SMEST006412001	9.51e-06	53.1
SMEST006949001	6.46e-37	154
SMEST008099002	1.28e-84	278
SMEST008589002	8.47e-177	533
SMEST008719001	2.41e-19	99.0
SMEST008993001	1.08e-142	422
SMEST009914001	1.59e-164	491
SMEST010795001	4.80e-176	505
SMEST011523001	5.04e-79	263
SMEST011525001	3.06e-76	256
SMEST011827001	3.61e-141	425
SMEST012532004	1.42e-170	501
SMEST013072001	2.50e-12	74.3
SMEST013147002	1.47e-113	357
SMEST014741002	5.13e-130	394
SMEST015256002	2.15e-105	335
SMEST015383001	1.73e-127	384
SMEST016391001	9.12e-82	271
SMEST016405001	5.24e-86	272
SMEST016707001	2.25e-133	407
SMEST016710001	1.15e-121	377
SMEST016913001	4.60e-138	419
SMEST017657001	4.62e-80	265
SMEST017668001	6.14e-68	234
SMEST017678001	9.82e-83	275
SMEST018336002	1.92e-128	382
SMEST018611012	4.26e-51	200
SMEST018611013	4.03e-51	200
SMEST019202001	5.22e-18	91.3
SMEST019203001	2.37e-63	222
SMEST020579002	9.98e-70	219
SMEST020604001	7.70e-89	289
SMEST020658005	2.12e-22	106
SMEST020665001	3.55e-205	580
SMEST020677001	7.00e-05	47.4
SMEST021568001	7.20e-210	601
SMEST021654001	7.08e-134	404
SMEST021796001	2.73e-193	555
SMEST022851001	7.45e-200	603
SMEST022994001	1.78e-101	325
SMEST022995001	2.00e-94	304
SMEST022997001	6.07e-84	278
SMEST022999001	3.07e-78	264
SMEST023242002	1.69e-76	254
SMEST023360001	1.01e-173	507
SMEST023742004	2.72e-29	128
SMEST023742006	5.23e-30	130
SMEST024217002	7.96e-152	449
SMEST024270001	9.73e-135	412
SMEST026005001	2.69e-152	452
SMEST027550001	3.61e-46	171
SMEST027888003	4.58e-107	348
SMEST028094001	3.82e-137	417
SMEST028455001	6.71e-114	356
SMEST028687001	3.48e-177	521
SMEST028996002	3.95e-111	337
SMEST029017001	4.42e-84	273
SMEST029022001	9.30e-133	409
SMEST029213001	1.32e-153	459
SMEST031120001	4.52e-70	226
SMEST031120002	1.20e-76	245
SMEST031561004	3.78e-136	410
SMEST032616001	1.12e-06	56.2
SMEST032691001	3.79e-158	461
SMEST034894001	6.92e-87	284
SMEST034930001	3.42e-33	144
SMEST035185001	5.72e-108	340
SMEST037019002	9.60e-31	135
SMEST037124001	3.65e-160	466
SMEST037525001	1.05e-165	491
SMEST037592001	6.84e-111	340
SMEST039581001	4.02e-161	479
SMEST039749001	1.70e-181	525
SMEST040082001	1.23e-169	509
SMEST040424001	3.01e-10	66.2
SMEST041696001	7.98e-78	248
SMEST041729001	1.76e-74	249
SMEST041740001	4.18e-86	270
SMEST041796001	8.49e-70	228
SMEST041818001	2.19e-77	246
SMEST041829001	5.23e-79	250
SMEST041885001	8.06e-173	496
SMEST041886001	8.00e-145	426
SMEST041912001	2.42e-75	248
SMEST041914002	1.37e-78	251
SMEST042830001	7.80e-09	63.2
SMEST043119001	1.60e-168	499
SMEST043379001	5.68e-20	100
SMEST043840001	2.32e-146	442
SMEST044174001	1.21e-185	539
SMEST044381001	1.13e-177	520
SMEST045054001	6.69e-164	491
SMEST045131001	7.67e-130	398
SMEST045280001	2.73e-54	189
SMEST046729001	1.08e-93	292
SMEST046751001	2.15e-89	281
SMEST046895001	3.20e-106	325
SMEST047329001	6.96e-27	122
SMEST047372002	3.42e-40	148
SMEST047472002	1.74e-46	160
SMEST047581001	1.22e-168	502
SMEST048391002	4.20e-138	429
SMEST048395001	1.63e-83	283
SMEST049231001	9.05e-21	102
SMEST049467001	3.18e-105	350
SMEST052669002	6.69e-140	426
SMEST053382001	3.48e-110	347
SMEST053390001	3.09e-98	316
SMEST053391001	1.70e-102	325
SMEST053446003	8.03e-16	85.9
SMEST053471001	8.67e-10	65.9
SMEST053477002	3.70e-09	62.0
SMEST055022002	2.87e-226	667
SMEST056126002	1.57e-139	426
SMEST056721001	1.02e-136	408
SMEST060702001	1.21e-158	472
SMEST061291002	9.53e-29	118
SMEST061291010	2.42e-31	132
SMEST061503001	1.44e-175	514
SMEST061905001	6.65e-166	483
SMEST061997002	8.03e-134	420
SMEST062815001	1.62e-144	438
SMEST064187001	2.49e-179	527
SMEST064433001	5.01e-78	257
SMEST064435001	2.31e-74	247
SMEST064442001	5.12e-86	269
SMEST064521001	1.14e-146	441
SMEST064655002	1.36e-35	138
SMEST064656003	1.69e-32	123
SMEST064696001	1.00e-138	420
SMEST065489002	2.19e-40	162
SMEST065907001	4.43e-41	166
SMEST066647002	4.61e-195	566
SMEST066647004	8.35e-197	565
SMEST068441001	4.44e-107	343
SMEST068777001	9.65e-153	456
SMEST069054001	1.74e-90	293
SMEST069074001	2.22e-87	287
SMEST069521001	1.26e-15	77.0
SMEST069526001	7.74e-07	52.0
SMEST069533002	1.54e-54	202
SMEST069544001	2.96e-17	84.0
SMEST069546001	4.35e-68	236
SMEST069611001	1.11e-171	506
SMEST069788001	2.23e-51	176
SMEST069967002	1.03e-162	481
SMEST071005001	7.17e-123	373
SMEST071641001	5.90e-156	455
SMEST071734001	1.08e-39	165
SMEST072389001	2.91e-143	434
SMEST072895001	1.95e-124	384
SMEST073148001	8.14e-19	95.5
SMEST073173009	7.90e-39	159
SMEST073179001	4.48e-06	51.6
SMEST073183001	5.77e-45	170
SMEST073189006	1.44e-14	82.4
SMEST073204003	1.22e-17	86.3
SMEST073231003	3.95e-39	149
SMEST073267001	3.67e-67	232
SMEST073518001	2.07e-173	508
SMEST074769001	5.21e-12	73.2
SMEST075970001	1.52e-55	195
SMEST077022001	3.17e-14	76.3
SMEST077022002	9.25e-40	156
SMEST077071002	4.77e-136	402
SMEST077704001	3.16e-158	462
SMEST078360001	1.09e-169	504
SMEST079502001	2.10e-11	71.2
SMEST079503001	2.52e-15	83.6
SMEST080345004	3.69e-20	92.4
SMEST080356001	2.21e-09	60.5
SMEST080367001	9.42e-35	147
SMEST080411004	3.76e-36	141
SMEST080891001	2.64e-65	214
SMEST080891003	4.14e-65	214
SMEST080892001	4.13e-18	86.7
SMEST081650001	1.22e-137	420
SMEST081715001	1.66e-124	385
SMEST081862001	4.75e-31	134
