augustus_masked-agouti_scaf_271-processed-gene-0.10-mRNA-1	5.94e-202	572
augustus_masked-agouti_scaf_310-processed-gene-0.2-mRNA-1	4.03e-110	335
augustus_masked-jcf7180000219633-processed-gene-1.11-mRNA-1	1.68e-151	450
augustus_masked-jcf7180000225870-processed-gene-0.2-mRNA-1	1.07e-171	493
augustus_masked-jcf7180000276596-processed-gene-0.2-mRNA-1	2.92e-135	408
augustus_masked-jcf7180000277226-processed-gene-0.0-mRNA-1	2.83e-164	486
maker-agouti_scaf_1050-snap-gene-0.0-mRNA-1	3.12e-73	243
maker-agouti_scaf_1131-snap-gene-0.5-mRNA-1	4.13e-38	150
maker-agouti_scaf_322-snap-gene-0.1-mRNA-1	4.72e-122	379
maker-agouti_scaf_914-augustus-gene-0.19-mRNA-1	1.07e-176	526
maker-agouti_scaf_959-augustus-gene-1.6-mRNA-1	2.08e-53	177
maker-agouti_scaf_959-snap-gene-1.1-mRNA-1	1.27e-102	313
maker-jcf7180000219501-snap-gene-0.13-mRNA-1	4.14e-157	470
maker-jcf7180000219633-snap-gene-0.1-mRNA-1	1.69e-13	73.6
maker-jcf7180000222797-augustus-gene-0.6-mRNA-1	3.24e-63	226
maker-jcf7180000224771-augustus-gene-0.10-mRNA-1	1.34e-102	327
maker-jcf7180000225855-augustus-gene-0.9-mRNA-1	4.78e-28	121
maker-jcf7180000226722-augustus-gene-0.0-mRNA-1	6.25e-153	464
maker-jcf7180000227101-snap-gene-0.1-mRNA-1	6.28e-169	493
maker-jcf7180000231542-augustus-gene-0.1-mRNA-1	1.49e-37	144
maker-jcf7180000232964-snap-gene-0.1-mRNA-1	4.51e-97	297
maker-jcf7180000233711-snap-gene-0.1-mRNA-1	2.66e-34	128
maker-jcf7180000234692-augustus-gene-0.0-mRNA-1	8.11e-44	160
maker-jcf7180000257220-snap-gene-0.0-mRNA-1	3.73e-119	363
maker-jcf7180000272047-augustus-gene-0.1-mRNA-1	1.10e-117	351
maker-jcf7180000275465-snap-gene-0.7-mRNA-1	1.52e-63	230
maker-jcf7180000276180-snap-gene-0.10-mRNA-1	4.93e-88	286
maker-jcf7180000277087-augustus-gene-0.6-mRNA-1	1.26e-102	335
snap_masked-jcf7180000223389-processed-gene-0.4-mRNA-1	3.45e-122	362
snap_masked-jcf7180000224386-processed-gene-0.1-mRNA-1	8.62e-138	409
comp100811_c0_seq1.p1	8.66e-73	217
comp101105_c0_seq1.p1	1.01e-98	282
comp101562_c0_seq1.p1	1.07e-22	90.5
comp102249_c0_seq1.p1	6.28e-137	382
comp102249_c2_seq1.p1	5.55e-80	232
comp103752_c0_seq1.p1	1.14e-109	311
comp103997_c0_seq1.p1	1.61e-78	228
comp107949_c0_seq1.p1	5.38e-174	481
comp108197_c1_seq1.p1	2.48e-25	105
comp111408_c0_seq1.p1	1.24e-72	213
comp111870_c0_seq1.p1	2.90e-114	324
comp112266_c0_seq1.p2	1.50e-63	190
comp112907_c0_seq1.p1	1.32e-05	46.6
comp113415_c0_seq1.p1	4.76e-24	90.9
comp113562_c0_seq1.p1	1.93e-250	682
comp113562_c1_seq1.p1	9.56e-71	208
comp113769_c0_seq1.p1	5.39e-77	224
comp114101_c0_seq1.p1	1.16e-135	381
comp114101_c1_seq1.p1	4.64e-189	520
comp115104_c0_seq1.p1	5.73e-221	605
comp115104_c1_seq1.p1	1.51e-128	360
comp115826_c0_seq1.p1	1.12e-224	613
comp115999_c0_seq1.p1	2.76e-82	239
comp116123_c0_seq1.p1	1.03e-216	593
comp116123_c1_seq1.p1	1.31e-36	133
comp116206_c0_seq1.p1	1.02e-09	60.8
comp116585_c0_seq1.p1	1.13e-101	290
comp118768_c0_seq1.p1	9.89e-82	238
comp119375_c1_seq1.p1	2.40e-163	451
comp119876_c0_seq1.p1	1.52e-33	119
comp120399_c0_seq1.p1	5.05e-203	556
comp120503_c0_seq1.p1	8.73e-147	409
comp120503_c0_seq3.p1	6.05e-48	154
comp121836_c2_seq1.p1	1.76e-197	541
comp122841_c0_seq1.p1	9.92e-138	385
comp123271_c0_seq1.p1	2.79e-122	344
comp123425_c0_seq3.p1	3.87e-247	673
comp123766_c0_seq1.p1	1.17e-32	124
comp124051_c0_seq1.p1	4.12e-112	317
comp124051_c1_seq1.p1	8.02e-145	404
comp125061_c0_seq1.p1	7.96e-97	276
comp125061_c1_seq1.p1	3.20e-34	118
comp125061_c2_seq1.p1	3.19e-80	233
comp125683_c0_seq1.p1	2.65e-08	54.7
comp125683_c1_seq1.p1	9.61e-226	616
comp125855_c1_seq1.p1	2.35e-39	131
comp126864_c0_seq2.p1	0.0	1642
comp127555_c1_seq1.p1	1.72e-46	154
comp127635_c0_seq1.p1	2.25e-70	209
comp128064_c0_seq1.p1	3.95e-81	236
comp128064_c1_seq1.p1	1.09e-120	340
comp129031_c0_seq1.p1	0.0	910
comp129392_c0_seq1.p1	2.15e-93	268
comp129721_c0_seq1.p1	0.0	914
comp130084_c1_seq1.p1	1.13e-185	511
comp130745_c0_seq1.p1	2.44e-220	602
comp130745_c0_seq2.p2	2.26e-61	193
comp130844_c1_seq1.p1	3.44e-135	379
comp131058_c0_seq2.p1	3.88e-248	677
comp132661_c0_seq2.p1	1.90e-18	79.0
comp132661_c1_seq1.p1	1.41e-221	605
comp132689_c1_seq1.p1	0.0	956
comp133373_c0_seq1.p1	1.74e-95	273
comp133373_c0_seq4.p1	1.23e-39	147
comp133517_c0_seq10.p1	3.20e-312	845
comp133517_c0_seq12.p1	4.03e-169	477
comp133517_c0_seq6.p1	4.28e-258	708
comp133517_c0_seq8.p1	1.44e-178	501
comp133995_c0_seq1.p1	0.0	1669
comp134670_c0_seq2.p1	2.32e-288	783
comp134670_c0_seq3.p1	1.71e-53	166
comp135003_c0_seq2.p1	6.74e-91	261
comp135003_c1_seq1.p1	2.21e-238	650
comp135174_c0_seq1.p1	0.0	1083
comp135889_c0_seq1.p1	0.0	1593
comp136088_c0_seq1.p1	0.0	920
comp136329_c0_seq2.p1	3.78e-179	498
comp136329_c0_seq4.p1	7.05e-119	362
comp136329_c0_seq5.p1	4.50e-94	277
comp136329_c0_seq7.p1	4.71e-217	594
comp136416_c1_seq2.p1	0.0	894
comp136835_c0_seq1.p1	3.55e-202	554
comp138125_c1_seq1.p1	6.37e-88	277
comp138125_c1_seq11.p1	2.11e-258	726
comp138125_c1_seq13.p1	1.75e-65	215
comp138125_c1_seq16.p1	0.0	1060
comp138125_c1_seq2.p1	0.0	1761
comp138125_c1_seq5.p1	7.26e-65	214
comp169569_c0_seq1.p1	9.31e-49	168
comp169756_c0_seq1.p1	3.05e-212	582
comp187842_c0_seq1.p1	1.62e-191	526
comp191518_c0_seq1.p1	2.39e-77	226
comp210921_c0_seq1.p1	4.09e-109	310
comp227832_c0_seq1.p1	5.32e-107	305
comp229965_c0_seq1.p1	5.45e-199	546
comp236355_c0_seq1.p1	1.95e-69	205
comp240838_c0_seq1.p1	1.49e-85	247
comp258512_c0_seq1.p1	1.38e-64	192
comp355283_c0_seq1.p1	3.49e-68	202
comp48165_c0_seq1.p1	3.70e-87	251
comp49193_c0_seq1.p1	1.64e-85	247
comp52191_c0_seq1.p1	8.59e-81	235
comp57703_c0_seq1.p1	2.94e-109	309
comp60507_c0_seq1.p1	1.46e-83	242
comp61134_c0_seq1.p1	3.85e-24	97.8
comp61867_c0_seq1.p1	1.07e-147	410
comp64520_c0_seq1.p1	1.17e-94	271
comp67885_c0_seq1.p1	9.35e-25	100
comp71556_c0_seq1.p1	1.59e-90	259
comp78900_c0_seq1.p1	5.66e-126	353
comp88666_c0_seq1.p1	1.62e-79	231
comp88982_c0_seq1.p1	1.55e-235	643
comp90909_c0_seq1.p1	7.24e-96	274
comp91569_c0_seq1.p1	4.32e-86	249
comp92246_c0_seq1.p1	4.63e-84	243
comp92704_c0_seq1.p1	9.21e-14	67.0
comp93142_c0_seq1.p2	1.49e-64	192
comp93142_c1_seq1.p1	7.34e-93	267
comp93496_c0_seq1.p1	2.13e-84	244
comp95086_c0_seq1.p1	6.60e-150	417
comp95086_c1_seq1.p1	1.18e-175	484
comp95865_c0_seq1.p1	2.26e-58	186
comp96049_c0_seq1.p1	4.99e-260	707
comp96050_c0_seq1.p1	1.50e-29	115
comp96356_c0_seq1.p1	1.63e-102	292
comp97004_c0_seq1.p1	6.92e-74	216
CSKR_100060-T1	6.17e-97	302
CSKR_100332-T1	9.59e-19	91.7
CSKR_100445-T1	2.80e-40	157
CSKR_100484-T1	8.53e-145	437
CSKR_100656-T1	8.49e-163	491
CSKR_100822-T1	1.65e-129	416
CSKR_102333-T1	4.30e-172	523
CSKR_102705-T1	1.62e-206	585
CSKR_104473-T1	4.13e-157	467
CSKR_105941-T1	4.53e-97	295
CSKR_105969-T1	2.78e-69	225
CSKR_105970-T1	2.48e-41	155
CSKR_106108-T1	1.14e-20	101
CSKR_106284-T1	1.08e-165	481
CSKR_107128-T1	2.02e-107	352
CSKR_108891-T1	7.42e-193	583
CSKR_109717-T1	6.07e-161	477
CSKR_109736-T1	8.29e-123	381
CSKR_109822-T1	2.84e-10	61.2
CSKR_109823-T1	4.93e-59	186
CSKR_109824-T1	2.38e-46	164
CSKR_110046-T1	4.98e-123	382
CSKR_110200-T1	6.03e-65	235
CSKR_110516-T1	3.38e-104	332
CSKR_110807-T1	1.03e-150	461
CSKR_110812-T1	1.42e-64	226
CSKR_110817-T1	3.48e-19	87.8
CSKR_111023-T1	2.77e-116	341
CSKR_111665-T1	2.33e-154	458
CSKR_111805-T1	3.08e-71	239
CSKR_112300-T1	1.73e-115	348
CSKR_112340-T1	2.02e-115	363
CSKR_112524-T1	8.68e-50	175
CSKR_112526-T1	2.47e-122	374
CSKR_112592-T1	8.97e-146	429
CSKR_112593-T1	7.22e-151	442
CSKR_112689-T1	5.79e-80	262
CSKR_112690-T1	5.28e-76	247
CSKR_113136-T1	1.11e-134	411
CSKR_113237-T1	5.60e-179	526
CSKR_113626-T1	8.85e-101	333
CSKR_113749-T1	6.98e-140	423
CSKR_114037-T1	1.12e-19	97.1
CSKR_114067-T1	1.07e-163	496
CSKR_202359-T1	3.23e-60	213
CSKR_202406-T1	1.15e-147	444
CSKR_202481-T1	2.80e-65	224
CSKR_202691-T1	3.21e-290	847
CSKR_202736-T1	8.33e-132	395
CSKR_202771-T1	3.03e-37	149
CSKR_202856-T1	4.03e-36	148
DILT_0000000901-mRNA-1	4.69e-39	137
DILT_0000016501-mRNA-1	4.23e-126	371
DILT_0000021301-mRNA-1	9.15e-75	232
DILT_0000031701-mRNA-1	5.01e-167	477
DILT_0000058801-mRNA-1	1.43e-29	111
DILT_0000085401-mRNA-1	2.07e-52	180
DILT_0000163601-mRNA-1	3.06e-11	62.0
DILT_0000178401-mRNA-1	5.77e-07	50.8
DILT_0000213901-mRNA-1	4.72e-37	147
DILT_0000263701-mRNA-1	2.06e-12	72.0
DILT_0000264101-mRNA-1	1.14e-64	203
DILT_0000285601-mRNA-1	4.47e-05	47.8
DILT_0000290101-mRNA-1	6.14e-106	345
DILT_0000300301-mRNA-1	6.91e-71	219
DILT_0000305301-mRNA-1	8.09e-112	335
DILT_0000349001-mRNA-1	3.69e-54	189
DILT_0000359301-mRNA-1	3.49e-112	349
DILT_0000361801-mRNA-1	1.70e-86	271
DILT_0000362601-mRNA-1	2.78e-24	103
DILT_0000369001-mRNA-1	5.18e-162	483
DILT_0000402501-mRNA-1	1.79e-114	349
DILT_0000406101-mRNA-1	1.71e-24	106
DILT_0000444001-mRNA-1	2.43e-09	58.2
DILT_0000526201-mRNA-1	7.19e-126	375
DILT_0000530801-mRNA-1	4.18e-145	424
DILT_0000578601-mRNA-1	9.12e-167	495
DILT_0000600401-mRNA-1	2.93e-68	221
DILT_0000605301-mRNA-1	4.77e-160	470
DILT_0000615301-mRNA-1	2.03e-48	164
DILT_0000618401-mRNA-1	4.90e-123	380
DILT_0000656501-mRNA-1	1.76e-93	290
DILT_0000679401-mRNA-1	2.37e-89	273
DILT_0000723401-mRNA-1	9.89e-07	50.1
DILT_0000749701-mRNA-1	5.04e-25	94.7
DILT_0000785301-mRNA-1	3.08e-66	209
DILT_0000817101-mRNA-1	2.38e-60	200
DILT_0000849701-mRNA-1	1.46e-25	108
DILT_0000906401-mRNA-1	8.26e-05	44.3
DILT_0000912501-mRNA-1	6.38e-31	123
DILT_0000946901-mRNA-1	5.74e-189	548
DILT_0000961901-mRNA-1	8.59e-97	289
DILT_0000964301-mRNA-1	1.88e-83	270
DILT_0000974101-mRNA-1	1.21e-137	401
DILT_0001059501-mRNA-1	2.84e-81	265
DILT_0001092601-mRNA-1	8.62e-35	120
DILT_0001204301-mRNA-1	4.11e-161	467
DILT_0001222201-mRNA-1	4.52e-56	184
DILT_0001223101-mRNA-1	8.20e-49	166
DILT_0001318901-mRNA-1	4.96e-56	186
DILT_0001467401-mRNA-1	1.15e-46	153
DILT_0001527901-mRNA-1	5.27e-42	148
DILT_0001622301-mRNA-1	4.32e-13	66.6
DILT_0001644601-mRNA-1	3.13e-31	117
DILT_0001682601-mRNA-1	9.31e-107	322
DILT_0001687701-mRNA-1	8.50e-41	147
DILT_0001701301-mRNA-1	8.36e-30	113
DILT_0001711801-mRNA-1	1.17e-76	233
DILT_0001763301-mRNA-1	9.62e-20	85.1
DILT_0001829001-mRNA-1	6.57e-07	53.1
DILT_0001875401-mRNA-1	2.41e-117	363
DILT_0001892801-mRNA-1	3.65e-16	71.2
DILT_0001919401-mRNA-1	4.15e-07	46.2
DILT_0001921901-mRNA-1	9.51e-12	64.3
DILT_0001975801-mRNA-1	6.79e-23	92.4
maker-E.canG7_contigs_6081-snap-gene-1.21-mRNA-1	2.55e-41	166
maker-E.canG7_contigs_6517-pred_gff_augustus_masked-gene-0.6-mRNA-1	1.78e-106	352
maker-E.canG7_contigs_8273-pred_gff_blastx-gene-2.119-mRNA-1	1.92e-46	172
maker-E.canG7_contigs_7107-pred_gff_cdna2genome-gene-0.94-mRNA-1	7.09e-34	143
maker-E.canG7_contigs_7107-pred_gff_cdna2genome-gene-1.212-mRNA-1	6.82e-114	343
maker-E.canG7_contigs_0234-pred_gff_blastx-gene-0.99-mRNA-1	2.86e-165	488
maker-E.canG7_contigs_3364-snap-gene-1.48-mRNA-1	4.49e-128	400
maker-E.canG7_contigs_4941-pred_gff_blastx-gene-0.403-mRNA-1	3.99e-134	408
maker-E.canG7_contigs_9000-pred_gff_blastx-gene-0.325-mRNA-1	3.90e-111	336
maker-E.canG7_contigs_4744-pred_gff_augustus_masked-gene-2.213-mRNA-1	1.01e-204	600
maker-E.canG7_contigs_3140-pred_gff_cdna2genome-gene-1.135-mRNA-1	5.55e-82	270
maker-E.canG7_contigs_6231-snap-gene-0.60-mRNA-1	1.02e-171	497
maker-E.canG7_contigs_6006-pred_gff_blastx-gene-0.237-mRNA-1	9.23e-200	562
maker-E.canG7_contigs_6225-pred_gff_blastx-gene-0.196-mRNA-1	3.62e-154	450
maker-E.canG7_contigs_6225-pred_gff_snap_masked-gene-0.27-mRNA-1	6.44e-133	466
maker-E.canG7_contigs_6871-pred_gff_blastx-gene-0.205-mRNA-1	1.87e-154	468
maker-E.canG7_contigs_2425-pred_gff_blastx-gene-0.200-mRNA-1	9.72e-157	456
maker-E.canG7_contigs_6758-pred_gff_cdna2genome-gene-0.134-mRNA-1	1.44e-156	467
maker-E.canG7_contigs_1140-augustus-gene-0.15-mRNA-1	3.27e-124	379
maker-E.canG7_contigs_8560-pred_gff_cdna2genome-gene-0.126-mRNA-1	3.69e-159	481
maker-E.canG7_contigs_1238-pred_gff_blastx-gene-0.188-mRNA-1	5.60e-161	477
maker-E.canG7_contigs_2844-pred_gff_cdna2genome-gene-0.79-mRNA-1	4.18e-70	226
maker-E.canG7_contigs_5702-snap-gene-0.34-mRNA-1	8.97e-111	348
maker-E.canG7_contigs_3694-snap-gene-0.34-mRNA-1	4.00e-74	244
maker-E.canG7_contigs_7794-pred_gff_cdna2genome-gene-0.89-mRNA-1	8.19e-42	168
maker-E.canG7_contigs_3399-snap-gene-0.18-mRNA-1	5.68e-98	314
maker-E.canG7_contigs_6012-pred_gff_snap_masked-gene-0.5-mRNA-1	4.92e-14	75.1
maker-E.canG7_contigs_0516-pred_gff_cdna2genome-gene-0.43-mRNA-1	2.60e-28	125
maker-E.canG7_contigs_8204-augustus-gene-0.7-mRNA-1	3.41e-41	166
maker-E.canG7_contigs_5159-pred_gff_cdna2genome-gene-0.29-mRNA-1	1.03e-113	343
maker-E.canG7_contigs_5159-pred_gff_tblastx-gene-0.19-mRNA-1	7.00e-70	231
maker-E.canG7_contigs_5377-pred_gff_blastx-gene-0.33-mRNA-1	1.25e-116	359
maker-E.canG7_contigs_0886-pred_gff_blastx-gene-0.32-mRNA-1	1.65e-127	387
maker-E.canG7_contigs_8694-pred_gff_snap_masked-gene-0.1-mRNA-1	1.51e-16	80.9
maker-E.canG7_contigs_4428-pred_gff_cdna2genome-gene-0.4-mRNA-1	4.83e-71	219
maker-E.canG7_contigs_2051-pred_gff_blastx-gene-0.0-mRNA-1	3.79e-19	79.3
maker-E.canG7_contigs_9167-snap-gene-0.2-mRNA-1	3.75e-24	94.0
maker-E.canG7_contigs_4223-pred_gff_protein2genome-gene-0.8-mRNA-1	6.11e-77	249
EgrG_001156400	7.49e-119	363
EgrG_000975800	3.05e-34	144
EgrG_001066000	2.18e-43	172
EgrG_000671000	3.35e-260	754
EgrG_001040300	5.24e-176	507
EgrG_001119800	1.38e-156	455
EgrG_000839300	6.11e-197	555
EgrG_000984000	1.44e-149	442
EgrG_001096400	1.30e-85	267
EgrG_000916400	2.93e-119	361
EgrG_000984100	2.54e-146	430
EgrG_000506500	1.15e-159	464
EgrG_000977600	2.19e-112	339
EgrG_000719050	3.26e-148	441
EgrG_000763100	1.33e-173	509
EgrG_000670700	8.11e-155	452
EgrG_000603400	1.48e-31	133
EgrG_000716500	2.38e-21	102
EgrG_000645700	5.03e-180	520
EgrG_000857600	1.46e-47	184
EgrG_000591600	8.43e-111	334
EgrG_000738300	7.96e-134	407
EgrG_002060300	2.75e-20	83.2
EgrG_000668200	7.77e-127	385
EgrG_001048250.1	2.47e-155	464
EgrG_000043900	4.91e-66	205
EgrG_000063700	3.35e-93	308
EgrG_000251500	7.83e-23	95.1
EgrG_000769300	8.90e-12	71.2
EgrG_000485400	6.90e-58	201
EgrG_001065900	3.42e-27	120
EgrG_000869200	2.10e-18	91.3
EgrG_000462600	9.26e-203	582
EgrG_000993200	5.06e-159	481
EgrG_000506600	2.39e-125	377
EgrG_000869300	7.25e-128	385
EgrG_000815100	2.23e-66	223
EgrG_000424600	2.39e-82	271
EgrG_000849400	1.29e-47	185
EgrG_000526700	4.47e-160	475
EmuJ_000043900.1	4.74e-66	205
EmuJ_000044000.1	2.59e-116	352
EmuJ_000063700.1	4.68e-93	308
EmuJ_000093100.1	1.35e-130	398
EmuJ_000251500.1	2.11e-23	100
EmuJ_000251600.1	2.35e-32	124
EmuJ_000424600.1	2.47e-81	269
EmuJ_000462600.1	1.14e-203	585
EmuJ_000485400.1	4.76e-59	204
EmuJ_000506500.1	1.32e-158	462
EmuJ_000506600.1	2.16e-123	372
EmuJ_000526700.1	2.80e-161	478
EmuJ_000591600.1	4.87e-140	418
EmuJ_000603400.1	1.48e-31	133
EmuJ_000645700.1	2.65e-177	513
EmuJ_000668200.1	4.78e-128	389
EmuJ_000670700.1	7.49e-153	447
EmuJ_000716500.1	5.16e-20	98.6
EmuJ_000719050.1	8.39e-148	444
EmuJ_000738300.1	8.87e-133	404
EmuJ_000763100.1	2.09e-173	510
EmuJ_000815100.1	2.23e-66	223
EmuJ_000839300.1	6.51e-200	562
EmuJ_000849400.1	2.51e-51	196
EmuJ_000857600.1	4.96e-50	191
EmuJ_000869200.1	4.68e-22	102
EmuJ_000869300.1	5.13e-128	386
EmuJ_000916400.1	1.48e-116	354
EmuJ_000975800.1	9.94e-35	146
EmuJ_000977600.1	1.93e-113	342
EmuJ_000984000.1	2.71e-150	444
EmuJ_000984100.1	4.10e-145	427
EmuJ_000993200.1	3.59e-159	481
EmuJ_001040300.1	1.71e-176	508
EmuJ_001048230.1	1.32e-140	422
EmuJ_001065900.1	3.02e-29	127
EmuJ_001066000.1	1.70e-42	169
EmuJ_001096400.1	5.21e-87	270
EmuJ_001119800.1	2.41e-157	457
EmuJ_001156400.1	1.49e-118	362
Eoli_000044000.t1	6.51e-84	269
Eoli_000063700.t1	1.63e-44	162
Eoli_000093100.t1	3.81e-102	318
Eoli_000165100.t1	1.13e-62	210
Eoli_000462600.t1	1.59e-55	183
Eoli_000506500.t1	3.97e-131	390
Eoli_000526700.t1	9.02e-63	211
Eoli_000618700.t1	3.57e-45	162
Eoli_000645700.t1	7.95e-43	143
Eoli_000668200.t1	6.57e-88	268
Eoli_000670700.t1	5.52e-101	302
Eoli_000716500.t1	1.50e-09	58.5
Eoli_000719050.t1	1.70e-130	395
Eoli_000738300.t1	3.40e-28	113
Eoli_000763100.t1	5.14e-37	144
Eoli_000815100.t1	1.09e-34	126
Eoli_000839300.t1	1.31e-127	373
Eoli_000849400.t1	1.65e-15	77.8
Eoli_000869200.t1	5.75e-11	60.5
Eoli_000984000.t1	1.83e-27	100
Eoli_001096400.t1	4.53e-87	270
Eoli_001119800.t1	5.66e-129	377
ECPE_0000041601-mRNA-1	9.00e-56	189
ECPE_0000045401-mRNA-1	2.01e-55	174
ECPE_0000053801-mRNA-1	1.08e-16	80.5
ECPE_0000113701-mRNA-1	8.61e-65	200
ECPE_0000207701-mRNA-1	3.35e-123	385
ECPE_0000208001-mRNA-1	4.16e-56	210
ECPE_0000209701-mRNA-1	9.08e-107	327
ECPE_0000222701-mRNA-1	7.56e-159	472
ECPE_0000233601-mRNA-1	1.16e-100	324
ECPE_0000233901-mRNA-1	8.47e-115	355
ECPE_0000235101-mRNA-1	3.02e-148	445
ECPE_0000237301-mRNA-1	1.31e-22	100
ECPE_0000239801-mRNA-1	3.64e-147	444
ECPE_0000244801-mRNA-1	2.26e-66	219
ECPE_0000244901-mRNA-1	2.21e-25	103
ECPE_0000249501-mRNA-1	2.36e-40	132
ECPE_0000249601-mRNA-1	2.90e-61	188
ECPE_0000265901-mRNA-1	2.13e-64	219
ECPE_0000279801-mRNA-1	4.87e-95	291
ECPE_0000295201-mRNA-1	1.43e-45	181
ECPE_0000299401-mRNA-1	4.31e-119	365
ECPE_0000303801-mRNA-1	1.05e-134	424
ECPE_0000312101-mRNA-1	1.40e-140	452
ECPE_0000315701-mRNA-1	3.39e-17	75.9
ECPE_0000319501-mRNA-1	1.06e-80	261
ECPE_0000322401-mRNA-1	1.86e-116	363
ECPE_0000326201-mRNA-1	1.89e-52	170
ECPE_0000331401-mRNA-1	6.61e-40	157
ECPE_0000376301-mRNA-1	1.26e-12	71.2
ECPE_0000376401-mRNA-1	2.02e-17	84.7
ECPE_0000397401-mRNA-1	2.03e-52	183
ECPE_0000426701-mRNA-1	6.92e-106	323
ECPE_0000462901-mRNA-1	6.74e-05	45.1
ECPE_0000472801-mRNA-1	1.58e-06	46.2
ECPE_0000473701-mRNA-1	7.97e-28	121
ECPE_0000473801-mRNA-1	4.43e-42	161
ECPE_0000475001-mRNA-1	1.07e-39	154
ECPE_0000480701-mRNA-1	1.66e-24	90.5
ECPE_0000480801-mRNA-1	6.77e-99	309
ECPE_0000521101-mRNA-1	9.89e-92	291
ECPE_0000525901-mRNA-1	3.03e-205	581
ECPE_0000557001-mRNA-1	5.12e-27	115
ECPE_0000592501-mRNA-1	1.23e-25	96.3
ECPE_0000603801-mRNA-1	6.34e-34	123
ECPE_0000672501-mRNA-1	1.72e-33	136
ECPE_0000689801-mRNA-1	2.51e-33	138
ECPE_0000710001-mRNA-1	8.35e-37	130
ECPE_0000758201-mRNA-1	7.22e-155	452
ECPE_0000779701-mRNA-1	1.11e-95	305
ECPE_0000788501-mRNA-1	1.24e-75	249
ECPE_0000789301-mRNA-1	1.02e-28	109
ECPE_0000806801-mRNA-1	1.29e-107	339
ECPE_0000826801-mRNA-1	7.79e-55	182
ECPE_0000831901-mRNA-1	5.49e-14	63.9
ECPE_0000868601-mRNA-1	5.23e-60	206
ECPE_0000874801-mRNA-1	1.01e-87	270
ECPE_0000909701-mRNA-1	9.06e-11	60.1
ECPE_0000919301-mRNA-1	4.80e-43	158
ECPE_0000923401-mRNA-1	2.56e-34	137
ECPE_0000935901-mRNA-1	7.58e-174	496
ECPE_0000963501-mRNA-1	1.76e-64	203
ECPE_0000967101-mRNA-1	7.44e-09	54.7
ECPE_0001051601-mRNA-1	5.27e-36	137
ECPE_0001139201-mRNA-1	2.25e-40	160
ECPE_0001176001-mRNA-1	3.17e-31	121
ECPE_0001252201-mRNA-1	2.54e-37	142
ECPE_0001357701-mRNA-1	1.51e-18	88.6
ECPE_0001366901-mRNA-1	1.37e-97	303
ECPE_0001422401-mRNA-1	6.91e-67	221
ECPE_0001457301-mRNA-1	9.19e-07	48.9
ECPE_0001473401-mRNA-1	1.15e-106	341
ECPE_0001593301-mRNA-1	6.80e-115	342
ECPE_0001722101-mRNA-1	4.79e-56	184
ECPE_0001740501-mRNA-1	5.04e-25	94.0
ECPE_0001743601-mRNA-1	1.21e-46	168
ECPE_0001753801-mRNA-1	7.47e-21	90.5
E_nip_trans_10209_m.65142	2.47e-120	370
E_nip_trans_20683_m.157969	9.59e-26	98.2
E_nip_trans_10270_m.65597	1.87e-34	145
E_nip_trans_35232_m.247532	1.84e-67	228
E_nip_trans_08002_m.41709	1.89e-14	79.0
E_nip_trans_35676_m.249542	3.91e-130	407
E_nip_trans_10778_m.71231	2.09e-21	99.8
E_nip_trans_09773_m.60799	2.43e-14	80.5
E_nip_trans_61825_m.386466	3.52e-08	53.1
E_nip_trans_42277_m.293819	1.39e-08	59.7
E_nip_trans_68515_m.438439	1.83e-04	45.4
E_nip_trans_18793_m.146275	1.91e-34	138
FGIG_01388	7.99e-40	155
FGIG_01541	2.45e-151	444
FGIG_01755	1.65e-147	430
FGIG_02289	5.06e-146	440
FGIG_02532	1.94e-81	270
FGIG_02589	8.70e-93	305
FGIG_02590	6.66e-107	336
FGIG_03054	8.17e-149	447
FGIG_03226	1.58e-150	446
FGIG_03227	1.26e-09	57.4
FGIG_03301	2.05e-160	473
FGIG_03463	4.66e-144	436
FGIG_03466	1.39e-18	89.7
FGIG_03945	2.03e-143	415
FGIG_03946	2.40e-55	184
FGIG_04082	3.88e-89	291
FGIG_04240	2.35e-145	431
FGIG_04241	5.01e-196	566
FGIG_04398	5.38e-60	218
FGIG_04701	7.93e-69	248
FGIG_04702	2.49e-139	442
FGIG_04818	2.53e-30	118
FGIG_05051	1.42e-66	214
FGIG_05068	1.52e-19	90.1
FGIG_05312	1.16e-55	191
FGIG_05554	2.51e-91	300
FGIG_05559	1.71e-60	187
FGIG_05560	2.61e-50	163
FGIG_05653	4.92e-102	338
FGIG_05892	2.70e-138	416
FGIG_06005	5.85e-145	436
FGIG_06053	9.69e-23	99.0
FGIG_06054	5.46e-11	68.6
FGIG_06186	1.00e-36	137
FGIG_06187	5.64e-16	80.5
FGIG_06644	2.86e-114	346
FGIG_06659	1.81e-46	183
FGIG_06661	2.02e-40	164
FGIG_06849	4.29e-29	114
FGIG_06850	1.97e-69	228
FGIG_07047	8.18e-26	114
FGIG_07823	1.66e-214	632
FGIG_07930	5.05e-21	101
FGIG_08187	5.12e-77	248
FGIG_08212	5.60e-169	490
FGIG_08252	1.24e-80	264
FGIG_08629	1.29e-106	320
FGIG_09057	2.50e-16	84.0
FGIG_09417	1.46e-12	68.6
FGIG_09726	6.59e-157	467
FGIG_10124	3.29e-126	379
FGIG_10452	1.62e-16	81.3
FGIG_10750	2.44e-114	353
FGIG_10773	5.08e-68	239
FGIG_10984	1.54e-26	103
FGIG_11302	8.66e-80	266
FGIG_11629	1.25e-140	424
FGIG_12014	6.01e-15	75.1
augustus_masked-scaffold10x_598_pilon-processed-gene-1.200-mRNA-1	1.01e-06	53.1
maker-scaffold10x_100_pilon-snap-gene-0.1-mRNA-1	8.77e-46	170
maker-scaffold10x_1086_pilon-pred_gff_StringTie-gene-0.30-mRNA-1	2.79e-169	491
maker-scaffold10x_111_pilon-augustus-gene-0.6-mRNA-1	4.19e-117	368
maker-scaffold10x_111_pilon-snap-gene-0.71-mRNA-1	5.60e-168	497
maker-scaffold10x_1213_pilon-snap-gene-0.66-mRNA-1	5.25e-89	299
maker-scaffold10x_125_pilon-augustus-gene-0.74-mRNA-1	2.33e-10	65.9
maker-scaffold10x_1322_pilon-snap-gene-0.10-mRNA-1	5.53e-170	506
maker-scaffold10x_1326_pilon-snap-gene-0.57-mRNA-1	1.71e-31	131
maker-scaffold10x_1373_pilon-snap-gene-0.98-mRNA-1	1.90e-27	115
maker-scaffold10x_1420_pilon-snap-gene-0.54-mRNA-1	6.51e-140	427
maker-scaffold10x_1829_pilon-snap-gene-0.28-mRNA-1	6.14e-167	494
maker-scaffold10x_1972_pilon-snap-gene-0.29-mRNA-1	5.03e-144	436
maker-scaffold10x_1972_pilon-snap-gene-0.30-mRNA-1	1.80e-196	565
maker-scaffold10x_217_pilon-augustus-gene-1.19-mRNA-1	6.28e-105	345
maker-scaffold10x_234_pilon-snap-gene-0.15-mRNA-1	1.57e-67	233
maker-scaffold10x_238_pilon-snap-gene-0.101-mRNA-1	4.55e-141	413
maker-scaffold10x_238_pilon-snap-gene-0.93-mRNA-1	4.48e-153	443
maker-scaffold10x_240_pilon-snap-gene-0.20-mRNA-1	5.79e-63	222
maker-scaffold10x_24_pilon-augustus-gene-0.6-mRNA-1	9.15e-12	70.5
maker-scaffold10x_256_pilon-snap-gene-0.12-mRNA-1	3.66e-198	597
maker-scaffold10x_270_pilon-pred_gff_StringTie-gene-0.50-mRNA-1	1.69e-202	574
maker-scaffold10x_330_pilon-snap-gene-0.88-mRNA-1	1.84e-91	301
maker-scaffold10x_345_pilon-augustus-gene-0.44-mRNA-1	2.84e-173	508
maker-scaffold10x_345_pilon-snap-gene-1.104-mRNA-1	2.06e-80	267
maker-scaffold10x_370_pilon-snap-gene-0.41-mRNA-1	7.79e-88	299
maker-scaffold10x_492_pilon-augustus-gene-0.4-mRNA-1	4.56e-113	343
maker-scaffold10x_493_pilon-snap-gene-1.25-mRNA-1	5.72e-131	401
maker-scaffold10x_498_pilon-snap-gene-0.4-mRNA-1	8.19e-54	193
maker-scaffold10x_513_pilon-snap-gene-1.149-mRNA-1	9.86e-67	223
maker-scaffold10x_598_pilon-augustus-gene-1.139-mRNA-1	2.04e-129	388
maker-scaffold10x_602_pilon-pred_gff_StringTie-gene-0.15-mRNA-1	2.31e-150	450
maker-scaffold10x_609_pilon-snap-gene-0.7-mRNA-1	2.78e-35	138
maker-scaffold10x_637_pilon-augustus-gene-0.35-mRNA-1	2.39e-37	142
maker-scaffold10x_691_pilon-snap-gene-0.46-mRNA-1	2.39e-148	447
maker-scaffold10x_712_pilon-snap-gene-0.7-mRNA-1	4.80e-163	481
maker-scaffold10x_730_pilon-snap-gene-0.76-mRNA-1	8.43e-122	376
maker-scaffold10x_794_pilon-augustus-gene-0.64-mRNA-1	2.30e-134	399
maker-scaffold10x_894_pilon-augustus-gene-0.86-mRNA-1	1.70e-88	290
maker-scaffold10x_908_pilon-snap-gene-1.158-mRNA-1	4.18e-123	367
maker-scaffold10x_908_pilon-snap-gene-1.174-mRNA-1	4.28e-22	92.8
maker-scaffold10x_908_pilon-snap-gene-1.175-mRNA-1	2.33e-13	75.1
maker-scaffold10x_90_pilon-augustus-gene-0.113-mRNA-1	3.53e-40	154
maker-scaffold10x_90_pilon-snap-gene-0.102-mRNA-1	1.48e-24	103
maker-scaffold10x_90_pilon-snap-gene-0.98-mRNA-1	4.69e-142	450
maker-scaffold10x_925_pilon-snap-gene-0.5-mRNA-1	1.14e-147	444
snap_masked-scaffold10x_1597_pilon-processed-gene-0.78-mRNA-1	2.28e-81	266
snap_masked-scaffold10x_2623_pilon-processed-gene-0.3-mRNA-1	2.33e-157	468
snap_masked-scaffold10x_513_pilon-processed-gene-1.78-mRNA-1	6.58e-133	405
FBUS_00206	1.46e-67	223
FBUS_00288	3.84e-28	122
FBUS_00558	3.02e-157	466
FBUS_00785	3.02e-92	285
FBUS_00881	5.64e-80	263
FBUS_00882	3.18e-73	238
FBUS_00950	1.89e-37	146
FBUS_01426	1.09e-167	499
FBUS_01599	7.06e-45	162
FBUS_01600	5.01e-69	226
FBUS_01623	2.69e-106	338
FBUS_01874	1.91e-04	41.2
FBUS_02208	3.54e-149	448
FBUS_02209	2.07e-35	139
FBUS_02255	9.28e-163	483
FBUS_02328	3.40e-109	333
FBUS_02512	9.46e-25	112
FBUS_02513	4.77e-69	249
FBUS_02514	5.93e-144	452
FBUS_02528	5.80e-88	288
FBUS_02647	7.91e-140	424
FBUS_02767	3.40e-153	453
FBUS_02777	3.87e-180	536
FBUS_02809	2.55e-138	421
FBUS_03035	6.10e-172	518
FBUS_03615	4.95e-59	215
FBUS_03627	3.78e-201	571
FBUS_03768	1.20e-31	129
FBUS_03795	1.06e-139	423
FBUS_03796	2.06e-119	373
FBUS_03872	1.78e-145	439
FBUS_04006	5.60e-204	612
FBUS_04043	1.28e-137	425
FBUS_04495	1.62e-141	431
FBUS_04736	5.85e-89	294
FBUS_04886	4.48e-54	194
FBUS_04894	8.90e-144	420
FBUS_04895	1.23e-150	437
FBUS_05118	2.17e-39	161
FBUS_05120	4.31e-47	186
FBUS_05300	4.80e-49	180
FBUS_05335	8.00e-116	350
FBUS_05372	5.27e-151	451
FBUS_05431	6.11e-24	93.6
FBUS_05551	6.01e-28	120
FBUS_05811	4.70e-18	88.2
FBUS_05912	4.31e-165	486
FBUS_06108	6.05e-171	495
FBUS_06256	1.26e-32	119
FBUS_06257	5.54e-46	171
FBUS_06320	1.01e-102	332
FBUS_06597	1.29e-133	407
FBUS_07000	2.41e-37	152
FBUS_07501	8.18e-125	380
FBUS_07927	3.88e-49	166
FBUS_08443	2.07e-47	170
FBUS_08796	8.43e-94	310
FBUS_09115	8.21e-111	337
FBUS_11148	6.85e-34	116
FBUS_11313	1.52e-152	447
FBUS_11854	3.81e-114	356
Gbulla1a000159T1	3.87e-126	388
Gbulla1a000252T1	4.50e-205	579
Gbulla1a000380T1	2.57e-47	173
Gbulla1a000859T1	3.00e-160	463
Gbulla1a000896T1	9.86e-21	87.8
Gbulla1a000897T1	3.47e-49	172
Gbulla1a000906T3	3.76e-138	405
Gbulla1a001153T1	4.19e-149	449
Gbulla1a001266T1	2.20e-73	246
Gbulla1a001487T1	1.61e-109	346
Gbulla1a001833T1	2.91e-97	312
Gbulla1a001918T1	7.69e-123	370
Gbulla1a001972T1	4.32e-147	434
Gbulla1a002034T1	2.10e-50	173
Gbulla1a002061T1	4.65e-166	479
Gbulla1a002093T1	7.23e-88	281
Gbulla1a002102T1	2.40e-110	344
Gbulla1a002129T1	1.93e-106	332
Gbulla1a002141T2	3.49e-15	83.2
Gbulla1a002141T4	3.16e-20	99.8
Gbulla1a002145T3	1.21e-90	289
Gbulla1a002154T1	4.27e-125	378
Gbulla1a002248T2	8.58e-134	399
Gbulla1a002262T2	1.79e-76	248
Gbulla1a002262T4	9.19e-76	244
Gbulla1a002336T1	1.17e-70	233
Gbulla1a002360T1	6.09e-70	253
Gbulla1a002564T1	5.76e-108	335
Gbulla1a002566T1	1.45e-120	365
Gbulla1a002718T1	1.71e-27	122
Gbulla1a002744T1	4.96e-51	164
Gbulla1a002900T1	8.24e-98	306
Gbulla1a002910T1	4.68e-54	199
Gbulla1a003271T6	3.21e-174	505
Gbulla1a003352T1	5.40e-102	315
Gbulla1a003438T3	1.64e-12	73.2
Gbulla1a003715T1	2.46e-108	342
Gbulla1a003730T1	9.38e-122	376
Gbulla1a003745T2	1.19e-132	397
Gbulla1a003904T2	5.02e-199	570
Gbulla1a004179T2	2.01e-150	447
Gbulla1a004230T1	2.14e-132	400
Gbulla1a004557T1	3.14e-13	75.9
Gbulla1a004605T1	1.49e-106	336
Gbulla1a004642T1	1.09e-06	53.9
Gbulla1a004720T1	4.05e-74	243
Gbulla1a005014T1	1.49e-49	166
Gbulla1a005228T1	3.82e-88	288
Gbulla1a005242T1	8.73e-102	333
Gbulla1a005242T2	1.08e-107	351
Gbulla1a005258T2	1.14e-109	355
Gbulla1a005288T1	1.11e-104	325
Gbulla1a005749T1	2.25e-176	505
Gbulla1a005770T1	8.09e-174	499
Gbulla1a005860T1	8.32e-23	102
Gbulla1a006073T1	1.77e-41	163
Gbulla1a006919T2	4.47e-167	485
Gbulla1a006945T1	3.43e-149	447
Gbulla1a006986T1	2.25e-102	314
Gbulla1a007298T1	5.58e-122	370
Gbulla1a007505T1	5.54e-110	334
Gbulla1a007594T1	9.95e-42	144
Gbulla1a007915T1	1.46e-05	47.8
Gbulla1a008310T1	1.69e-104	328
Gbulla1a008542T3	2.71e-168	494
Gbulla1a008550T1	3.38e-19	91.7
Gbulla1a008898T1	1.09e-07	51.6
Gbulla1a008900T1	4.96e-82	265
Gbulla1a008958T1	2.48e-17	88.6
Gbulla1a009062T1	1.39e-134	403
Gbulla1a009543T1	1.11e-08	54.3
Gbulla1a009554T1	1.16e-145	459
Gbulla1a009664T1	5.19e-148	450
Gbulla1a009686T3	7.50e-39	137
Gbulla1a009754T1	2.21e-162	469
Gbulla1a009763T1	2.53e-156	452
Gbulla1a009767T1	3.17e-22	101
Gbulla1a009838T1	8.57e-76	239
Gbulla1a009842T1	8.84e-51	178
Gbulla1a009849T1	1.28e-58	216
Gbulla1a010006T1	8.08e-117	360
Gbulla1a010332T1	9.06e-08	55.8
Gbulla1a010489T1	2.61e-127	380
Gbulla1a010498T1	1.05e-136	406
Gbulla1a010523T1	1.93e-37	145
Gbulla1a010653T1	3.60e-119	363
Gbulla1a010749T2	1.12e-96	306
augustus_masked-scf7180006950230-processed-gene-0.0-mRNA-1	5.26e-20	88.6
genemark-scf7180006947446-processed-gene-0.4-mRNA-1	3.10e-81	268
genemark-scf7180006947509-processed-gene-0.0-mRNA-1	5.21e-154	446
genemark-scf7180006947626-processed-gene-0.3-mRNA-1	4.38e-125	379
genemark-scf7180006948030-processed-gene-0.0-mRNA-1	1.84e-38	145
genemark-scf7180006949156-processed-gene-0.2-mRNA-1	4.55e-169	501
genemark-scf7180006949356-processed-gene-0.31-mRNA-1	1.53e-42	155
genemark-scf7180006949874-processed-gene-0.0-mRNA-1	4.98e-32	112
genemark-scf7180006950185-processed-gene-0.3-mRNA-1	2.55e-104	325
genemark-scf7180006950468-processed-gene-0.4-mRNA-1	1.43e-149	440
genemark-scf7180006950725-processed-gene-0.7-mRNA-1	1.65e-103	325
genemark-scf7180006950902-processed-gene-0.0-mRNA-1	1.25e-50	163
genemark-scf7180006951062-processed-gene-0.1-mRNA-1	4.36e-149	453
genemark-scf7180006951248-processed-gene-0.13-mRNA-1	1.27e-99	308
genemark-scf7180006951261-processed-gene-0.9-mRNA-1	2.29e-169	488
genemark-scf7180006951876-processed-gene-0.1-mRNA-1	9.92e-120	360
genemark-scf7180006952450-processed-gene-0.6-mRNA-1	1.44e-63	229
genemark-scf7180006952571-processed-gene-0.8-mRNA-1	1.30e-132	399
genemark-scf7180006952644-processed-gene-0.14-mRNA-1	5.64e-61	197
genemark-scf7180006952778-processed-gene-0.1-mRNA-1	3.43e-145	429
genemark-scf7180006953170-processed-gene-0.2-mRNA-1	3.03e-47	169
genemark-scf7180006953275-processed-gene-0.1-mRNA-1	5.73e-136	427
genemark-scf7180006953283-processed-gene-0.3-mRNA-1	3.11e-97	302
genemark-scf7180006953283-processed-gene-0.4-mRNA-1	3.01e-165	475
genemark-scf7180006953309-processed-gene-0.1-mRNA-1	6.20e-50	172
genemark-scf7180006953384-processed-gene-0.9-mRNA-1	3.26e-125	383
genemark-scf7180006953439-processed-gene-1.18-mRNA-1	5.05e-124	382
genemark-scf7180006953440-processed-gene-0.5-mRNA-1	2.76e-92	287
maker-scf7180006947379-snap-gene-0.52-mRNA-1	7.03e-90	291
maker-scf7180006947718-snap-gene-0.10-mRNA-1	1.35e-126	383
maker-scf7180006948385-snap-gene-0.22-mRNA-1	2.97e-194	572
maker-scf7180006950185-snap-gene-0.44-mRNA-1	4.86e-10	57.8
maker-scf7180006950185-snap-gene-0.45-mRNA-1	1.21e-122	383
maker-scf7180006950427-snap-gene-0.13-mRNA-1	1.90e-84	263
maker-scf7180006950709-snap-gene-0.42-mRNA-1	5.08e-100	304
maker-scf7180006951048-snap-gene-0.16-mRNA-1	1.12e-61	201
maker-scf7180006951118-snap-gene-0.8-mRNA-1	3.66e-129	394
maker-scf7180006951261-augustus-gene-0.126-mRNA-1	1.05e-157	459
maker-scf7180006951332-snap-gene-0.8-mRNA-1	2.68e-82	248
maker-scf7180006951430-snap-gene-0.16-mRNA-1	1.13e-105	331
maker-scf7180006952079-snap-gene-0.26-mRNA-1	2.53e-79	254
maker-scf7180006952566-snap-gene-0.22-mRNA-1	6.60e-74	238
maker-scf7180006952568-snap-gene-0.48-mRNA-1	9.77e-134	399
maker-scf7180006952601-snap-gene-0.38-mRNA-1	1.06e-99	315
maker-scf7180006952609-snap-gene-0.52-mRNA-1	4.55e-147	434
maker-scf7180006952735-snap-gene-0.73-mRNA-1	6.89e-94	294
maker-scf7180006952862-augustus-gene-0.7-mRNA-1	2.78e-71	226
maker-scf7180006952878-snap-gene-0.90-mRNA-1	1.20e-151	444
maker-scf7180006952878-snap-gene-0.91-mRNA-1	2.24e-148	437
maker-scf7180006952885-snap-gene-0.51-mRNA-1	1.55e-134	412
maker-scf7180006953028-snap-gene-0.159-mRNA-1	1.04e-131	391
maker-scf7180006953179-snap-gene-0.42-mRNA-1	1.40e-138	417
maker-scf7180006953212-snap-gene-0.34-mRNA-1	1.21e-134	413
maker-scf7180006953238-snap-gene-0.67-mRNA-1	5.64e-221	620
maker-scf7180006953355-snap-gene-0.59-mRNA-1	5.36e-98	316
maker-scf7180006953359-snap-gene-0.98-mRNA-1	7.28e-71	235
snap_masked-scf7180006947291-processed-gene-0.4-mRNA-1	2.03e-12	72.4
snap_masked-scf7180006947467-processed-gene-0.10-mRNA-1	2.88e-134	399
snap_masked-scf7180006947467-processed-gene-0.11-mRNA-1	3.12e-129	385
snap_masked-scf7180006947596-processed-gene-0.3-mRNA-1	1.36e-92	301
snap_masked-scf7180006947596-processed-gene-0.8-mRNA-1	2.10e-40	139
snap_masked-scf7180006947785-processed-gene-0.4-mRNA-1	7.40e-09	56.6
snap_masked-scf7180006947785-processed-gene-0.6-mRNA-1	7.66e-28	112
snap_masked-scf7180006947916-processed-gene-0.1-mRNA-1	1.24e-99	313
snap_masked-scf7180006948218-processed-gene-0.4-mRNA-1	4.68e-54	176
snap_masked-scf7180006948344-processed-gene-0.1-mRNA-1	9.95e-14	72.0
snap_masked-scf7180006948427-processed-gene-0.1-mRNA-1	1.42e-20	87.8
snap_masked-scf7180006948555-processed-gene-0.24-mRNA-1	8.20e-70	231
snap_masked-scf7180006948596-processed-gene-0.3-mRNA-1	5.84e-07	53.9
snap_masked-scf7180006948867-processed-gene-0.1-mRNA-1	1.43e-09	58.2
snap_masked-scf7180006949080-processed-gene-0.1-mRNA-1	8.28e-34	129
snap_masked-scf7180006949080-processed-gene-0.2-mRNA-1	1.20e-32	129
snap_masked-scf7180006949101-processed-gene-0.1-mRNA-1	2.17e-35	136
snap_masked-scf7180006949437-processed-gene-0.1-mRNA-1	6.83e-42	143
snap_masked-scf7180006950266-processed-gene-0.8-mRNA-1	8.11e-26	99.8
snap_masked-scf7180006950328-processed-gene-0.19-mRNA-1	1.54e-93	294
snap_masked-scf7180006950335-processed-gene-0.4-mRNA-1	2.47e-80	238
snap_masked-scf7180006950392-processed-gene-0.2-mRNA-1	5.97e-107	326
snap_masked-scf7180006950728-processed-gene-0.8-mRNA-1	4.07e-39	139
snap_masked-scf7180006950810-processed-gene-0.7-mRNA-1	1.17e-42	154
snap_masked-scf7180006951049-processed-gene-0.2-mRNA-1	1.93e-42	156
snap_masked-scf7180006951295-processed-gene-0.1-mRNA-1	3.28e-45	158
snap_masked-scf7180006951314-processed-gene-0.5-mRNA-1	2.52e-12	71.6
snap_masked-scf7180006951380-processed-gene-0.12-mRNA-1	7.31e-31	124
snap_masked-scf7180006951866-processed-gene-0.19-mRNA-1	2.01e-18	84.7
snap_masked-scf7180006952033-processed-gene-0.2-mRNA-1	1.27e-21	99.4
snap_masked-scf7180006952237-processed-gene-0.1-mRNA-1	6.49e-26	101
snap_masked-scf7180006952484-processed-gene-0.9-mRNA-1	6.38e-117	353
snap_masked-scf7180006952645-processed-gene-0.5-mRNA-1	9.39e-11	62.4
snap_masked-scf7180006952792-processed-gene-0.16-mRNA-1	8.04e-29	112
snap_masked-scf7180006952808-processed-gene-0.16-mRNA-1	2.08e-26	119
snap_masked-scf7180006952857-processed-gene-0.1-mRNA-1	4.17e-05	45.8
snap_masked-scf7180006952883-processed-gene-0.1-mRNA-1	1.18e-05	45.1
snap_masked-scf7180006953275-processed-gene-0.4-mRNA-1	4.42e-17	79.0
snap_masked-scf7180006953277-processed-gene-0.9-mRNA-1	7.58e-15	81.6
snap_masked-scf7180006953309-processed-gene-0.9-mRNA-1	1.81e-185	527
snap_masked-scf7180006953351-processed-gene-0.14-mRNA-1	3.37e-25	114
snap_masked-scf7180006953392-processed-gene-0.4-mRNA-1	1.75e-05	45.1
snap_masked-scf7180006953457-processed-gene-0.14-mRNA-1	9.32e-06	48.5
TTAC_0000099701-mRNA-1	2.08e-105	324
TTAC_0000113001-mRNA-1	8.92e-58	197
TTAC_0000144901-mRNA-1	2.64e-73	233
TTAC_0000160401-mRNA-1	9.21e-115	350
TTAC_0000197301-mRNA-1	6.45e-117	358
TTAC_0000214501-mRNA-1	7.01e-162	479
TTAC_0000220701-mRNA-1	1.64e-62	212
TTAC_0000226701-mRNA-1	2.23e-108	327
TTAC_0000257201-mRNA-1	3.60e-113	340
TTAC_0000300901-mRNA-1	4.56e-99	303
TTAC_0000309701-mRNA-1	1.44e-49	174
TTAC_0000337901-mRNA-1	1.19e-57	181
TTAC_0000347201-mRNA-1	9.34e-141	413
TTAC_0000369801-mRNA-1	2.00e-22	86.7
TTAC_0000392901-mRNA-1	3.36e-126	379
TTAC_0000417101-mRNA-1	2.18e-07	51.2
TTAC_0000443901-mRNA-1	4.00e-112	333
TTAC_0000448201-mRNA-1	3.82e-73	236
TTAC_0000497301-mRNA-1	2.04e-173	493
TTAC_0000500601-mRNA-1	8.23e-39	131
TTAC_0000548701-mRNA-1	1.39e-37	132
TTAC_0000554801-mRNA-1	1.94e-25	102
TTAC_0000602801-mRNA-1	4.19e-75	232
TTAC_0000610001-mRNA-1	2.64e-21	102
TTAC_0000611701-mRNA-1	1.00e-142	431
TTAC_0000618901-mRNA-1	5.12e-29	125
TTAC_0000667201-mRNA-1	4.18e-31	125
TTAC_0000667301-mRNA-1	9.08e-06	48.9
TTAC_0000684101-mRNA-1	1.04e-146	450
TTAC_0000685901-mRNA-1	3.38e-17	87.0
TTAC_0000692901-mRNA-1	4.18e-16	81.3
TTAC_0000705801-mRNA-1	1.15e-46	164
TTAC_0000706101-mRNA-1	2.98e-41	168
TTAC_0000722201-mRNA-1	3.29e-156	456
TTAC_0000722501-mRNA-1	4.88e-235	696
TTAC_0000733301-mRNA-1	8.89e-202	580
TTAC_0000769201-mRNA-1	1.96e-94	308
TTAC_0000792501-mRNA-1	1.00e-72	239
TTAC_0000802801-mRNA-1	2.26e-76	245
TTAC_0000833901-mRNA-1	3.38e-158	460
TTAC_0000835801-mRNA-1	4.30e-131	398
TTAC_0000837801-mRNA-1	1.54e-36	149
TTAC_0000922801-mRNA-1	1.01e-138	420
TTAC_0000943601-mRNA-1	8.02e-49	172
TTAC_0001034101-mRNA-1	4.79e-27	107
TTAC_0001062901-mRNA-1	5.32e-158	460
TTAC_0001105701-mRNA-1	2.82e-09	63.2
TTAC_0001123201-mRNA-1	8.91e-24	102
TTAC_0001141301-mRNA-1	2.12e-54	182
TTAC_0001158101-mRNA-1	2.37e-29	113
HDID_0000039701-mRNA-1	3.49e-80	263
HDID_0000041101-mRNA-1	1.16e-32	136
HDID_0000068801-mRNA-1	7.56e-151	457
HDID_0000072701-mRNA-1	1.63e-72	240
HDID_0000131801-mRNA-1	2.37e-48	169
HDID_0000140901-mRNA-1	1.46e-07	53.9
HDID_0000154601-mRNA-1	3.13e-18	87.4
HDID_0000211201-mRNA-1	3.82e-23	92.8
HDID_0000233301-mRNA-1	2.06e-112	338
HDID_0000241501-mRNA-1	7.74e-04	45.8
HDID_0000268001-mRNA-1	9.28e-198	558
HDID_0000281901-mRNA-1	5.86e-35	142
HDID_0000297401-mRNA-1	4.24e-05	48.5
HDID_0000317501-mRNA-1	1.56e-110	334
HDID_0000380701-mRNA-1	2.79e-37	140
HDID_0000393001-mRNA-1	9.97e-18	84.7
HDID_0000402201-mRNA-1	1.51e-37	131
HDID_0000423001-mRNA-1	3.44e-159	470
HDID_0000432701-mRNA-1	6.53e-137	407
HDID_0000450901-mRNA-1	6.66e-49	164
HDID_0000455201-mRNA-1	1.15e-42	155
HDID_0000470601-mRNA-1	4.36e-165	491
HDID_0000475501-mRNA-1	2.30e-39	133
HDID_0000516501-mRNA-1	3.18e-156	455
HDID_0000519601-mRNA-1	6.44e-06	50.4
HDID_0000539801-mRNA-1	2.84e-94	287
HDID_0000596501-mRNA-1	3.26e-10	59.7
HDID_0000626901-mRNA-1	3.04e-65	210
HDID_0000706101-mRNA-1	1.38e-141	423
HDID_0000719201-mRNA-1	4.18e-86	269
HDID_0000719401-mRNA-1	2.22e-82	261
HDID_0000724701-mRNA-1	4.22e-119	365
HDID_0000761301-mRNA-1	1.77e-191	546
HDID_0000776401-mRNA-1	2.36e-13	76.6
HDID_0000777301-mRNA-1	2.93e-157	457
HDID_0000778201-mRNA-1	4.83e-43	173
HDID_0000816401-mRNA-1	1.84e-139	421
HDID_0000878501-mRNA-1	1.26e-43	174
HDID_0000883701-mRNA-1	3.37e-133	405
HDID_0000899401-mRNA-1	1.33e-133	405
HDID_0000909201-mRNA-1	2.44e-36	142
HDID_0000951001-mRNA-1	6.17e-130	392
HDID_0000957301-mRNA-1	8.15e-141	426
HDID_0000966101-mRNA-1	3.64e-93	291
HDID_0000992701-mRNA-1	1.30e-26	105
HDID_0000996001-mRNA-1	6.64e-109	327
HDID_0000996101-mRNA-1	8.87e-53	174
HDID_0001026701-mRNA-1	4.70e-104	320
HDID_0001063501-mRNA-1	5.01e-44	161
HDID_0001081201-mRNA-1	8.71e-92	289
HDID_0001108601-mRNA-1	1.32e-28	106
HmN_000231800	3.20e-143	431
HmN_000380500.1	6.32e-196	562
HmN_000241200	1.39e-143	427
HmN_003037070.2	1.24e-33	142
HmN_000122500	3.95e-147	467
HmN_000557000	1.02e-171	489
HmN_000055300	1.22e-159	471
HmN_000622800	3.45e-32	134
HmN_000453700	1.84e-167	498
HmN_000841800	3.26e-50	192
HmN_000776500.2	1.74e-152	461
HmN_003033740.2	1.03e-44	176
HmN_000493400	9.85e-51	193
HmN_000008300	7.46e-32	134
HmN_000609400	1.76e-52	186
HmN_000286800	1.10e-156	456
HmN_000740800	4.42e-93	288
HmN_000451500	3.09e-121	370
HmN_000540500	2.61e-23	108
HmN_002167300	7.63e-88	293
HmN_003037610	8.65e-129	389
HmN_003033750	1.21e-44	176
HmN_000393300.2	9.17e-192	555
HmN_003037080	1.68e-33	142
HmN_000344500	2.08e-187	536
HmN_002117600	3.29e-153	464
HmN_000616400	2.77e-20	98.6
HmN_000486200	5.69e-162	489
HmN_000410700	3.35e-158	479
HmN_000924100	1.64e-128	393
HmN_000527900	3.35e-74	246
HmN_000318600	1.98e-140	422
HmN_000439000	1.62e-113	342
HmN_000250400	2.11e-159	463
HmN_000458300	6.38e-171	502
HmN_000691000	2.35e-71	238
HmN_000809200.1	8.22e-133	404
HmN_000445600	3.91e-73	247
HmN_000740700	2.92e-100	305
HNAJ_0000000001-mRNA-1	7.38e-60	194
HNAJ_0000033201-mRNA-1	2.10e-31	131
HNAJ_0000060801-mRNA-1	3.69e-07	54.3
HNAJ_0000093501-mRNA-1	4.23e-146	439
HNAJ_0000111301-mRNA-1	5.36e-15	75.1
HNAJ_0000111401-mRNA-1	5.86e-17	85.5
HNAJ_0000119501-mRNA-1	2.58e-87	270
HNAJ_0000119601-mRNA-1	4.98e-34	128
HNAJ_0000142101-mRNA-1	8.46e-110	333
HNAJ_0000155201-mRNA-1	1.37e-119	372
HNAJ_0000183501-mRNA-1	5.62e-89	279
HNAJ_0000202101-mRNA-1	1.64e-71	238
HNAJ_0000213601-mRNA-1	2.46e-152	461
HNAJ_0000220001-mRNA-1	7.99e-14	75.1
HNAJ_0000220801-mRNA-1	5.77e-17	88.2
HNAJ_0000262601-mRNA-1	6.92e-29	126
HNAJ_0000304301-mRNA-1	1.52e-05	49.3
HNAJ_0000311501-mRNA-1	2.86e-69	211
HNAJ_0000317801-mRNA-1	6.69e-74	246
HNAJ_0000326401-mRNA-1	2.29e-198	559
HNAJ_0000332001-mRNA-1	1.25e-31	117
HNAJ_0000337101-mRNA-1	4.77e-112	357
HNAJ_0000347901-mRNA-1	9.13e-06	50.8
HNAJ_0000370801-mRNA-1	1.69e-155	452
HNAJ_0000370901-mRNA-1	3.84e-34	134
HNAJ_0000395901-mRNA-1	1.16e-26	105
HNAJ_0000396201-mRNA-1	7.61e-48	162
HNAJ_0000422501-mRNA-1	1.03e-159	464
HNAJ_0000439901-mRNA-1	7.81e-32	115
HNAJ_0000479401-mRNA-1	2.58e-44	162
HNAJ_0000496401-mRNA-1	6.18e-127	389
HNAJ_0000530601-mRNA-1	1.73e-42	142
HNAJ_0000551001-mRNA-1	5.62e-60	197
HNAJ_0000571101-mRNA-1	1.39e-49	163
HNAJ_0000578001-mRNA-1	2.61e-89	275
HNAJ_0000594701-mRNA-1	2.64e-21	93.2
HNAJ_0000686901-mRNA-1	1.09e-107	328
HNAJ_0000742601-mRNA-1	3.71e-164	489
HNAJ_0000753101-mRNA-1	1.27e-127	390
HNAJ_0000807301-mRNA-1	5.18e-164	483
HNAJ_0000847701-mRNA-1	1.39e-29	113
HNAJ_0000882201-mRNA-1	8.95e-09	57.4
HNAJ_0000924401-mRNA-1	5.28e-21	99.4
HNAJ_0000926601-mRNA-1	1.39e-180	516
HNAJ_0000929701-mRNA-1	1.78e-116	348
HNAJ_0000936301-mRNA-1	6.89e-158	459
HNAJ_0000946001-mRNA-1	1.47e-155	476
HNAJ_0000958001-mRNA-1	2.04e-80	256
HNAJ_0000993201-mRNA-1	3.90e-45	177
HNAJ_0001007601-mRNA-1	3.14e-12	67.4
HNAJ_0001047201-mRNA-1	2.68e-74	246
HNAJ_0001073201-mRNA-1	1.66e-62	201
HNAJ_0001110001-mRNA-1	7.26e-53	192
HNAJ_0001190601-mRNA-1	1.45e-36	138
HNAJ_0001212001-mRNA-1	2.06e-39	141
HNAJ_0001279401-mRNA-1	8.83e-07	52.8
HNAJ_0001291401-mRNA-1	4.50e-55	174
HNAJ_0001298101-mRNA-1	4.60e-16	72.8
HNAJ_0001310401-mRNA-1	1.24e-130	392
HNAJ_0001341601-mRNA-1	1.23e-37	146
HNAJ_0001361301-mRNA-1	5.50e-110	340
HNAJ_0001372901-mRNA-1	1.52e-24	95.1
BOX15_Mlig015854g1	0.0	1038
BOX15_Mlig004065g1	0.0	1104
BOX15_Mlig031591g2	0.0	1086
BOX15_Mlig013723g1	1.50e-239	653
BOX15_Mlig007204g1	0.0	2140
BOX15_Mlig019017g2	1.25e-306	835
BOX15_Mlig023951g1	0.0	1139
BOX15_Mlig003898g1	0.0	916
BOX15_Mlig031004g1	0.0	1100
BOX15_Mlig031432g4	0.0	1300
BOX15_Mlig019017g3	0.0	1157
BOX15_Mlig002395g4	0.0	1792
BOX15_Mlig007609g1	0.0	972
BOX15_Mlig011325g2	0.0	1125
BOX15_Mlig022967g3	0.0	1421
BOX15_Mlig021793g2	3.52e-315	857
BOX15_Mlig003120g3	0.0	1098
BOX15_Mlig010678g1	0.0	873
BOX15_Mlig007416g1	1.03e-76	224
BOX15_Mlig028584g3	0.0	1230
BOX15_Mlig028785g2	0.0	1073
BOX15_Mlig019094g1	0.0	1061
BOX15_Mlig024322g3	0.0	1173
BOX15_Mlig029271g2	0.0	1137
BOX15_Mlig006056g2	0.0	2084
BOX15_Mlig032051g1	0.0	1162
BOX15_Mlig015178g3	0.0	1383
BOX15_Mlig016990g2	0.0	1226
BOX15_Mlig014550g2	0.0	1103
BOX15_Mlig006976g1	0.0	1016
BOX15_Mlig031795g3	0.0	1179
BOX15_Mlig021130g3	0.0	1508
BOX15_Mlig000989g5	0.0	1449
BOX15_Mlig009538g1	4.76e-139	390
BOX15_Mlig000674g2	0.0	1852
BOX15_Mlig034115g2	0.0	1583
BOX15_Mlig013616g1	0.0	967
BOX15_Mlig011411g1	1.38e-96	278
BOX15_Mlig029354g2	3.73e-296	801
BOX15_Mlig004551g4	0.0	1341
BOX15_Mlig014244g1	0.0	982
BOX15_Mlig009645g3	1.38e-236	646
BOX15_Mlig024351g4	7.00e-310	840
BOX15_Mlig031804g2	0.0	981
BOX15_Mlig020788g3	0.0	1528
BOX15_Mlig026429g3	0.0	1676
BOX15_Mlig033565g2	0.0	1123
BOX15_Mlig028680g1	0.0	894
BOX15_Mlig027426g1	0.0	1321
BOX15_Mlig032568g1	0.0	932
BOX15_Mlig009398g1	0.0	1018
BOX15_Mlig025449g1	0.0	961
BOX15_Mlig020199g1	0.0	1547
BOX15_Mlig009170g1	0.0	1734
BOX15_Mlig000841g2	0.0	914
BOX15_Mlig000209g3	0.0	1495
BOX15_Mlig000862g3	0.0	1101
BOX15_Mlig030741g1	0.0	1480
BOX15_Mlig026840g2	1.16e-272	742
BOX15_Mlig000841g6	6.36e-196	538
BOX15_Mlig002294g2	0.0	1052
BOX15_Mlig022707g1	0.0	1653
BOX15_Mlig005297g1	0.0	1651
BOX15_Mlig007166g1	0.0	1226
BOX15_Mlig020801g1	0.0	1406
BOX15_Mlig008197g1	0.0	1021
BOX15_Mlig033226g1	3.18e-306	831
BOX15_Mlig015771g1	0.0	1737
BOX15_Mlig013326g1	4.13e-93	268
BOX15_Mlig006075g1	0.0	1392
BOX15_Mlig000461g1	0.0	1048
BOX15_Mlig015474g3	0.0	1019
BOX15_Mlig032313g1	0.0	1187
BOX15_Mlig005955g1	0.0	1692
BOX15_Mlig010245g2	0.0	1214
BOX15_Mlig014818g1	0.0	972
BOX15_Mlig005363g2	0.0	1272
BOX15_Mlig016491g1	3.09e-135	378
BOX15_Mlig015393g1	0.0	1055
BOX15_Mlig017198g1	0.0	1326
BOX15_Mlig009331g1	0.0	989
BOX15_Mlig011397g1	0.0	1335
BOX15_Mlig003611g1	5.78e-276	752
BOX15_Mlig024916g1	0.0	1215
BOX15_Mlig024348g1	4.68e-208	570
BOX15_Mlig018669g1	0.0	1385
BOX15_Mlig016426g1	0.0	1637
BOX15_Mlig012309g1	0.0	1699
BOX15_Mlig013241g1	0.0	1358
BOX15_Mlig018909g1	0.0	1261
BOX15_Mlig025217g1	0.0	1179
BOX15_Mlig015385g1	0.0	1358
BOX15_Mlig009517g1	0.0	1532
BOX15_Mlig028639g1	0.0	1122
BOX15_Mlig026767g5	0.0	918
BOX15_Mlig004863g1	0.0	1246
BOX15_Mlig010186g1	0.0	1229
BOX15_Mlig001459g3	1.97e-301	818
BOX15_Mlig018619g1	0.0	870
BOX15_Mlig008883g4	2.44e-313	848
BOX15_Mlig016491g12	5.24e-204	560
BOX15_Mlig014011g1	0.0	1542
BOX15_Mlig026396g1	1.37e-279	758
BOX15_Mlig024322g2	1.85e-207	572
BOX15_Mlig031664g1	1.44e-200	551
BOX15_Mlig009645g1	0.0	1162
BOX15_Mlig030622g1	0.0	1303
BOX15_Mlig025621g1	0.0	1313
BOX15_Mlig033810g1	0.0	1330
BOX15_Mlig007222g3	0.0	1469
BOX15_Mlig000966g1	0.0	1192
BOX15_Mlig015081g1	0.0	1337
BOX15_Mlig032482g1	0.0	1229
BOX15_Mlig031609g1	0.0	1382
BOX15_Mlig027167g2	3.67e-262	714
BOX15_Mlig022931g1	0.0	1123
BOX15_Mlig022345g1	7.69e-236	643
BOX15_Mlig010174g1	0.0	1199
BOX15_Mlig019166g1	0.0	1014
BOX15_Mlig023922g2	0.0	982
BOX15_Mlig026138g2	0.0	1124
BOX15_Mlig006140g2	1.87e-87	253
BOX15_Mlig023547g1	0.0	1095
BOX15_Mlig012953g1	0.0	1108
BOX15_Mlig027460g2	2.09e-290	795
BOX15_Mlig007558g1	0.0	1414
BOX15_Mlig014474g5	6.62e-285	774
BOX15_Mlig020283g2	0.0	1085
BOX15_Mlig021913g2	0.0	1162
BOX15_Mlig033047g1	0.0	937
BOX15_Mlig002809g2	0.0	1278
BOX15_Mlig026586g1	0.0	2216
BOX15_Mlig002193g1	0.0	1740
BOX15_Mlig009716g1	2.12e-235	642
BOX15_Mlig015081g3	0.0	998
BOX15_Mlig009716g2	0.0	884
BOX15_Mlig009645g2	0.0	959
BOX15_Mlig015174g1	0.0	962
BOX15_Mlig030616g2	0.0	1334
BOX15_Mlig013503g1	0.0	1110
BOX15_Mlig021706g1	1.50e-130	367
BOX15_Mlig004814g1	0.0	1198
BOX15_Mlig020845g1	0.0	1788
BOX15_Mlig020704g1	0.0	1248
BOX15_Mlig008995g1	0.0	927
BOX15_Mlig008995g3	0.0	1238
BOX15_Mlig006398g1	0.0	2086
BOX15_Mlig005119g9	0.0	1200
BOX15_Mlig011179g1	1.18e-195	538
BOX15_Mlig014979g1	0.0	1004
BOX15_Mlig025378g2	0.0	1245
BOX15_Mlig029354g1	2.18e-95	274
BOX15_Mlig005480g1	3.76e-142	402
MCU_000033-RA	1.20e-40	149
MCU_000233-RB	1.60e-161	480
MCU_000247-RA	3.18e-65	204
MCU_000247-RB	1.77e-111	330
MCU_000247-RC	8.39e-50	165
MCU_000636-RA	2.63e-133	406
MCU_001223-RA	3.26e-157	456
MCU_001229-RA	2.06e-123	382
MCU_001256-RA	8.80e-128	387
MCU_002219-RA	8.59e-145	422
MCU_002530-RA	1.51e-164	495
MCU_002553-RA	4.14e-78	260
MCU_002808-RD	1.95e-52	196
MCU_002934-RA	1.21e-107	328
MCU_003006-RA	1.14e-110	335
MCU_003006-RC	1.71e-105	318
MCU_003274-RA	2.85e-158	468
MCU_003318-RA	4.62e-46	180
MCU_003496-RA	1.40e-160	463
MCU_004399-RA	3.31e-137	416
MCU_005313-RA	1.61e-13	66.6
MCU_005543-RC	2.51e-123	375
MCU_005678-RA	2.19e-85	266
MCU_005679-RA	1.41e-68	224
MCU_006737-RA	6.23e-178	519
MCU_006949-RA	3.30e-10	64.3
MCU_007023-RA	1.32e-96	302
MCU_007079-RB	1.79e-206	591
MCU_007220-RB	4.22e-34	144
MCU_007735-RA	2.13e-128	383
MCU_007736-RA	2.20e-166	477
MCU_007770-RA	3.68e-143	430
MCU_007979-RA	2.78e-44	175
MCU_008252-RA	5.73e-145	430
MCU_008505-RA	9.47e-171	486
MCU_008819-RA	1.09e-35	121
MCU_009570-RA	1.64e-102	318
MCU_009805-RA	3.69e-53	179
MCU_010531-RC	1.03e-204	580
MCU_010827-RA	1.17e-10	58.2
MCU_011313-RB	4.44e-148	438
MCU_012573-RA	1.31e-13	67.8
MCU_012613-RB	3.81e-160	459
MCU_013693-RA	2.22e-48	169
MCOS_0000511701-mRNA-1	4.99e-10	61.6
MCOS_0000566501-mRNA-1	6.56e-16	74.3
GW921790.1.p1	3.46e-69	229
GW922465.1.p1	5.77e-87	268
CRM22_000207	3.87e-143	431
CRM22_001344	8.01e-57	195
CRM22_001410	1.13e-64	222
CRM22_001648	5.82e-194	587
CRM22_002079.1	2.76e-107	352
CRM22_002585	1.00e-150	441
CRM22_002586	3.61e-145	427
CRM22_002607	1.55e-120	373
CRM22_002620	2.24e-79	260
CRM22_002621	1.28e-72	237
CRM22_002701	2.46e-159	475
CRM22_002711.2	2.63e-178	536
CRM22_002781.1	4.19e-101	333
CRM22_002781.2	5.94e-101	333
CRM22_002991.2	8.77e-153	453
CRM22_003306	1.32e-205	582
CRM22_003453	1.53e-165	480
CRM22_003618	9.84e-153	454
CRM22_003849	6.75e-130	416
CRM22_004075.2	1.01e-17	88.6
CRM22_004510.1	1.77e-52	185
CRM22_004510.2	5.63e-97	303
CRM22_004601	2.05e-118	356
CRM22_004828	1.52e-86	257
CRM22_004829	1.74e-66	216
CRM22_005099	3.96e-124	385
CRM22_005310.1	5.66e-163	492
CRM22_005430	5.09e-164	497
CRM22_006152.2	4.09e-137	404
CRM22_006179	1.76e-45	177
CRM22_006211.5	4.25e-175	515
CRM22_006310.1	1.09e-23	109
CRM22_006310.2	1.88e-36	147
CRM22_007018	3.40e-178	529
CRM22_007029	2.06e-135	413
CRM22_007218.1	2.19e-171	506
CRM22_007742	1.42e-26	99.0
CRM22_008616.1	1.55e-17	91.3
CRM22_009039	7.31e-149	431
CRM22_009199	2.51e-120	371
CRM22_009406	3.59e-97	314
CRM22_009422.1	1.71e-183	538
CRM22_009542	7.09e-82	272
CRM22_009721	6.03e-71	238
CRM22_010139	4.19e-180	528
CRM22_010246.1	1.56e-201	579
CRM22_010246.2	1.69e-199	573
CRM22_010247.2	2.40e-151	445
CRM22_010277.1	1.53e-126	391
CRM22_010535	4.73e-139	421
CRM22_010922	7.56e-11	57.8
CRM22_010924	4.84e-12	63.9
CRM22_011292	3.59e-155	463
T265_00119	7.47e-73	242
T265_00120	7.98e-79	254
T265_00386	4.01e-207	586
T265_00747	3.08e-92	285
T265_01528	2.93e-124	385
T265_01690	1.38e-132	405
T265_01743	4.08e-54	205
T265_02251	9.38e-143	432
T265_02533	2.55e-154	456
T265_02868	1.27e-21	100
T265_03214	2.85e-13	74.7
T265_03675	1.36e-61	213
T265_03886	1.13e-120	372
T265_04919	3.36e-119	363
T265_04920	1.57e-38	150
T265_05530	2.42e-65	224
T265_05648	6.30e-125	390
T265_05667	1.69e-173	511
T265_05735	6.26e-39	154
T265_06210	7.05e-148	440
T265_06211	6.70e-192	555
T265_06223	1.45e-144	426
T265_06225	4.30e-152	444
T265_06312	2.32e-30	129
T265_06813	5.32e-99	308
T265_07025	1.74e-13	67.4
T265_07724	3.74e-55	191
T265_07728	3.64e-30	127
T265_08541	4.47e-114	345
T265_08781	3.01e-05	45.8
T265_10270	2.97e-106	345
T265_10302	3.98e-162	482
T265_10352	4.14e-50	175
T265_10354	5.12e-50	177
T265_10438	8.33e-103	338
T265_12012	3.60e-83	246
T265_12626	8.79e-25	108
T265_12893	1.45e-29	111
T265_13009	6.52e-117	364
T265_13118	5.82e-72	244
T265_13190	2.58e-116	347
T265_13422	4.40e-156	460
T265_13679	9.66e-173	510
T265_13838	8.71e-133	409
T265_13973	2.59e-72	233
T265_14191	9.36e-108	321
T265_14323	4.12e-30	129
T265_14364	2.19e-150	456
T265_14536	2.41e-66	223
T265_14724	5.08e-179	535
T265_15588	2.84e-161	487
T265_16029	1.28e-64	198
DEA37_0000062	1.30e-103	325
DEA37_0000235	1.44e-49	168
DEA37_0000790	7.11e-38	137
DEA37_0000857	2.30e-41	147
DEA37_0001308	3.67e-67	224
DEA37_0001507	3.56e-62	207
DEA37_0002114	1.07e-45	164
DEA37_0002115	1.26e-66	218
DEA37_0002367	3.09e-14	77.8
DEA37_0002622	1.12e-14	72.4
DEA37_0002623	1.54e-29	126
DEA37_0002624	6.48e-55	181
DEA37_0002704	5.21e-132	390
DEA37_0002706	3.17e-14	79.3
DEA37_0003890	8.77e-15	74.3
DEA37_0004462	1.50e-47	168
DEA37_0004464	8.42e-123	373
DEA37_0005114	1.11e-106	324
DEA37_0005115	1.47e-09	57.8
DEA37_0005117	2.27e-23	104
DEA37_0005192	5.38e-166	481
DEA37_0005634	9.85e-77	254
DEA37_0006482	4.09e-55	198
DEA37_0006484	1.52e-33	131
DEA37_0007079	5.17e-105	317
DEA37_0007182	2.57e-20	97.8
DEA37_0007262	4.10e-15	72.0
DEA37_0007322	3.85e-167	494
DEA37_0007576	2.78e-14	75.1
DEA37_0007907	1.45e-145	436
DEA37_0008133	4.10e-208	588
DEA37_0008185	1.77e-148	436
DEA37_0008606	6.39e-139	416
DEA37_0008608	7.45e-108	337
DEA37_0008611	1.92e-88	275
DEA37_0008752	1.23e-12	66.2
DEA37_0009235	7.56e-27	118
DEA37_0009266	3.99e-111	357
DEA37_0009581	3.32e-147	441
DEA37_0009670	4.68e-22	99.0
DEA37_0010008	4.88e-115	357
DEA37_0010147	8.17e-24	101
DEA37_0010148	2.81e-40	151
DEA37_0010181	6.46e-11	62.8
DEA37_0010404	5.73e-85	271
DEA37_0011209	4.57e-180	534
DEA37_0011560	2.09e-119	358
DEA37_0011576	1.37e-42	142
DEA37_0011578	1.36e-104	328
DEA37_0011753	1.00e-106	335
DEA37_0012378	1.34e-153	457
DEA37_0013022	3.56e-102	328
DEA37_0013057	7.12e-143	431
DEA37_0013087	1.44e-61	195
DEA37_0013337	2.23e-250	724
DEA37_0014214	6.66e-73	238
DEA37_0014300	6.76e-19	83.2
DEA37_0014301	5.31e-18	89.4
DEA37_0014302	7.35e-129	385
DEA37_0014955	1.43e-120	368
DEA37_0014957	8.42e-12	63.5
PXEA_0000038301-mRNA-1	1.10e-45	167
PXEA_0000045401-mRNA-1	5.54e-04	41.2
PXEA_0000069901-mRNA-1	2.02e-08	58.5
PXEA_0000081701-mRNA-1	1.77e-11	57.4
PXEA_0000138301-mRNA-1	9.42e-29	103
PXEA_0000229301-mRNA-1	6.69e-12	63.2
PXEA_0000261701-mRNA-1	1.47e-29	110
PXEA_0000265301-mRNA-1	2.04e-08	57.0
PXEA_0000286901-mRNA-1	1.32e-69	224
PXEA_0000289501-mRNA-1	1.26e-11	63.5
PXEA_0000295501-mRNA-1	2.16e-12	65.9
PXEA_0000356301-mRNA-1	9.19e-148	440
PXEA_0000378801-mRNA-1	9.52e-92	293
PXEA_0000421301-mRNA-1	1.16e-20	84.7
PXEA_0000436301-mRNA-1	2.89e-17	74.3
PXEA_0000468501-mRNA-1	2.88e-48	163
PXEA_0000513501-mRNA-1	4.57e-15	80.1
PXEA_0000568401-mRNA-1	4.12e-16	72.0
PXEA_0000569701-mRNA-1	1.41e-08	53.1
PXEA_0000602101-mRNA-1	9.88e-139	402
PXEA_0000636701-mRNA-1	1.43e-15	75.5
PXEA_0000725601-mRNA-1	1.19e-38	130
PXEA_0000882501-mRNA-1	1.85e-16	75.9
PXEA_0000886401-mRNA-1	2.27e-30	115
PXEA_0000917101-mRNA-1	2.74e-17	72.0
PXEA_0000966001-mRNA-1	6.05e-11	59.3
PXEA_0001033301-mRNA-1	6.99e-76	246
PXEA_0001047801-mRNA-1	5.10e-45	159
PXEA_0001049501-mRNA-1	4.83e-20	81.6
PXEA_0001055801-mRNA-1	5.39e-35	120
PXEA_0001180301-mRNA-1	1.80e-35	122
PXEA_0001199101-mRNA-1	6.63e-39	129
PXEA_0001219301-mRNA-1	2.72e-62	206
PXEA_0001247501-mRNA-1	2.08e-29	107
PXEA_0001265801-mRNA-1	4.02e-41	144
PXEA_0001280601-mRNA-1	5.19e-66	216
PXEA_0001299301-mRNA-1	9.21e-13	71.6
PXEA_0001313801-mRNA-1	2.19e-58	194
PXEA_0001318101-mRNA-1	6.09e-122	383
PXEA_0001345701-mRNA-1	2.47e-16	77.8
PXEA_0001355001-mRNA-1	1.34e-05	46.6
PXEA_0001359201-mRNA-1	3.99e-13	63.5
PXEA_0001412801-mRNA-1	7.89e-18	74.3
PXEA_0001419201-mRNA-1	4.19e-27	110
PXEA_0001430001-mRNA-1	4.35e-33	131
PXEA_0001453801-mRNA-1	4.51e-10	63.5
PXEA_0001460401-mRNA-1	3.10e-04	42.4
PXEA_0001506701-mRNA-1	1.12e-25	103
PXEA_0001566501-mRNA-1	6.22e-17	71.2
PXEA_0001632701-mRNA-1	6.49e-23	98.2
PXEA_0001647501-mRNA-1	9.16e-27	107
PXEA_0001658801-mRNA-1	6.40e-39	129
PXEA_0001669901-mRNA-1	1.59e-73	226
PXEA_0001720801-mRNA-1	1.48e-24	92.4
PXEA_0001755601-mRNA-1	5.08e-152	458
PXEA_0001762501-mRNA-1	2.14e-28	111
PXEA_0001775901-mRNA-1	9.82e-74	246
PXEA_0001815501-mRNA-1	3.11e-12	62.8
PXEA_0001878901-mRNA-1	1.85e-05	46.2
PXEA_0001887801-mRNA-1	4.71e-21	90.9
PXEA_0001896901-mRNA-1	3.99e-31	117
PXEA_0002032001-mRNA-1	2.85e-35	140
PXEA_0002072001-mRNA-1	2.18e-31	112
PXEA_0002076901-mRNA-1	1.71e-96	290
PXEA_0002097601-mRNA-1	3.86e-159	475
PXEA_0002315701-mRNA-1	5.94e-23	95.5
PXEA_0002330101-mRNA-1	2.59e-50	168
PXEA_0002398301-mRNA-1	2.48e-20	83.6
PXEA_0002579201-mRNA-1	7.71e-16	69.7
PXEA_0002595701-mRNA-1	8.81e-30	105
PXEA_0002611401-mRNA-1	3.91e-71	236
PXEA_0002615101-mRNA-1	2.64e-197	567
PXEA_0002631001-mRNA-1	2.51e-17	78.2
PXEA_0002663301-mRNA-1	3.33e-139	411
PXEA_0002675601-mRNA-1	2.36e-29	119
PXEA_0002694601-mRNA-1	5.94e-07	52.0
PXEA_0002725201-mRNA-1	2.42e-21	85.5
PXEA_0002830401-mRNA-1	1.98e-12	67.0
PXEA_0002874301-mRNA-1	5.95e-109	329
PXEA_0002896101-mRNA-1	2.12e-11	62.0
PXEA_0002905301-mRNA-1	1.22e-21	86.3
PXEA_0002922301-mRNA-1	3.65e-31	115
PXEA_0003038301-mRNA-1	1.28e-67	225
PXEA_0003046501-mRNA-1	1.81e-22	93.2
PXEA_0003159701-mRNA-1	6.60e-17	83.6
PXEA_0003191101-mRNA-1	6.18e-52	188
PXEA_0003221501-mRNA-1	1.11e-205	578
PXEA_0003257001-mRNA-1	4.63e-112	353
PXEA_0003321101-mRNA-1	1.48e-26	95.5
PXEA_0003349801-mRNA-1	1.24e-10	64.3
PXEA_0003394901-mRNA-1	3.38e-115	352
PXEA_0003397201-mRNA-1	9.83e-102	306
PXEA_0003436301-mRNA-1	1.34e-06	49.7
PXEA_0003437101-mRNA-1	5.59e-174	498
PXEA_0003466801-mRNA-1	7.89e-15	74.3
PXEA_0003502701-mRNA-1	6.59e-46	149
PXEA_0003537501-mRNA-1	5.09e-30	112
PXEA_0003561701-mRNA-1	3.76e-75	253
PXEA_0003563801-mRNA-1	4.42e-22	95.1
PXEA_0003607801-mRNA-1	2.59e-15	75.5
PXEA_0003663001-mRNA-1	7.14e-10	62.4
PXEA_0003679701-mRNA-1	4.25e-39	148
PXEA_0003711701-mRNA-1	9.83e-36	128
PXEA_0003746701-mRNA-1	8.09e-37	125
TRINITY_DN14495_c0_g1_i7.p1	2.88e-15	84.0
TRINITY_DN278_c0_g1_i12.p1	9.07e-40	161
TRINITY_DN583_c0_g1_i5.p1	2.08e-156	469
TRINITY_DN2169_c0_g2_i2.p1	2.42e-168	492
TRINITY_DN4712_c0_g1_i4.p1	1.12e-111	351
TRINITY_DN372_c0_g2_i12.p1	6.47e-157	463
TRINITY_DN935_c0_g1_i3.p1	5.12e-105	326
TRINITY_DN261_c2_g1_i2.p1	1.82e-70	239
TRINITY_DN1783_c0_g2_i1.p1	9.08e-129	387
TRINITY_DN2544_c0_g1_i1.p1	9.23e-114	354
TRINITY_DN82683_c0_g3_i1.p1	5.64e-160	466
TRINITY_DN629_c2_g1_i1.p1	3.65e-143	425
TRINITY_DN2223_c0_g1_i2.p1	1.54e-150	445
TRINITY_DN129_c0_g1_i2.p2	1.05e-178	513
TRINITY_DN1143_c0_g1_i13.p1	1.01e-104	324
TRINITY_DN3501_c1_g1_i5.p1	1.85e-85	273
TRINITY_DN22278_c0_g1_i10.p1	5.83e-166	479
TRINITY_DN2969_c0_g1_i4.p2	2.55e-213	604
TRINITY_DN2675_c0_g1_i3.p1	2.10e-74	246
TRINITY_DN58324_c0_g1_i1.p1	4.71e-37	144
TRINITY_DN1070_c2_g1_i1.p1	8.72e-95	295
TRINITY_DN4163_c0_g1_i4.p1	3.01e-126	379
TRINITY_DN5050_c0_g1_i6.p2	1.60e-120	360
TRINITY_DN182_c2_g1_i1.p2	2.43e-193	548
TRINITY_DN61669_c0_g1_i1.p1	5.64e-72	240
TRINITY_DN1875_c1_g1_i4.p1	1.30e-45	164
TRINITY_DN1871_c1_g1_i2.p1	3.63e-126	381
TRINITY_DN362_c0_g1_i10.p2	6.57e-18	86.3
TRINITY_DN22443_c0_g2_i1.p1	1.44e-165	474
TRINITY_DN1742_c0_g3_i1.p1	1.07e-38	149
TRINITY_DN806_c0_g1_i1.p2	3.57e-114	355
TRINITY_DN751_c1_g1_i1.p1	4.13e-95	291
TRINITY_DN669_c0_g1_i2.p1	8.80e-80	259
TRINITY_DN4729_c0_g1_i5.p1	3.20e-75	243
TRINITY_DN1396_c0_g1_i18.p1	7.54e-68	227
TRINITY_DN1954_c0_g1_i5.p1	7.24e-60	204
TRINITY_DN2691_c0_g2_i3.p1	4.28e-52	179
TRINITY_DN1153_c0_g3_i2.p1	3.93e-69	228
TRINITY_DN64951_c0_g1_i8.p1	2.04e-84	264
TRINITY_DN2102_c0_g1_i5.p2	1.68e-56	196
TRINITY_DN1976_c0_g1_i12.p5	1.72e-41	153
TRINITY_DN898_c0_g1_i1.p1	1.36e-07	55.8
TRINITY_DN1703_c0_g1_i13.p2	6.23e-65	209
TRINITY_DN1153_c0_g1_i12.p2	5.52e-57	194
TRINITY_DN15235_c0_g1_i1.p1	1.96e-96	290
TRINITY_DN4638_c0_g1_i8.p2	9.91e-58	197
TRINITY_DN3433_c0_g1_i2.p3	5.19e-51	179
TRINITY_DN27939_c0_g5_i1.p1	4.85e-54	189
TRINITY_DN261_c0_g1_i15.p4	5.15e-59	194
TRINITY_DN3616_c0_g2_i1.p2	6.53e-19	85.5
TRINITY_DN27939_c0_g3_i1.p1	4.64e-45	162
TRINITY_DN379_c0_g1_i1.p2	2.30e-74	236
TRINITY_DN16160_c0_g1_i1.p1	1.73e-16	80.9
TRINITY_DN234_c2_g1_i1.p1	6.05e-58	195
TRINITY_DN51691_c0_g1_i3.p3	1.85e-78	246
TRINITY_DN34116_c0_g1_i4.p1	2.83e-12	67.0
TRINITY_DN5050_c0_g2_i1.p2	1.72e-45	163
TRINITY_DN660_c0_g1_i1.p1	2.54e-06	50.8
TRINITY_DN1049_c1_g1_i1.p1	5.27e-17	80.5
TRINITY_DN26292_c0_g2_i1.p1	5.21e-07	52.4
TRINITY_DN2512_c0_g2_i2.p3	1.42e-13	71.2
TRINITY_DN1820_c1_g1_i1.p1	2.17e-36	133
TRINITY_DN3616_c0_g4_i1.p2	2.39e-17	81.3
TRINITY_DN532_c0_g1_i10.p7	4.55e-06	46.6
TRINITY_DN804_c0_g1_i2.p3	1.93e-07	51.6
TRINITY_DN83_c0_g2_i1.p3	2.90e-06	48.9
TRINITY_DN8894_c0_g1_i1.p1	1.32e-04	43.5
TRINITY_DN112_c1_g3_i4.p3	6.53e-11	61.2
TRINITY_DN28391_c0_g1_i1.p1	8.33e-51	170
TRINITY_DN125373_c0_g3_i2.p1	9.13e-05	43.1
TRINITY_DN91357_c1_g1_i1.p2	6.60e-34	117
TRINITY_DN83_c0_g1_i10.p11	9.93e-41	138
TRINITY_DN12455_c0_g1_i1.p6	4.24e-25	94.4
TRINITY_DN1622_c4_g1_i1.p3	3.85e-45	155
TRINITY_DN1170_c1_g1_i1.p4	9.93e-15	72.4
TRINITY_DN749_c0_g1_i11.p5	1.48e-20	82.4
TRINITY_DN1085_c1_g1_i1.p2	5.30e-05	43.5
SSLN_0000121301-mRNA-1	1.45e-86	271
SSLN_0000165201-mRNA-1	1.38e-09	55.8
SSLN_0000213901-mRNA-1	6.94e-162	479
SSLN_0000219001-mRNA-1	2.33e-61	212
SSLN_0000224901-mRNA-1	1.62e-164	489
SSLN_0000270501-mRNA-1	6.80e-145	442
SSLN_0000314901-mRNA-1	9.03e-54	182
SSLN_0000322901-mRNA-1	1.03e-08	57.0
SSLN_0000323401-mRNA-1	1.22e-43	171
SSLN_0000324901-mRNA-1	4.40e-299	945
SSLN_0000371201-mRNA-1	2.40e-32	134
SSLN_0000449601-mRNA-1	8.14e-65	236
SSLN_0000449701-mRNA-1	9.45e-07	55.5
SSLN_0000482301-mRNA-1	3.35e-42	159
SSLN_0000484301-mRNA-1	3.67e-79	258
SSLN_0000497001-mRNA-1	2.41e-98	292
SSLN_0000522301-mRNA-1	7.84e-146	423
SSLN_0000564001-mRNA-1	4.51e-126	377
SSLN_0000619801-mRNA-1	3.49e-55	184
SSLN_0000626301-mRNA-1	3.22e-162	470
SSLN_0000683101-mRNA-1	3.81e-153	449
SSLN_0000686801-mRNA-1	2.20e-150	441
SSLN_0000686901-mRNA-1	1.18e-160	467
SSLN_0000694801-mRNA-1	1.80e-22	102
SSLN_0000694901-mRNA-1	1.81e-07	49.7
SSLN_0000696601-mRNA-1	4.71e-120	363
SSLN_0000777501-mRNA-1	2.57e-19	93.2
SSLN_0000779301-mRNA-1	3.59e-173	493
SSLN_0000856601-mRNA-1	6.80e-33	120
SSLN_0001003501-mRNA-1	4.12e-163	496
SSLN_0001018201-mRNA-1	3.56e-150	439
SSLN_0001085601-mRNA-1	8.46e-141	408
SSLN_0001092301-mRNA-1	1.85e-151	448
SSLN_0001126601-mRNA-1	3.65e-18	91.3
SSLN_0001133301-mRNA-1	2.57e-116	349
SSLN_0001153901-mRNA-1	1.55e-89	279
SSLN_0001183601-mRNA-1	7.66e-14	72.4
SSLN_0001183801-mRNA-1	3.25e-18	87.0
SSLN_0001192601-mRNA-1	1.94e-37	125
SSLN_0001205601-mRNA-1	1.70e-16	83.6
SSLN_0001283501-mRNA-1	4.17e-95	293
SSLN_0001288001-mRNA-1	6.75e-46	160
SSLN_0001387701-mRNA-1	6.08e-154	448
SSLN_0001416901-mRNA-1	7.30e-139	420
SSLN_0001494501-mRNA-1	2.88e-67	221
SSLN_0001534401-mRNA-1	1.57e-23	107
SSLN_0001594501-mRNA-1	2.04e-75	237
SSLN_0001668201-mRNA-1	2.35e-140	423
SSLN_0001723901-mRNA-1	2.79e-138	407
SSLN_0001734101-mRNA-1	2.51e-190	551
SSLN_0001956901-mRNA-1	2.51e-49	170
SSLN_0001963301-mRNA-1	4.57e-27	107
SSLN_0001976001-mRNA-1	6.20e-81	258
SSLN_0002023501-mRNA-1	8.98e-17	74.3
DC041_0000353	9.80e-88	271
DC041_0000575	3.55e-45	168
DC041_0000656	1.09e-64	216
DC041_0000691	3.02e-24	111
DC041_0000760	1.97e-59	220
DC041_0001742	1.32e-63	215
DC041_0002192	1.03e-40	158
DC041_0002539	8.14e-12	63.5
DC041_0002543	2.41e-34	117
DC041_0002544	2.28e-58	201
DC041_0003523	7.96e-170	491
DC041_0003524	7.00e-97	303
DC041_0003705	3.37e-196	561
DC041_0003969	6.59e-73	240
DC041_0003983	1.53e-308	962
DC041_0004136	1.41e-117	365
DC041_0004272	8.54e-51	173
DC041_0004563	3.23e-115	349
DC041_0004614	5.97e-46	149
DC041_0004624	2.27e-59	194
DC041_0004745	1.45e-132	424
DC041_0005042	2.41e-115	355
DC041_0005325	1.68e-108	360
DC041_0006296	4.80e-62	218
DC041_0006535	1.43e-62	217
DC041_0006550	1.15e-163	486
DC041_0006773	2.68e-124	377
DC041_0006782	2.74e-188	545
DC041_0006783	9.07e-94	306
DC041_0006807	4.65e-70	224
DC041_0006865	5.89e-143	434
DC041_0006933	4.70e-45	156
DC041_0007292	1.77e-83	275
DC041_0007293	3.37e-86	285
DC041_0007369	5.53e-80	276
DC041_0008432	4.03e-197	561
DC041_0008558	3.86e-60	201
DC041_0008559	2.38e-41	154
DC041_0008560	5.08e-51	176
DC041_0008876	2.64e-41	157
DC041_0009168	1.39e-68	228
DC041_0009852	9.23e-131	402
DC041_0010234	2.04e-57	181
DC041_0010235	4.02e-50	177
DC041_0010302	5.20e-62	207
DC041_0010345	3.37e-95	311
DC041_0010377	1.88e-152	446
DC041_0010916	3.10e-22	102
DC041_0010992	7.72e-184	561
DC041_0011492	2.25e-35	127
DC041_0011588	1.93e-25	94.0
DC041_0011589	7.02e-07	53.5
DC041_0012271	2.24e-78	253
DC041_0012679	1.01e-124	392
SCUD_0000012601-mRNA-1	2.11e-98	305
SCUD_0000023701-mRNA-1	1.34e-94	291
SCUD_0000086901-mRNA-1	7.40e-58	190
SCUD_0000173201-mRNA-1	1.24e-22	100
SCUD_0000222601-mRNA-1	1.36e-163	486
SCUD_0000269401-mRNA-1	6.05e-33	120
SCUD_0000282801-mRNA-1	1.60e-25	98.2
SCUD_0000323701-mRNA-1	2.88e-61	207
SCUD_0000424801-mRNA-1	2.03e-41	150
SCUD_0000543201-mRNA-1	4.25e-20	81.6
SCUD_0000582601-mRNA-1	1.30e-37	125
SCUD_0000686101-mRNA-1	7.07e-16	77.8
SCUD_0000715501-mRNA-1	7.05e-32	112
SCUD_0000736701-mRNA-1	8.51e-107	339
SCUD_0000736801-mRNA-1	3.43e-78	261
SCUD_0000749401-mRNA-1	4.63e-10	62.4
SCUD_0000780101-mRNA-1	6.10e-61	189
SCUD_0000794301-mRNA-1	1.13e-92	305
SCUD_0000802801-mRNA-1	3.85e-66	240
SCUD_0000842201-mRNA-1	5.95e-193	561
SCUD_0000842401-mRNA-1	1.43e-57	196
SCUD_0000893501-mRNA-1	7.74e-45	163
SCUD_0000903301-mRNA-1	2.52e-155	451
SCUD_0000953601-mRNA-1	3.79e-115	353
SCUD_0001014901-mRNA-1	2.28e-115	350
SCUD_0001019001-mRNA-1	5.21e-109	337
SCUD_0001019201-mRNA-1	1.24e-169	489
SCUD_0001120301-mRNA-1	4.50e-56	199
SCUD_0001127201-mRNA-1	1.85e-63	215
SCUD_0001172501-mRNA-1	1.80e-18	91.7
SCUD_0001186701-mRNA-1	9.94e-14	66.6
SCUD_0001192101-mRNA-1	1.27e-33	133
SCUD_0001200101-mRNA-1	4.61e-49	172
SCUD_0001203201-mRNA-1	1.41e-45	155
SCUD_0001235401-mRNA-1	7.89e-42	159
SCUD_0001247001-mRNA-1	1.06e-26	110
SCUD_0001385201-mRNA-1	1.08e-126	382
SCUD_0001389301-mRNA-1	4.05e-66	219
SCUD_0001419901-mRNA-1	8.31e-143	434
SCUD_0001452501-mRNA-1	7.58e-102	316
SCUD_0001465501-mRNA-1	6.69e-54	171
SCUD_0001544601-mRNA-1	4.90e-26	109
SCUD_0001545501-mRNA-1	1.76e-68	227
SCUD_0001588201-mRNA-1	5.42e-70	222
SCUD_0001707701-mRNA-1	1.52e-69	226
SCUD_0001707801-mRNA-1	2.31e-51	172
SCUD_0001748501-mRNA-1	1.78e-73	232
SCUD_0001805601-mRNA-1	1.22e-77	252
SCUD_0001813101-mRNA-1	1.46e-20	88.6
SCUD_0001828501-mRNA-1	8.10e-153	446
SCUD_0001860701-mRNA-1	1.55e-71	215
SCUD_0001876601-mRNA-1	9.44e-40	138
SCUD_0001886901-mRNA-1	4.15e-07	53.5
SCUD_0001896101-mRNA-1	1.88e-24	97.8
SCUD_0002047801-mRNA-1	7.24e-128	390
SCUD_0002050201-mRNA-1	7.21e-57	188
SCUD_0002072201-mRNA-1	2.58e-58	181
SCUD_0002141701-mRNA-1	1.60e-26	112
SCUD_0002226601-mRNA-1	1.80e-111	337
SCUD_0002252401-mRNA-1	1.03e-25	93.6
SCUD_0002268201-mRNA-1	5.04e-37	127
SCUD_0002325101-mRNA-1	6.60e-16	79.7
MS3_0011647.1	9.37e-153	447
MS3_0011718.1	3.60e-97	324
MS3_0011794.1	5.31e-151	460
MS3_0011806.1	5.39e-118	360
MS3_0011807.1	1.03e-45	169
MS3_0012065.1	5.72e-116	351
MS3_0012268.1	1.52e-60	221
MS3_0013070.1	2.36e-07	50.4
MS3_0013173.1	9.71e-96	298
MS3_0013287.1	2.84e-197	561
MS3_0013288.1	3.62e-198	566
MS3_0013394.1	1.29e-71	254
MS3_0013845.1	1.89e-78	251
MS3_0014938.1	1.26e-130	402
MS3_0015225.1	1.65e-136	417
MS3_0015312.1	6.15e-128	394
MS3_0015347.1	2.39e-191	579
MS3_0015402.1	7.29e-143	432
MS3_0015499.1	1.84e-162	483
MS3_0015774.1	1.17e-142	433
MS3_0015857.1	1.47e-144	435
MS3_0016111.1	1.68e-201	597
MS3_0016276.1	1.30e-67	230
MS3_0016786.1	4.58e-33	122
MS3_0016976.1	1.56e-175	524
MS3_0017078.1	2.64e-61	204
MS3_0017353.1	5.01e-167	493
MS3_0017490.1	2.24e-78	253
MS3_0017600.1	1.15e-299	925
MS3_0018301.1	0.0	1413
MS3_0019175.1	2.25e-116	362
MS3_0019220.1	1.55e-79	265
MS3_0019327.1	2.91e-46	169
MS3_0019988.1	1.44e-66	223
MS3_0019989.1	9.01e-12	63.5
MS3_0020041.1	1.12e-120	368
MS3_0020253.1	3.10e-26	118
MS3_0020326.1	2.82e-170	490
MS3_0020329.1	3.41e-30	123
MS3_0020669.1	6.36e-123	367
MS3_0020670.1	7.02e-07	53.5
MS3_0020873.1	9.71e-161	478
EWB00_000689	1.22e-163	490
EWB00_000903	1.70e-59	220
EWB00_000959	1.38e-47	167
EWB00_000994	1.78e-114	346
EWB00_001287	1.11e-115	350
EWB00_001803	3.44e-149	441
EWB00_001959.1	8.61e-112	352
EWB00_002033	5.70e-33	122
EWB00_002121.2	8.46e-22	100
EWB00_002298	3.52e-62	215
EWB00_002475	8.37e-34	121
EWB00_002476	1.36e-39	150
EWB00_002747	6.54e-159	470
EWB00_002806	2.91e-131	400
EWB00_003130	8.54e-201	577
EWB00_003131	3.76e-211	603
EWB00_003132	3.54e-162	476
EWB00_004230	5.01e-160	474
EWB00_004630	6.97e-163	479
EWB00_005092	7.82e-109	336
EWB00_005380	1.79e-56	193
EWB00_005381	3.21e-192	555
EWB00_005770	2.70e-48	186
EWB00_006004	3.91e-141	428
EWB00_006065	1.28e-174	525
EWB00_006254	2.66e-177	522
EWB00_006346.1	1.62e-88	278
EWB00_006495	1.09e-151	457
EWB00_006661	4.16e-123	381
EWB00_006662.1	2.58e-122	377
EWB00_006662.2	1.50e-161	481
EWB00_007183.2	1.39e-97	325
EWB00_007595	2.96e-54	171
EWB00_007597	7.97e-97	314
EWB00_008088	8.70e-65	217
EWB00_008387	1.09e-87	285
EWB00_008559	9.29e-154	460
EWB00_008662.3	2.52e-141	431
EWB00_008689	4.77e-20	96.3
EWB00_008986	5.23e-153	447
EWB00_009408	9.65e-310	909
EWB00_009623	3.31e-109	358
EWB00_009839.3	1.37e-152	441
EWB00_010151	1.43e-38	142
EWB00_010225	9.43e-107	324
EWB00_010226	1.91e-170	493
EWB00_011150	3.75e-137	417
Smp_012000.1	1.43e-140	429
Smp_015630.1	4.02e-163	474
Smp_031680.1	1.34e-153	461
Smp_037960.1	2.82e-207	593
Smp_052630.1	1.88e-160	477
Smp_056990.1	2.07e-22	102
Smp_058270.1	3.74e-62	215
Smp_083980.1	3.14e-174	515
Smp_093210.1	3.19e-142	430
Smp_096480.1	1.49e-152	446
Smp_104890.1	2.42e-114	347
Smp_135040.1	1.47e-166	509
Smp_139330.1	1.36e-119	372
Smp_140920.2	2.45e-191	581
Smp_141570.1	1.94e-78	253
Smp_142700.2	1.70e-197	568
Smp_144110.1	7.61e-132	405
Smp_157790.1	6.00e-165	493
Smp_162680.1	8.83e-144	436
Smp_170810.1	1.10e-172	510
Smp_175020.1	2.69e-77	264
Smp_176310.1	1.62e-169	508
Smp_180570.1	4.38e-91	296
Smp_246130.1	1.47e-158	467
Smp_305740.1	4.45e-169	497
Smp_306240.2	4.21e-157	463
Smp_311480.2	3.87e-200	569
Smp_311490.1	1.17e-202	577
Smp_321840.1	7.02e-56	181
Smp_322850.1	6.96e-50	189
Smp_332020.1	3.46e-129	397
Smp_333600.1	1.24e-153	444
Smp_333670.1	4.39e-54	203
Smp_334250.3	2.68e-97	325
Smp_334630.1	5.42e-89	285
Smp_334730.1	3.48e-117	366
Smp_336620.1	1.38e-166	489
Smp_337330.1	1.73e-90	283
Smp_341500.1	1.86e-64	219
Smp_342000.1	1.19e-163	486
Smp_346800.1	9.41e-79	262
Smp_347630.1	1.20e-110	367
SMRZ_0000025001-mRNA-1	3.05e-148	444
SMRZ_0000073901-mRNA-1	5.22e-23	102
SMRZ_0000117401-mRNA-1	1.45e-78	256
SMRZ_0000153001-mRNA-1	3.72e-40	158
SMRZ_0000161101-mRNA-1	1.41e-146	429
SMRZ_0000234201-mRNA-1	5.48e-50	172
SMRZ_0000278401-mRNA-1	3.36e-51	181
SMRZ_0000303201-mRNA-1	8.61e-63	214
SMRZ_0000310901-mRNA-1	5.76e-78	251
SMRZ_0000365101-mRNA-1	1.64e-171	490
SMRZ_0000365401-mRNA-1	3.42e-105	328
SMRZ_0000399701-mRNA-1	7.85e-21	89.4
SMRZ_0000399801-mRNA-1	2.13e-111	352
SMRZ_0000428401-mRNA-1	1.70e-151	443
SMRZ_0000429601-mRNA-1	6.50e-106	324
SMRZ_0000436801-mRNA-1	2.24e-07	55.1
SMRZ_0000470101-mRNA-1	1.14e-72	238
SMRZ_0000480001-mRNA-1	5.09e-69	229
SMRZ_0000511701-mRNA-1	2.93e-105	316
SMRZ_0000563001-mRNA-1	7.02e-198	563
SMRZ_0000642801-mRNA-1	1.09e-35	124
SMRZ_0000682301-mRNA-1	1.34e-124	373
SMRZ_0000710401-mRNA-1	5.36e-59	199
SMRZ_0000755801-mRNA-1	6.20e-12	66.2
SMRZ_0000776801-mRNA-1	4.02e-197	563
SMRZ_0000801101-mRNA-1	4.22e-53	167
SMRZ_0000818001-mRNA-1	7.39e-214	613
SMRZ_0000878401-mRNA-1	1.53e-143	436
SMRZ_0000895301-mRNA-1	3.29e-17	81.3
SMRZ_0000960301-mRNA-1	1.08e-66	218
SMRZ_0000971901-mRNA-1	8.20e-12	65.5
SMRZ_0000972101-mRNA-1	9.09e-52	162
SMRZ_0000981701-mRNA-1	1.13e-64	214
SMRZ_0001033201-mRNA-1	1.72e-11	62.8
SMRZ_0001083901-mRNA-1	1.66e-06	50.8
SMRZ_0001099201-mRNA-1	6.10e-61	189
SMRZ_0001156601-mRNA-1	2.06e-118	360
SMRZ_0001172101-mRNA-1	4.05e-53	166
SMRZ_0001205901-mRNA-1	4.28e-61	207
SMRZ_0001226201-mRNA-1	5.70e-54	189
SMRZ_0001230001-mRNA-1	4.96e-15	78.6
SMRZ_0001280501-mRNA-1	4.83e-114	346
SMRZ_0001295501-mRNA-1	1.18e-34	124
SMRZ_0001309301-mRNA-1	1.44e-66	218
SMRZ_0001322801-mRNA-1	7.40e-27	103
SMRZ_0001344001-mRNA-1	2.01e-45	146
SMRZ_0001444901-mRNA-1	6.83e-31	112
SMRZ_0001445001-mRNA-1	2.74e-62	194
SMRZ_0001555601-mRNA-1	7.61e-60	213
SMRZ_0001596201-mRNA-1	1.12e-84	280
SMRZ_0001596301-mRNA-1	4.85e-141	429
SMRZ_0001609101-mRNA-1	6.51e-66	225
SMRZ_0001619401-mRNA-1	1.70e-18	91.3
SMRZ_0001647201-mRNA-1	1.52e-193	557
SMRZ_0001690901-mRNA-1	8.71e-49	170
SMRZ_0001709001-mRNA-1	3.73e-61	199
SMRZ_0001753301-mRNA-1	2.95e-44	161
SMRZ_0001845001-mRNA-1	4.84e-130	400
SMRZ_0002038901-mRNA-1	3.18e-75	252
SMRZ_0002043301-mRNA-1	3.56e-70	237
SMRZ_0002117001-mRNA-1	5.88e-13	65.1
SMRZ_0002311001-mRNA-1	4.10e-25	92.8
SMRZ_0002319201-mRNA-1	2.39e-46	172
SMRZ_0002392101-mRNA-1	1.62e-161	483
SMRZ_0002534601-mRNA-1	7.17e-91	279
SMTD_0000000101-mRNA-1	2.66e-69	248
SMTD_0000013601-mRNA-1	1.94e-61	200
SMTD_0000026501-mRNA-1	3.58e-131	403
SMTD_0000143801-mRNA-1	3.57e-35	124
SMTD_0000341601-mRNA-1	1.91e-12	70.1
SMTD_0000392501-mRNA-1	1.19e-66	207
SMTD_0000543301-mRNA-1	1.94e-148	436
SMTD_0000567301-mRNA-1	4.93e-31	115
SMTD_0000579401-mRNA-1	8.93e-52	182
SMTD_0000613001-mRNA-1	1.41e-117	365
SMTD_0000617001-mRNA-1	8.71e-95	293
SMTD_0000635201-mRNA-1	1.20e-20	83.2
SMTD_0000660901-mRNA-1	2.08e-31	111
SMTD_0000664601-mRNA-1	8.57e-26	94.0
SMTD_0000665301-mRNA-1	6.25e-101	301
SMTD_0000685401-mRNA-1	3.76e-98	305
SMTD_0000692601-mRNA-1	2.81e-143	434
SMTD_0000721401-mRNA-1	1.80e-24	98.2
SMTD_0000721501-mRNA-1	3.47e-77	249
SMTD_0000735101-mRNA-1	6.59e-177	523
SMTD_0000756901-mRNA-1	4.76e-91	293
SMTD_0000778501-mRNA-1	1.01e-20	96.3
SMTD_0000802401-mRNA-1	1.88e-152	446
SMTD_0000824901-mRNA-1	7.58e-116	351
SMTD_0000850001-mRNA-1	6.27e-49	171
SMTD_0000893901-mRNA-1	1.77e-32	137
SMTD_0000924401-mRNA-1	6.56e-165	475
SMTD_0000927101-mRNA-1	1.90e-55	194
SMTD_0000927201-mRNA-1	1.56e-18	91.3
SMTD_0000930301-mRNA-1	1.52e-04	45.4
SMTD_0000952701-mRNA-1	2.31e-59	194
SMTD_0001012701-mRNA-1	5.12e-81	252
SMTD_0001031001-mRNA-1	3.61e-153	444
SMTD_0001056601-mRNA-1	9.16e-68	212
SMTD_0001108401-mRNA-1	3.72e-45	165
SMTD_0001147301-mRNA-1	3.83e-64	195
SMTD_0001213701-mRNA-1	2.51e-21	99.0
SMTD_0001220101-mRNA-1	2.55e-157	467
SMTD_0001280301-mRNA-1	9.91e-23	104
SMTD_0001287201-mRNA-1	7.07e-16	77.8
SMTD_0001360501-mRNA-1	8.47e-67	218
SMTD_0001424401-mRNA-1	1.94e-14	74.3
SMTD_0001442701-mRNA-1	4.86e-30	122
SMTD_0001451801-mRNA-1	9.87e-28	116
SMTD_0001453601-mRNA-1	4.35e-50	170
SMTD_0001462301-mRNA-1	2.00e-197	565
SMTD_0001470301-mRNA-1	4.04e-100	311
SMTD_0001495401-mRNA-1	7.44e-10	63.2
SMTD_0001539301-mRNA-1	4.32e-20	81.6
SMTD_0001618901-mRNA-1	6.30e-64	197
SMTD_0001626701-mRNA-1	1.57e-14	74.3
SMTD_0001631401-mRNA-1	3.44e-26	99.4
SMTD_0001716501-mRNA-1	3.25e-22	91.3
SMTD_0001741301-mRNA-1	9.89e-110	344
SMTD_0001783501-mRNA-1	2.11e-45	164
SMTD_0001795301-mRNA-1	7.01e-38	127
SMTD_0001809201-mRNA-1	1.82e-13	69.7
SMTD_0001852201-mRNA-1	1.38e-71	234
SMTD_0001860801-mRNA-1	1.95e-23	102
SMTD_0001881401-mRNA-1	2.22e-170	491
SMTD_0001892701-mRNA-1	1.76e-68	227
SMTD_0001912001-mRNA-1	5.17e-58	197
SMTD_0001919101-mRNA-1	8.01e-71	223
SMTD_0002042801-mRNA-1	3.19e-05	48.5
SMTD_0002063701-mRNA-1	1.08e-25	98.2
SMTD_0002066001-mRNA-1	2.62e-50	171
SMTD_0002126701-mRNA-1	1.46e-14	66.2
SMTD_0002132901-mRNA-1	5.58e-20	86.7
SMTD_0002141001-mRNA-1	4.09e-27	103
SMTD_0002152601-mRNA-1	3.18e-39	130
SMTD_0002196501-mRNA-1	3.96e-20	81.6
SMTD_0002244101-mRNA-1	6.24e-09	52.4
SMTD_0002250801-mRNA-1	7.99e-46	164
SROB_0000129601-mRNA-1	3.96e-08	54.3
SROB_0000129901-mRNA-1	3.34e-140	427
SROB_0000135901-mRNA-1	7.07e-20	91.3
SROB_0000150001-mRNA-1	1.74e-92	298
SROB_0000164601-mRNA-1	1.74e-40	132
SROB_0000164701-mRNA-1	7.93e-64	194
SROB_0000164801-mRNA-1	1.07e-11	63.2
SROB_0000190501-mRNA-1	2.74e-129	393
SROB_0000207101-mRNA-1	1.42e-25	104
SROB_0000267301-mRNA-1	3.80e-104	323
SROB_0000290801-mRNA-1	1.04e-97	303
SROB_0000295301-mRNA-1	9.21e-133	407
SROB_0000299301-mRNA-1	8.17e-51	170
SROB_0000299601-mRNA-1	6.38e-158	470
SROB_0000324201-mRNA-1	2.94e-25	97.8
SROB_0000338801-mRNA-1	2.56e-114	347
SROB_0000339901-mRNA-1	8.04e-13	72.8
SROB_0000398201-mRNA-1	5.75e-21	96.7
SROB_0000398301-mRNA-1	5.59e-74	233
SROB_0000398401-mRNA-1	3.25e-112	345
SROB_0000412601-mRNA-1	1.11e-141	417
SROB_0000431101-mRNA-1	8.16e-59	194
SROB_0000464001-mRNA-1	2.75e-63	202
SROB_0000475501-mRNA-1	5.65e-166	476
SROB_0000479401-mRNA-1	7.00e-48	156
SROB_0000531601-mRNA-1	2.28e-116	356
SROB_0000558601-mRNA-1	1.35e-62	194
SROB_0000643001-mRNA-1	9.99e-34	131
SROB_0000754901-mRNA-1	1.85e-86	265
SROB_0000793401-mRNA-1	2.46e-46	168
SROB_0000804701-mRNA-1	2.25e-27	102
SROB_0000862401-mRNA-1	3.47e-111	350
SROB_0000876901-mRNA-1	1.05e-25	103
SROB_0000879301-mRNA-1	4.21e-143	434
SROB_0000933301-mRNA-1	1.17e-202	577
SROB_0001021401-mRNA-1	1.27e-32	125
SROB_0001074101-mRNA-1	2.84e-42	164
SROB_0001075401-mRNA-1	8.61e-25	99.0
SROB_0001192901-mRNA-1	4.54e-33	124
SROB_0001198801-mRNA-1	1.92e-200	570
SROB_0001219001-mRNA-1	1.01e-68	225
SROB_0001268001-mRNA-1	4.59e-06	48.9
SROB_0001318301-mRNA-1	1.23e-30	115
SROB_0001329601-mRNA-1	2.72e-41	157
SROB_0001412901-mRNA-1	3.63e-19	91.3
SROB_0001442101-mRNA-1	4.89e-44	160
SROB_0001563001-mRNA-1	1.60e-152	457
SROB_0001568101-mRNA-1	5.69e-25	99.0
SROB_0001609501-mRNA-1	6.99e-50	171
SROB_0001619801-mRNA-1	2.32e-68	227
SROB_0001651301-mRNA-1	2.44e-35	140
SROB_0001673601-mRNA-1	1.21e-76	248
SROB_0001678201-mRNA-1	7.01e-18	77.8
SROB_0001693301-mRNA-1	5.54e-40	143
SROB_0001712101-mRNA-1	1.97e-37	130
SROB_0001878301-mRNA-1	3.61e-65	225
SROB_0001933801-mRNA-1	5.71e-22	96.7
SROB_0001938101-mRNA-1	1.15e-04	40.0
SROB_0001946801-mRNA-1	4.76e-06	46.2
SROB_0001967201-mRNA-1	1.28e-16	77.0
SROB_0001967801-mRNA-1	3.23e-41	149
SROB_0002045101-mRNA-1	9.35e-44	157
SROB_0002081001-mRNA-1	3.04e-35	130
SROB_0002100601-mRNA-1	6.03e-57	197
SROB_0002118801-mRNA-1	2.65e-35	130
SROB_0002169401-mRNA-1	1.29e-55	187
SROB_0002238801-mRNA-1	3.05e-41	140
SROB_0002314101-mRNA-1	8.23e-19	92.4
SMEST000150001	0.0	1275
SMEST000209001	1.58e-59	179
SMEST000214001	4.32e-285	775
SMEST000638001	0.0	1155
SMEST000681001	1.41e-311	843
SMEST002556001	3.46e-138	386
SMEST002742001	2.78e-260	707
SMEST002761001	4.14e-140	392
SMEST002905001	0.0	1051
SMEST004049001	0.0	1103
SMEST004485001	1.87e-171	474
SMEST005358002	0.0	1028
SMEST006108001	9.44e-140	390
SMEST006412001	0.0	964
SMEST006949001	0.0	1637
SMEST008099002	0.0	1001
SMEST008589002	0.0	1167
SMEST008719001	0.0	2093
SMEST008993001	0.0	952
SMEST009914001	0.0	1321
SMEST010795001	0.0	1004
SMEST011523001	0.0	1034
SMEST011525001	0.0	1075
SMEST011827001	0.0	1073
SMEST012532004	0.0	1180
SMEST013072001	0.0	1093
SMEST013147002	0.0	1369
SMEST014741002	0.0	1172
SMEST015256002	0.0	1067
SMEST015383001	0.0	988
SMEST016391001	0.0	977
SMEST016405001	4.76e-295	801
SMEST016707001	0.0	1307
SMEST016710001	0.0	1145
SMEST016913001	0.0	1188
SMEST017657001	0.0	979
SMEST017668001	0.0	1045
SMEST017678001	0.0	1066
SMEST018336002	0.0	874
SMEST018611012	0.0	3315
SMEST018611013	0.0	3213
SMEST019202001	0.0	1076
SMEST019203001	4.73e-310	840
SMEST020579002	3.04e-161	446
SMEST020604001	0.0	1070
SMEST020658005	0.0	1085
SMEST020665001	0.0	950
SMEST020676001	2.79e-180	496
SMEST020677001	6.94e-147	409
SMEST021568001	0.0	1134
SMEST021654001	0.0	1110
SMEST021796001	5.13e-312	845
SMEST022851001	0.0	1884
SMEST022994001	0.0	1228
SMEST022995001	0.0	1097
SMEST022997001	0.0	1075
SMEST022999001	0.0	1104
SMEST023242002	0.0	1068
SMEST023360001	0.0	1052
SMEST023742004	0.0	1157
SMEST023742006	0.0	1218
SMEST024217002	7.94e-314	851
SMEST024270001	0.0	1175
SMEST026005001	0.0	1055
SMEST027550001	0.0	922
SMEST027888003	0.0	1284
SMEST028094001	0.0	1194
SMEST028455001	0.0	1175
SMEST028687001	0.0	1224
SMEST028996002	1.30e-289	786
SMEST029017001	0.0	925
SMEST029022001	0.0	1295
SMEST029213001	0.0	1169
SMEST031120001	5.38e-232	634
SMEST031120002	6.14e-286	777
SMEST031561004	0.0	957
SMEST032616001	0.0	1024
SMEST032691001	0.0	888
SMEST034894001	0.0	1112
SMEST034930001	0.0	2275
SMEST035185001	0.0	1033
SMEST037019002	0.0	1763
SMEST037124001	0.0	912
SMEST037525001	0.0	1174
SMEST037592001	9.44e-311	840
SMEST039581001	0.0	1335
SMEST039749001	0.0	877
SMEST040082001	0.0	1385
SMEST040424001	0.0	1527
SMEST041696001	1.67e-257	701
SMEST041729001	8.01e-301	816
SMEST041740001	3.96e-260	709
SMEST041796001	3.91e-294	799
SMEST041818001	9.68e-259	705
SMEST041829001	8.67e-263	715
SMEST041885001	0.0	881
SMEST041886001	0.0	871
SMEST041912001	2.79e-262	714
SMEST041914002	7.22e-269	732
SMEST042830001	0.0	1076
SMEST043119001	0.0	1320
SMEST043379001	0.0	1659
SMEST043840001	0.0	919
SMEST044174001	0.0	1250
SMEST044381001	0.0	1235
SMEST045054001	0.0	1348
SMEST045131001	0.0	1190
SMEST045280001	0.0	896
SMEST046729001	4.65e-283	769
SMEST046751001	8.95e-318	859
SMEST046895001	1.01e-302	820
SMEST047329001	0.0	1553
SMEST047372002	2.97e-166	461
SMEST047472002	3.28e-156	433
SMEST047581001	0.0	1325
SMEST048391002	0.0	952
SMEST048395001	6.53e-318	860
SMEST049231001	0.0	1618
SMEST049467001	0.0	1823
SMEST052669002	0.0	940
SMEST053382001	0.0	1111
SMEST053390001	0.0	1108
SMEST053391001	0.0	1045
SMEST053446003	0.0	1287
SMEST053471001	0.0	989
SMEST053477002	1.16e-220	604
SMEST055022002	0.0	1448
SMEST056126002	0.0	1287
SMEST056721001	0.0	1018
SMEST060702001	0.0	1189
SMEST061291002	0.0	917
SMEST061291010	0.0	961
SMEST061503001	0.0	1080
SMEST061905001	0.0	921
SMEST061997002	0.0	1483
SMEST062815001	0.0	1302
SMEST064187001	0.0	1217
SMEST064433001	9.66e-258	702
SMEST064435001	6.30e-259	705
SMEST064442001	9.26e-256	697
SMEST064521001	0.0	1132
SMEST064655002	4.64e-196	538
SMEST064656003	1.00e-180	499
SMEST064696001	0.0	1250
SMEST065489002	0.0	1230
SMEST065907001	0.0	1508
SMEST066647002	0.0	1149
SMEST066647004	0.0	924
SMEST068441001	0.0	1213
SMEST068777001	0.0	1110
SMEST069032001	1.61e-163	453
SMEST069054001	0.0	1068
SMEST069074001	0.0	1056
SMEST069521001	4.34e-102	291
SMEST069526001	2.48e-109	310
SMEST069533002	0.0	1134
SMEST069544001	1.18e-147	411
SMEST069546001	0.0	1041
SMEST069611001	0.0	1226
SMEST069788001	1.60e-189	522
SMEST069967002	0.0	1093
SMEST071005001	0.0	1068
SMEST071641001	0.0	1134
SMEST071734001	0.0	2124
SMEST072389001	0.0	1228
SMEST072895001	0.0	1166
SMEST073148001	0.0	1090
SMEST073173009	0.0	1373
SMEST073179001	5.40e-181	499
SMEST073183001	5.10e-292	792
SMEST073189006	0.0	1330
SMEST073204003	7.10e-181	498
SMEST073231003	0.0	894
SMEST073267001	0.0	1055
SMEST073518001	0.0	1147
SMEST074769001	0.0	1026
SMEST075970001	3.19e-309	838
SMEST077022001	5.15e-176	486
SMEST077022002	0.0	1025
SMEST077071002	1.12e-295	802
SMEST077704001	0.0	868
SMEST078360001	0.0	1268
SMEST079502001	0.0	1069
SMEST079503001	0.0	1075
SMEST080316006	1.91e-268	731
SMEST080345004	2.29e-183	505
SMEST080356001	1.41e-132	372
SMEST080367001	0.0	1529
SMEST080411004	0.0	946
SMEST080891001	3.99e-155	430
SMEST080891003	5.03e-155	430
SMEST080892001	1.05e-204	562
SMEST081650001	0.0	1212
SMEST081715001	0.0	1217
SMEST081862001	0.0	1379
TRINITY_DN7744_c0_g2_i2__g.23912	2.10e-156	476
TRINITY_DN13592_c0_g1_i1__g.60716	2.28e-118	367
TRINITY_DN5425_c0_g1_i1__g.40156	6.66e-118	369
TRINITY_DN4145_c0_g2_i1__g.10088	1.57e-113	357
TRINITY_DN8890_c0_g1_i2__g.36236	5.07e-95	301
TRINITY_DN14071_c0_g1_i1__g.60845	7.04e-37	148
TRINITY_DN716_c0_g1_i1__g.58183	2.69e-96	306
TRINITY_DN5909_c0_g1_i1__g.64859	1.02e-10	68.2
TRINITY_DN22682_c0_g1_i1__g.67797	1.62e-32	132
TRINITY_DN19966_c0_g1_i1__g.61958	5.00e-109	339
TRINITY_DN8792_c0_g1_i1__g.33803	6.11e-147	431
TRINITY_DN3325_c0_g1_i1__g.27981	3.51e-142	419
TRINITY_DN33888_c0_g1_i1__g.64743	3.90e-107	328
TRINITY_DN8938_c0_g4_i1__g.61008	3.08e-12	72.4
TRINITY_DN3243_c0_g1_i4__g.66303	1.08e-150	439
TRINITY_DN37218_c0_g1_i1__g.36314	2.36e-118	357
TRINITY_DN2960_c0_g1_i2__g.35977	2.93e-128	392
TRINITY_DN298_c0_g1_i1__g.23052	2.41e-11	68.2
TRINITY_DN3260_c0_g1_i1__g.66213	8.79e-119	354
TRINITY_DN1941_c0_g1_i3__g.19028	1.90e-96	301
TRINITY_DN126_c2_g1_i2__g.46942	6.59e-68	224
TRINITY_DN3723_c0_g1_i3__g.49168	1.16e-79	259
TRINITY_DN1837_c1_g1_i1__g.5196	2.48e-115	345
TRINITY_DN6760_c0_g1_i1__g.49574	6.57e-112	342
TRINITY_DN6232_c1_g2_i4__g.24725	1.76e-19	93.6
TRINITY_DN507_c0_g1_i2__g.63278	3.23e-77	249
TRINITY_DN5582_c1_g3_i5__g.69730	1.26e-45	157
TRINITY_DN8232_c0_g1_i2__g.56161	8.58e-115	341
TRINITY_DN4692_c0_g1_i2__g.70196	1.53e-66	221
TRINITY_DN8865_c0_g1_i1__g.36253	5.03e-65	207
TRINITY_DN6550_c0_g1_i1__g.55273	1.44e-20	95.9
TRINITY_DN3248_c1_g1_i2__g.66350	4.04e-111	332
TRINITY_DN4445_c0_g1_i1__g.12099	9.50e-11	66.2
TRINITY_DN3001_c1_g1_i1__g.67382	3.78e-31	124
TRINITY_DN5865_c0_g2_i1__g.60030	6.92e-52	187
TRINITY_DN2822_c0_g2_i8__g.54467	1.20e-84	268
TRINITY_DN13615_c0_g1_i1__g.43723	1.24e-52	179
TRINITY_DN5079_c0_g3_i1__g.56417	2.14e-62	211
TRINITY_DN3699_c1_g1_i1__g.53314	3.98e-26	109
TRINITY_DN8117_c0_g1_i1__g.66884	4.92e-66	221
TRINITY_DN1902_c0_g3_i3__g.19165	4.96e-27	104
TRINITY_DN1311_c0_g1_i1__g.7625	1.75e-60	200
TRINITY_DN8539_c0_g1_i1__g.69445	8.38e-77	243
TRINITY_DN303_c0_g2_i3__g.3180	1.93e-62	205
TRINITY_DN1911_c0_g2_i1__g.19186	7.95e-72	229
TRINITY_DN24093_c0_g1_i1__g.38691	1.08e-68	221
TRINITY_DN63_c0_g2_i1__g.14919	5.21e-66	214
TRINITY_DN22685_c0_g5_i1__g.67755	1.16e-77	244
TRINITY_DN18821_c0_g1_i2__g.55333	3.33e-32	127
TRINITY_DN49_c0_g3_i1__g.16714	2.78e-34	132
TRINITY_DN5676_c0_g1_i1__g.24440	2.23e-27	112
TRINITY_DN8855_c1_g1_i2__g.36190	7.53e-62	203
TRINITY_DN3902_c0_g2_i1__g.57064	3.77e-61	207
TRINITY_DN7939_c0_g1_i2__g.59595	4.25e-25	100
TRINITY_DN2792_c1_g2_i2__g.39260	6.39e-70	221
TRINITY_DN5079_c0_g1_i15__g.56416	8.59e-05	46.6
TRINITY_DN10154_c0_g1_i1__g.14041	1.11e-57	196
TRINITY_DN5894_c1_g1_i1__g.59934	2.98e-06	50.8
TRINITY_DN12228_c0_g1_i1__g.68744	1.97e-62	203
TRINITY_DN26577_c0_g1_i1__g.26673	5.34e-54	183
TRINITY_DN11631_c0_g3_i1__g.62207	8.84e-57	190
TRINITY_DN8117_c0_g2_i1__g.66885	6.31e-38	141
TRINITY_DN24524_c0_g1_i1__g.14079	1.38e-28	108
TRINITY_DN2802_c0_g1_i1__g.53889	8.88e-35	132
TRINITY_DN2337_c0_g3_i1__g.75067	1.53e-14	70.5
TRINITY_DN362_c0_g4_i1__g.3418	3.30e-06	48.5
TRINITY_DN1265_c2_g1_i3__g.35425	3.17e-12	63.2
TRINITY_DN16889_c0_g2_i3__g.26277	7.36e-69	215
TRINITY_DN14288_c0_g2_i1__g.35492	3.95e-36	130
TRINITY_DN3116_c0_g3_i1__g.27220	1.01e-24	102
TRINITY_DN25291_c0_g1_i1__g.72598	5.70e-14	71.6
TRINITY_DN7998_c0_g1_i1__g.59641	9.22e-29	114
TRINITY_DN16498_c0_g1_i1__g.48816	1.13e-30	110
TRINITY_DN472_c0_g1_i1__g.31413	1.45e-22	95.5
TRINITY_DN23543_c0_g1_i1__g.48668	3.95e-12	65.5
TRINITY_DN8539_c0_g2_i1__g.69447	1.05e-15	75.9
TRINITY_DN22685_c0_g4_i1__g.67753	2.98e-11	62.8
TRINITY_DN14288_c0_g3_i1__g.35493	1.58e-47	160
TRINITY_DN18821_c0_g2_i1__g.55338	3.09e-29	107
TRINITY_DN37418_c0_g1_i1__g.62372	7.32e-50	157
TRINITY_DN3623_c0_g1_i1__g.53133	2.29e-24	94.0
TRINITY_DN32000_c0_g1_i1__g.37097	5.93e-05	42.4
TRINITY_DN665_c0_g1_i1__g.72320	2.11e-14	67.8
TRINITY_DN1426_c0_g1_i6__g.50543	4.87e-08	52.8
TRINITY_DN1733_c0_g2_i2__g.73152	8.62e-22	92.0
TRINITY_DN28700_c0_g1_i1__g.24501	1.31e-41	137
TRINITY_DN14288_c0_g4_i1__g.35491	1.19e-22	94.0
TRINITY_DN4692_c0_g2_i10__g.70200	2.32e-04	40.8
TRINITY_DN8415_c0_g3_i2__g.74673	1.19e-15	73.2
SPER_0000017901-mRNA-1	3.57e-159	463
SPER_0000110401-mRNA-1	8.20e-60	193
SPER_0000175401-mRNA-1	3.12e-33	113
SPER_0000177501-mRNA-1	3.91e-17	79.3
SPER_0000405701-mRNA-1	5.39e-46	151
SPER_0000457701-mRNA-1	7.83e-44	147
SPER_0000521501-mRNA-1	2.69e-46	161
SPER_0000553701-mRNA-1	3.33e-73	226
SPER_0000578501-mRNA-1	3.06e-87	272
SPER_0000665801-mRNA-1	1.33e-134	396
SPER_0000753401-mRNA-1	4.35e-48	162
SPER_0000895501-mRNA-1	8.77e-103	306
SPER_0000896401-mRNA-1	1.07e-152	438
SPER_0001011701-mRNA-1	1.20e-113	338
SPER_0001047701-mRNA-1	5.65e-74	245
SPER_0001056501-mRNA-1	1.11e-31	123
SPER_0001098301-mRNA-1	1.47e-43	157
SPER_0001101401-mRNA-1	1.38e-31	114
SPER_0001131001-mRNA-1	1.86e-09	59.7
SPER_0001214701-mRNA-1	6.63e-13	72.8
SPER_0001220401-mRNA-1	1.52e-30	113
SPER_0001250501-mRNA-1	2.06e-87	276
SPER_0001266801-mRNA-1	1.06e-09	59.3
SPER_0001271601-mRNA-1	8.94e-141	424
SPER_0001303501-mRNA-1	4.27e-04	39.7
SPER_0001303601-mRNA-1	5.06e-13	64.3
SPER_0001381501-mRNA-1	2.09e-68	228
SPER_0001393001-mRNA-1	3.16e-38	147
SPER_0001566201-mRNA-1	1.75e-22	95.5
SPER_0001662401-mRNA-1	1.66e-37	132
SPER_0001679301-mRNA-1	1.75e-14	75.1
SPER_0001804101-mRNA-1	9.42e-13	63.9
SPER_0001937201-mRNA-1	2.57e-19	93.2
SPER_0001957501-mRNA-1	2.64e-87	280
SPER_0001961401-mRNA-1	9.53e-18	79.7
SPER_0001979501-mRNA-1	1.61e-31	114
SPER_0002078901-mRNA-1	1.18e-34	118
SPER_0002217301-mRNA-1	8.56e-116	354
SPER_0002270801-mRNA-1	1.03e-11	61.6
SPER_0002321001-mRNA-1	1.19e-13	69.7
SPER_0002357801-mRNA-1	1.77e-06	51.6
SPER_0002358801-mRNA-1	1.29e-11	61.2
SPER_0002358901-mRNA-1	3.71e-50	170
SPER_0002425001-mRNA-1	1.04e-15	69.3
SPER_0002488401-mRNA-1	2.74e-07	51.2
SPER_0002491001-mRNA-1	6.13e-23	98.2
SPER_0002523001-mRNA-1	2.48e-28	103
SPER_0002630601-mRNA-1	1.52e-37	128
SPER_0002657201-mRNA-1	4.81e-14	68.2
SPER_0002863701-mRNA-1	6.35e-74	223
SPER_0002951201-mRNA-1	4.54e-12	65.5
SPER_0003012201-mRNA-1	5.04e-16	74.3
SPER_0003019001-mRNA-1	4.80e-120	365
SPER_0003031501-mRNA-1	3.33e-82	265
SPER_0003100201-mRNA-1	3.31e-61	191
SPER_0003109101-mRNA-1	1.10e-56	180
SPER_0003111801-mRNA-1	8.25e-72	224
SPER_0003163001-mRNA-1	1.09e-43	147
SPER_0003226301-mRNA-1	5.13e-14	70.1
SPER_0003294401-mRNA-1	3.61e-64	206
SPER_0003294701-mRNA-1	3.47e-34	129
SPER_0003345701-mRNA-1	3.25e-18	82.8
SPER_0003348701-mRNA-1	5.56e-20	87.4
SPER_0003420001-mRNA-1	2.63e-11	66.6
SPER_0003453001-mRNA-1	2.33e-90	276
SPER_0003470201-mRNA-1	2.46e-80	251
SPER_0003481201-mRNA-1	1.10e-140	424
SPER_0003499201-mRNA-1	5.17e-82	266
SPER_0003503701-mRNA-1	1.16e-36	126
SPER_0003505101-mRNA-1	9.90e-57	189
SPER_0003667301-mRNA-1	1.59e-41	137
SPER_0003695301-mRNA-1	3.12e-62	199
SPER_0003707201-mRNA-1	1.11e-43	147
SPER_0003804001-mRNA-1	2.53e-39	131
SPER_0003813301-mRNA-1	1.33e-69	221
SPER_0003962601-mRNA-1	2.39e-60	209
TASK_0000010201-mRNA-1	7.54e-55	193
TASK_0000019301-mRNA-1	4.26e-82	271
TASK_0000030801-mRNA-1	9.37e-152	460
TASK_0000032601-mRNA-1	1.23e-43	175
TASK_0000043501-mRNA-1	1.90e-71	236
TASK_0000049901-mRNA-1	1.41e-105	333
TASK_0000079501-mRNA-1	8.01e-45	175
TASK_0000153601-mRNA-1	1.70e-104	326
TASK_0000161301-mRNA-1	4.48e-35	142
TASK_0000184501-mRNA-1	2.53e-144	429
TASK_0000274301-mRNA-1	1.07e-17	84.3
TASK_0000278401-mRNA-1	5.02e-44	157
TASK_0000298801-mRNA-1	5.14e-08	52.0
TASK_0000327701-mRNA-1	2.84e-16	86.7
TASK_0000353501-mRNA-1	2.24e-156	462
TASK_0000392601-mRNA-1	3.21e-36	149
TASK_0000425301-mRNA-1	1.89e-128	402
TASK_0000442501-mRNA-1	3.20e-148	452
TASK_0000460301-mRNA-1	1.61e-113	355
TASK_0000468201-mRNA-1	2.59e-103	320
TASK_0000510901-mRNA-1	1.03e-200	578
TASK_0000514001-mRNA-1	1.34e-21	103
TASK_0000517901-mRNA-1	3.68e-197	555
TASK_0000519101-mRNA-1	3.97e-11	67.0
TASK_0000548501-mRNA-1	1.54e-174	511
TASK_0000555701-mRNA-1	4.72e-181	515
TASK_0000588601-mRNA-1	4.29e-158	460
TASK_0000674001-mRNA-1	5.85e-110	331
TASK_0000689201-mRNA-1	2.54e-135	411
TASK_0000702201-mRNA-1	2.66e-155	453
TASK_0000767501-mRNA-1	4.31e-163	480
TASK_0000833401-mRNA-1	2.32e-127	392
TASK_0000833801-mRNA-1	9.98e-86	270
TASK_0000867301-mRNA-1	1.72e-88	296
TASK_0000901501-mRNA-1	7.68e-19	94.4
TASK_0000912801-mRNA-1	1.12e-10	57.4
TASK_0000912901-mRNA-1	4.44e-52	175
TASK_0000952501-mRNA-1	1.14e-80	259
TASK_0000963801-mRNA-1	1.43e-131	400
TASK_0000971201-mRNA-1	6.59e-144	455
TASK_0000998501-mRNA-1	8.91e-12	65.1
Tm1G000027	1.42e-93	309
Tm1G000490	2.17e-82	271
Tm1G000965	5.41e-55	194
Tm1G001098	7.53e-158	460
Tm1G001099	7.61e-132	393
Tm1G001864	5.16e-161	486
Tm1G001939	2.90e-32	137
Tm1G001992	1.39e-51	196
Tm1G002627	1.54e-174	511
Tm1G003288	9.65e-156	465
Tm1G003415	1.16e-41	169
Tm1G003633	1.78e-156	466
Tm1G003652	1.34e-21	103
Tm1G004222	5.07e-132	402
Tm1G004840	5.30e-18	81.6
Tm1G005057	5.09e-122	371
Tm1G005148	7.87e-07	50.8
Tm1G005175	1.28e-120	397
Tm1G005184	3.82e-95	322
Tm1G005463	2.63e-36	151
Tm1G005475	6.29e-110	331
Tm1G005520	2.14e-138	405
Tm1G005522	2.25e-149	437
Tm1G005589	4.92e-154	469
Tm3G008172	1.43e-38	154
Tm3G008174	2.57e-155	453
Tm3G008220	4.54e-34	135
Tm3G008625	2.36e-214	609
Tm3G009041	4.02e-30	129
Tm3G009129	4.54e-140	420
Tm4G010013	1.03e-31	131
Tm4G010019	1.31e-33	135
Tm4G010040	1.18e-49	179
Tm4G010043	5.91e-54	199
Tm4G010050	1.08e-61	224
Tm4G010055	2.06e-06	51.6
Tm4G010060	3.66e-12	72.0
Tm4G010063	1.12e-42	160
Tm4G010075	1.07e-21	97.8
Tm4G010085	2.87e-81	288
Tm4G010095	6.17e-61	230
Tm4G010098	1.25e-48	187
Tm4G010520	1.42e-09	63.2
Tm5G011653	2.10e-158	460
Tm7G012925	2.40e-118	364
TSAs00001g00204m00001	1.43e-131	400
TSAs00002g00691m00001	1.87e-106	351
TSAs00002g00763m00001	3.12e-176	508
TSAs00005g01535m00001	8.54e-152	461
TSAs00005g01536m00001	8.02e-76	240
TSAs00007g01831m00001	5.41e-55	194
TSAs00008g02011m00001	5.25e-49	188
TSAs00008g02077m00001	6.77e-53	200
TSAs00008g02169m00001	2.59e-197	556
TSAs00014g03023m00001	5.49e-161	486
TSAs00019g03604m00001	2.11e-13	76.6
TSAs00019g03658m00001	1.54e-174	511
TSAs00027g04479m00001	4.07e-133	415
TSAs00033g05079m00001	1.35e-81	270
TSAs00034g05133m00001	2.00e-134	409
TSAs00037g05426m00001	2.10e-158	460
TSAs00039g05553m00001	2.92e-128	390
TSAs00042g05823m00001	3.66e-154	469
TSAs00044g05967m00001	1.16e-40	166
TSAs00045g06028m00001	2.84e-204	586
TSAs00047g06184m00001	5.21e-154	450
TSAs00047g06188m00001	1.50e-127	390
TSAs00062g07162m00001	1.76e-21	103
TSAs00065g07290m00001	3.37e-119	356
TSAs00065g07304m00001	2.49e-35	148
TSAs00069g07556m00001	2.10e-72	233
TSAs00072g07682m00001	2.49e-120	367
TSAs00074g07731m00001	4.31e-163	480
TSAs00075g07783m00001	4.82e-158	471
TSAs00093g08385m00001	7.29e-94	310
TSAs00101g08586m00001	2.85e-155	453
TSAs00101g08590m00001	1.42e-112	372
TSAs00101g08591m00001	1.17e-71	249
TSAs00113g08823m00001	2.00e-104	362
TSAs00128g09110m00001	1.33e-05	44.7
TSAs00180g09711m00001	1.90e-71	236
TSAs00210g09959m00001	8.86e-61	221
TSAs00222g10058m00001	1.16e-48	186
TSAs00355g10875m00001	3.22e-43	173
TSAs00378g10982m00001	4.94e-26	103
TSAs00407g11095m00001	1.70e-44	164
TSAs00758g12127m00001	2.23e-34	132
TSAs00810g12232m00001	5.71e-64	233
TSAs01229g12672m00001	1.17e-22	97.4
TsM_000071300	5.82e-21	101
TsM_000836600	6.69e-158	458
TsM_000900200	5.14e-34	139
TsM_000021800	4.92e-55	192
TsM_000107700	1.61e-136	414
TsM_000975200	7.68e-125	382
TsM_000841200	1.76e-67	211
TsM_000926600	7.53e-158	460
TsM_000990300	3.74e-94	310
TsM_000974900	6.95e-73	237
TsM_000386700	1.60e-38	145
TsM_000045600	3.06e-31	132
TsM_001236100	1.36e-43	155
TsM_000440800	1.02e-135	408
TsM_000177200	6.50e-10	61.6
TsM_000577800	9.07e-198	557
TsM_001229200	2.54e-09	55.5
TsM_000063500	1.04e-154	459
TsM_000073700	4.46e-82	271
TsM_000892300	3.38e-121	370
TsM_000012300	5.45e-136	411
TsM_000124300	3.97e-54	191
TsM_000043700	4.71e-33	133
TsM_001041400	1.78e-147	451
TsM_000940900	1.10e-39	161
TsM_000193600	9.61e-118	358
TsM_000714100	2.40e-173	501
TsM_000084400	9.75e-18	89.4
TsM_000887800	1.38e-161	476
TsM_000436900	6.98e-154	461
TsM_000927400	3.31e-140	425
TsM_000473000	1.18e-155	458
TsM_000940800	2.65e-45	178
TsM_000088700	2.73e-201	579
TsM_000776500	1.01e-56	181
TsM_000776300	7.35e-47	160
TsM_000473200	1.13e-24	99.4
TsM_000273200	1.95e-146	434
TsM_000842800	7.62e-18	75.9
TsM_000144500	2.57e-41	156
TsM_001009100	1.24e-45	171
TsM_001187100	1.35e-71	237
TsM_000463300	3.00e-17	84.0
TsM_000442200	1.78e-148	432
TsM_000365700	4.35e-17	76.3
TsM_000870800	1.54e-144	457
TsM_000845500	1.05e-108	330
TsM_000926700	2.03e-131	393
TsM_000842900	2.33e-77	244
TsM_001156900	1.52e-104	325
TsM_000341800	3.01e-09	57.0
TsM_000739100	7.98e-23	99.8
TRE_0000090401-mRNA-1	6.90e-39	138
TRE_0000111601-mRNA-1	2.31e-16	74.7
TRE_0000139301-mRNA-1	1.19e-50	172
TRE_0000140201-mRNA-1	1.07e-76	252
TRE_0000142601-mRNA-1	5.75e-53	175
TRE_0000142701-mRNA-1	7.80e-62	191
TRE_0000179201-mRNA-1	1.47e-33	117
TRE_0000182201-mRNA-1	1.40e-46	170
TRE_0000182301-mRNA-1	4.16e-40	153
TRE_0000200301-mRNA-1	1.86e-62	211
TRE_0000212001-mRNA-1	1.80e-104	333
TRE_0000219801-mRNA-1	1.78e-115	356
TRE_0000220001-mRNA-1	5.49e-75	250
TRE_0000238901-mRNA-1	6.76e-85	280
TRE_0000243001-mRNA-1	2.67e-28	115
TRE_0000253501-mRNA-1	7.66e-20	95.9
TRE_0000295201-mRNA-1	6.73e-13	72.0
TRE_0000297801-mRNA-1	4.31e-52	187
TRE_0000339101-mRNA-1	6.10e-190	541
TRE_0000346101-mRNA-1	6.53e-15	68.9
TRE_0000417301-mRNA-1	1.42e-25	105
TRE_0000422201-mRNA-1	4.01e-35	132
TRE_0000472301-mRNA-1	4.21e-50	168
TRE_0000479301-mRNA-1	1.44e-149	447
TRE_0000520601-mRNA-1	3.01e-37	136
TRE_0000545801-mRNA-1	5.45e-68	220
TRE_0000559101-mRNA-1	7.83e-15	77.0
TRE_0000571701-mRNA-1	6.04e-67	231
TRE_0000571901-mRNA-1	1.48e-16	71.2
TRE_0000609201-mRNA-1	1.13e-101	325
TRE_0000617401-mRNA-1	8.31e-172	496
TRE_0000626901-mRNA-1	6.26e-52	184
TRE_0000638701-mRNA-1	4.05e-144	436
TRE_0000652301-mRNA-1	1.28e-42	158
TRE_0000653701-mRNA-1	4.59e-56	186
TRE_0000658101-mRNA-1	3.60e-54	174
TRE_0000658901-mRNA-1	6.50e-117	351
TRE_0000675701-mRNA-1	1.83e-59	198
TRE_0000759201-mRNA-1	7.59e-31	108
TRE_0000776301-mRNA-1	1.34e-16	79.0
TRE_0000790101-mRNA-1	1.84e-27	110
TRE_0000795501-mRNA-1	1.16e-45	161
TRE_0000939101-mRNA-1	1.27e-24	95.1
TRE_0000998601-mRNA-1	4.36e-46	163
TRE_0001015201-mRNA-1	1.16e-67	221
TRE_0001068001-mRNA-1	3.99e-137	399
TRE_0001098801-mRNA-1	1.42e-09	59.7
TRE_0001112801-mRNA-1	3.45e-05	42.4
TRE_0001124001-mRNA-1	9.47e-30	117
TRE_0001128701-mRNA-1	8.02e-11	61.2
TRE_0001153401-mRNA-1	3.78e-20	94.4
TRE_0001160901-mRNA-1	2.90e-32	128
TRE_0001161001-mRNA-1	1.25e-28	111
TRE_0001199001-mRNA-1	3.65e-18	86.7
TRE_0001211501-mRNA-1	2.25e-06	51.2
TRE_0001270301-mRNA-1	4.79e-47	170
TRE_0001375701-mRNA-1	3.02e-26	100
TRE_0001437201-mRNA-1	4.36e-15	79.0
TRE_0001473501-mRNA-1	2.22e-65	214
TRE_0001491201-mRNA-1	1.05e-153	449
TRE_0001556301-mRNA-1	1.34e-122	382
TRE_0001572701-mRNA-1	2.87e-32	130
TRE_0001627601-mRNA-1	1.64e-11	62.4
TRE_0001631101-mRNA-1	9.22e-35	129
TRE_0001659501-mRNA-1	2.07e-59	194
TRE_0001731501-mRNA-1	4.51e-45	156
TRE_0001762501-mRNA-1	5.53e-143	434
TRE_0001801601-mRNA-1	5.72e-09	53.1
TRE_0001806101-mRNA-1	4.48e-36	127
TRE_0001919201-mRNA-1	9.59e-17	74.3
TRE_0001938901-mRNA-1	1.48e-170	496
TRE_0002044501-mRNA-1	1.67e-30	105
TRE_0002076201-mRNA-1	1.05e-13	68.6
TRE_0002186001-mRNA-1	1.84e-37	125
TRE_0002196801-mRNA-1	1.49e-54	186
